,2024年河北省普通高校招生本科批平行志愿投档情况统计历史,院校名称,专业代号,专业名称,投档最低分,同分考生排序项一,二,三,四,五,六,志愿号
1,0005,安徽财经大学(蚌埠市)[公办],01,经济学类,590,214,123,113,85,93,85,12
2,0005,安徽财经大学(蚌埠市)[公办],02,财政学类,595,212,119,112,87,97,87,40
3,0005,安徽财经大学(蚌埠市)[公办],03,金融学,596,218,127,134,75,90,79,25
4,0005,安徽财经大学(蚌埠市)[公办],04,经济与贸易类,575,186,109,120,92,90,87,4
5,0005,安徽财经大学(蚌埠市)[公办],05,法学,600,221,111,117,81,91,90,28
6,0005,安徽财经大学(蚌埠市)[公办],06,日语,543,199,115,100,85,80,79,21
7,0005,安徽财经大学(蚌埠市)[公办],07,商务英语,575,184,109,134,84,92,81,10
8,0005,安徽财经大学(蚌埠市)[公办],08,新闻传播学类,578,190,111,135,83,94,76,26
9,0005,安徽财经大学(蚌埠市)[公办],09,工商管理类,585,194,118,122,89,90,90,31
10,0005,安徽财经大学(蚌埠市)[公办],10,会计学,603,218,124,130,79,89,87,36
11,0005,安徽财经大学(蚌埠市)[公办],11,国际商务,574,201,103,125,79,90,79,13
12,0005,安徽财经大学(蚌埠市)[公办],12,审计学,598,210,123,121,84,93,90,13
13,0005,安徽财经大学(蚌埠市)[公办],13,资产评估,585,204,121,135,87,86,73,30
14,0005,安徽财经大学(蚌埠市)[公办],14,公共管理类,566,190,123,117,85,87,87,1
15,0005,安徽财经大学(蚌埠市)[公办],15,电子商务,559,210,127,91,79,90,89,20
16,0008,安徽大学[公办],01,经济学,611,215,116,133,85,91,87,21
17,0008,安徽大学[公办],02,金融学,610,220,124,127,91,90,82,45
18,0008,安徽大学[公办],03,法学类,623,225,123,117,95,95,91,27
19,0008,安徽大学[公办],04,汉语言文学,618,228,119,135,81,92,82,16
20,0008,安徽大学[公办],05,英语,608,217,124,137,79,88,87,37
21,0008,安徽大学[公办],06,新闻传播学类,605,220,119,131,74,92,88,16
22,0008,安徽大学[公办],07,工商管理类,610,221,120,130,79,95,85,36
23,0013,安徽工业大学(马鞍山市)[公办],01,国际经济与贸易,556,195,111,111,78,87,85,31
24,0013,安徽工业大学(马鞍山市)[公办],02,法学,583,211,108,122,73,92,85,18
25,0013,安徽工业大学(马鞍山市)[公办],03,英语,556,193,116,121,80,90,72,28
26,0013,安徽工业大学(马鞍山市)[公办],04,市场营销,551,196,118,116,59,92,88,16
27,0013,安徽工业大学(马鞍山市)[公办],05,会计学,581,200,106,111,86,94,90,2
28,0013,安徽工业大学(马鞍山市)[公办],06,公共事业管理,557,188,128,112,88,92,77,24
29,0013,安徽工业大学(马鞍山市)[公办],07,行政管理,563,202,103,118,72,90,81,21
30,0027,安徽农业大学(合肥市)[公办],01,经济学,570,179,114,128,88,88,87,33
31,0027,安徽农业大学(合肥市)[公办],02,国际经济与贸易,565,197,109,119,72,93,84,14
32,0027,安徽农业大学(合肥市)[公办],03,社会工作,559,201,109,108,74,88,88,3
33,0027,安徽农业大学(合肥市)[公办],04,汉语言文学,585,198,121,123,85,92,87,36
34,0027,安徽农业大学(合肥市)[公办],05,电子商务,553,197,113,99,79,93,85,31
35,0031,安徽师范大学(芜湖市)[公办],02,经济学,577,209,121,115,80,87,86,4
36,0031,安徽师范大学(芜湖市)[公办],03,法学,593,217,112,127,73,90,86,38
37,0031,安徽师范大学(芜湖市)[公办],04,社会工作,560,193,115,103,84,87,83,1
38,0031,安徽师范大学(芜湖市)[公办],05,思想政治教育,584,220,117,123,86,81,74,14
39,0031,安徽师范大学(芜湖市)[公办],06,教育学,566,205,114,89,89,94,89,13
40,0031,安徽师范大学(芜湖市)[公办],07,学前教育,564,197,111,109,80,91,87,37
41,0031,安徽师范大学(芜湖市)[公办],08,汉语言文学,591,212,115,111,84,92,92,19
42,0031,安徽师范大学(芜湖市)[公办],09,汉语国际教育,579,199,118,122,81,93,84,25
43,0031,安徽师范大学(芜湖市)[公办],10,秘书学,578,210,125,115,78,92,83,52
44,0031,安徽师范大学(芜湖市)[公办],11,俄语,545,202,127,115,73,87,68,25
45,0031,安徽师范大学(芜湖市)[公办],12,法语,548,161,113,112,84,97,94,8
46,0031,安徽师范大学(芜湖市)[公办],13,日语,547,207,110,107,75,79,79,13
47,0031,安徽师范大学(芜湖市)[公办],14,葡萄牙语,540,184,105,111,80,84,81,57
48,0031,安徽师范大学(芜湖市)[公办],15,新闻学,577,211,120,124,76,87,79,18
49,0031,安徽师范大学(芜湖市)[公办],16,广告学,567,189,110,116,85,90,87,22
50,0031,安徽师范大学(芜湖市)[公办],17,网络与新媒体,575,196,115,131,81,84,83,16
51,0031,安徽师范大学(芜湖市)[公办],18,历史学,583,195,113,128,80,90,90,34
52,0031,安徽师范大学(芜湖市)[公办],19,世界史,577,181,115,130,86,92,88,6
53,0031,安徽师范大学(芜湖市)[公办],20,地理科学,582,205,119,128,79,90,80,33
54,0031,安徽师范大学(芜湖市)[公办],21,会计学,584,193,116,131,78,91,91,27
55,0031,安徽师范大学(芜湖市)[公办],22,人力资源管理,568,190,114,122,88,87,81,16
56,0031,安徽师范大学(芜湖市)[公办],23,土地资源管理,562,203,103,106,75,91,87,46
57,0031,安徽师范大学(芜湖市)[公办],24,供应链管理,561,195,132,96,90,90,90,22
58,0031,安徽师范大学(芜湖市)[公办],25,旅游管理,551,181,112,119,76,88,87,7
59,0033,安徽外国语学院[民办],01,汉语言文学,485,164,117,91,69,91,70,34
60,0033,安徽外国语学院[民办],02,英语,478,139,107,116,72,77,74,9
61,0033,安徽外国语学院[民办],03,日语,498,171,99,84,81,83,79,5
62,0033,安徽外国语学院[民办],04,朝鲜语,474,142,102,104,57,88,83,31
63,0046,安康学院[公办],01,思想政治教育,525,181,112,94,80,94,76,17
64,0046,安康学院[公办],02,学前教育,508,194,119,83,77,85,69,35
65,0046,安康学院[公办],03,小学教育,519,172,109,107,72,86,82,40
66,0046,安康学院[公办],04,秘书学,520,208,104,86,72,80,74,49
67,0046,安康学院[公办],05,商务英语,506,154,98,93,82,90,87,35
68,0046,安康学院[公办],06,网络与新媒体,525,172,118,106,81,87,79,37
69,0046,安康学院[公办],07,会计学,532,188,115,100,79,89,76,36
70,0046,安康学院[公办],08,财务管理,531,184,105,111,74,88,74,11
71,0048,安庆师范大学[公办],01,国际经济与贸易,536,183,109,112,74,86,81,10
72,0048,安庆师范大学[公办],02,法学,565,186,106,109,91,93,86,38
73,0048,安庆师范大学[公办],03,工商管理类,543,187,104,100,77,92,87,20
74,0048,安庆师范大学[公办],04,物流管理,529,163,100,109,86,87,84,6
75,0050,安顺学院[公办],01,教育学类,507,193,98,72,82,84,76,17
76,0050,安顺学院[公办],02,英语,522,188,116,108,73,82,71,32
77,0050,安顺学院[公办],03,历史学,521,186,112,93,81,85,76,8
78,0050,安顺学院[公办],04,旅游管理,506,195,112,66,87,84,74,37
79,0051,安阳工学院[公办],01,国际经济与贸易,510,173,104,104,69,85,79,33
80,0051,安阳工学院[公办],02,英语,513,153,107,124,73,82,81,15
81,0052,安阳师范学院[公办],01,金融学,532,182,102,120,74,79,77,16
82,0052,安阳师范学院[公办],02,法学,558,189,113,130,79,89,71,46
83,0052,安阳师范学院[公办],03,社会工作,516,169,96,99,74,84,80,7
84,0052,安阳师范学院[公办],04,思想政治教育,548,174,115,119,74,92,89,53
85,0052,安阳师范学院[公办],05,汉语言文学,551,197,114,106,74,88,86,48
86,0052,安阳师范学院[公办],06,汉语国际教育,535,173,122,106,75,92,89,26
87,0052,安阳师范学院[公办],07,英语,535,169,104,117,75,85,79,23
88,0052,安阳师范学院[公办],08,历史学,547,168,106,108,85,89,87,20
89,0052,安阳师范学院[公办],09,会计学,542,188,111,104,68,92,90,24
90,0052,安阳师范学院[公办],10,财务管理,536,178,98,119,71,87,71,16
91,0052,安阳师范学院[公办],11,人力资源管理,524,163,94,106,73,90,82,57
92,0052,安阳师范学院[公办],12,旅游管理,514,215,116,53,74,88,84,41
93,0053,安阳学院[民办],01,学前教育,480,171,102,90,72,82,65,45
94,0053,安阳学院[民办],02,会计学,490,164,109,78,90,87,71,34
95,0053,安阳学院[民办],03,物流管理,481,187,110,63,74,84,73,38
96,0056,鞍山师范学院[公办],01,思想政治教育(师范),534,171,106,108,79,88,88,38
97,0056,鞍山师范学院[公办],02,英语(师范),516,177,108,97,73,85,84,7
98,0056,鞍山师范学院[公办],03,市场营销,505,184,106,84,74,90,73,62
99,0060,白城师范学院[公办],01,思想政治教育,522,173,111,103,87,84,75,13
100,0060,白城师范学院[公办],02,人文教育,510,171,102,110,74,79,76,64
101,0060,白城师范学院[公办],03,汉语言文学,528,183,104,98,73,87,87,34
102,0060,白城师范学院[公办],04,英语,510,180,116,85,76,86,83,68
103,0060,白城师范学院[公办],05,网络与新媒体,511,186,111,112,61,85,67,26
104,0060,白城师范学院[公办],06,历史学,519,170,101,84,88,91,86,30
105,0060,白城师范学院[公办],07,地理科学,518,172,112,103,68,89,86,24
106,0060,白城师范学院[公办],08,财务管理,519,177,103,98,84,91,69,18
107,0060,白城师范学院[公办],09,物流管理,500,200,105,50,81,85,84,23
108,0065,百色学院[公办],01,思想政治教育,516,188,104,107,63,86,72,37
109,0065,百色学院[公办],02,英语,501,147,98,101,81,90,82,22
110,0065,百色学院[公办],03,新闻学,503,163,102,99,81,87,73,69
111,0065,百色学院[公办],04,历史学,511,166,111,95,82,88,80,42
112,0065,百色学院[公办],05,市场营销,491,183,106,69,81,89,69,77
113,0065,百色学院[公办],06,审计学,518,185,101,102,63,86,82,37
114,0065,百色学院[公办],07,电子商务,496,182,98,89,69,80,76,54
115,0070,蚌埠医科大学[公办],01,护理学,485,181,103,86,70,82,66,3
116,0075,宝鸡文理学院[公办],01,法学,554,190,120,102,91,88,83,11
117,0075,宝鸡文理学院[公办],02,思想政治教育,551,180,96,120,69,92,90,29
118,0075,宝鸡文理学院[公办],03,学前教育,514,170,111,96,81,87,80,38
119,0075,宝鸡文理学院[公办],04,外国语言文学类,530,186,102,113,69,85,77,48
120,0075,宝鸡文理学院[公办],05,新闻传播学类,530,171,110,106,91,92,70,26
121,0075,宝鸡文理学院[公办],06,历史学,545,193,113,105,82,86,79,47
122,0075,宝鸡文理学院[公办],07,工商管理类,527,167,90,110,76,90,84,44
123,0075,宝鸡文理学院[公办],08,旅游管理,507,176,106,107,55,86,83,15
124,0079,保定理工学院[民办],01,经济学,449,134,89,91,62,86,76,33
125,0079,保定理工学院[民办],02,国际经济与贸易,449,170,97,71,69,76,63,20
126,0079,保定理工学院[民办],03,学前教育,449,167,99,77,63,75,67,25
127,0079,保定理工学院[民办],04,小学教育,449,136,95,85,66,86,76,10
128,0079,保定理工学院[民办],05,英语,449,129,97,72,90,79,79,36
129,0079,保定理工学院[民办],06,商务英语,449,154,100,92,61,74,68,81
130,0079,保定理工学院[民办],07,工商管理,449,142,83,91,67,76,73,87
131,0079,保定理工学院[民办],08,市场营销,449,137,99,91,71,87,63,52
132,0079,保定理工学院[民办],09,会计学,453,168,95,61,70,80,74,38
133,0079,保定理工学院[民办],10,财务管理,453,125,94,99,65,84,80,88
134,0079,保定理工学院[民办],11,人力资源管理,449,149,99,71,74,82,73,9
135,0079,保定理工学院[民办],12,审计学,454,159,100,61,67,87,80,73
136,0079,保定理工学院[民办],13,土地资源管理,449,137,95,102,60,81,69,44
137,0079,保定理工学院[民办],14,电子商务及法律,449,134,91,102,70,77,66,21
138,0080,保定理工学院(按高考文化课成绩录取的艺术类专业)[民办],01,广播电视编导,,,,,,,,
139,0081,保定学院[公办],01,投资学,505,175,108,99,76,88,67,28
140,0081,保定学院[公办],02,知识产权,526,178,110,102,74,88,84,10
141,0081,保定学院[公办],03,思想政治教育,530,178,112,110,87,79,76,46
142,0081,保定学院[公办],04,学前教育,508,166,112,110,80,84,68,49
143,0081,保定学院[公办],05,特殊教育,501,199,120,80,69,86,67,56
144,0081,保定学院[公办],06,汉语言文学,541,170,99,125,71,86,79,8
145,0081,保定学院[公办],07,汉语国际教育,516,183,114,95,75,82,81,50
146,0081,保定学院[公办],08,秘书学,514,171,116,109,75,88,71,9
147,0081,保定学院[公办],09,英语,504,159,115,123,71,82,69,10
148,0081,保定学院[公办],10,日语,497,152,110,90,84,89,82,31
149,0081,保定学院[公办],11,商务英语,486,143,103,119,71,80,73,5
150,0081,保定学院[公办],12,网络与新媒体,515,161,101,91,87,90,86,17
151,0081,保定学院[公办],13,历史学,521,168,117,105,80,86,82,25
152,0081,保定学院[公办],14,文物与博物馆学,505,180,112,103,66,75,71,15
153,0081,保定学院[公办],15,地理科学,518,183,101,80,84,87,84,73
154,0081,保定学院[公办],16,人文地理与城乡规划,508,177,100,69,89,88,85,77
155,0081,保定学院[公办],17,应用心理学,506,168,97,82,74,92,90,49
156,0081,保定学院[公办],18,人力资源管理,507,176,103,92,77,87,75,33
157,0081,保定学院[公办],19,体育经济与管理,495,158,99,97,76,87,77,76
158,0081,保定学院[公办],20,供应链管理,501,174,97,71,80,90,86,33
159,0081,保定学院[公办],21,会展经济与管理,500,156,93,108,78,88,70,52
160,0081,保定学院[公办],22,旅游管理与服务教育,498,166,104,103,62,87,80,6
161,0082,保定学院(按高考文化课成绩录取的艺术类专业)[公办],01,艺术管理,480,161,124,90,81,79,69,42
162,0088,北方工业大学[公办],01,经济与金融,593,215,115,129,86,82,81,22
163,0088,北方工业大学[公办],02,法学,610,222,114,130,75,93,90,7
164,0088,北方工业大学[公办],03,知识产权,603,218,121,122,84,94,85,16
165,0088,北方工业大学[公办],04,英语,596,218,115,134,71,93,80,2
166,0088,北方工业大学[公办],05,建筑学,580,220,117,120,81,83,76,23
167,0088,北方工业大学[公办],06,建筑学(海外交换),586,197,115,123,86,91,89,11
168,0088,北方工业大学[公办],07,风景园林,575,196,116,126,79,89,85,32
169,0088,北方工业大学[公办],08,工商管理,593,204,117,134,80,88,87,10
170,0088,北方工业大学[公办],09,会计学,603,219,118,125,79,93,87,26
171,0090,北方民族大学(银川市)[公办],01,经济学类,545,174,111,110,80,91,90,15
172,0090,北方民族大学(银川市)[公办],02,法学,566,209,111,120,68,86,83,52
173,0090,北方民族大学(银川市)[公办],03,民族学,540,176,106,112,83,85,84,13
174,0090,北方民族大学(银川市)[公办],04,思想政治教育,565,184,105,120,90,89,82,16
175,0090,北方民族大学(银川市)[公办],05,汉语言文学,567,214,120,112,77,90,74,21
176,0090,北方民族大学(银川市)[公办],06,英语,545,190,96,118,73,92,72,43
177,0090,北方民族大学(银川市)[公办],07,阿拉伯语,530,172,116,126,74,86,72,25
178,0090,北方民族大学(银川市)[公办],08,新闻传播学类,561,208,111,111,68,87,87,9
179,0090,北方民族大学(银川市)[公办],09,历史学,563,188,113,122,75,90,88,24
180,0090,北方民族大学(银川市)[公办],10,工商管理类(人力资源工商方向),540,159,109,131,74,92,84,17
181,0090,北方民族大学(银川市)[公办],11,工商管理类(财务会计方向),563,195,113,114,80,87,87,47
182,0090,北方民族大学(银川市)[公办],12,行政管理,534,187,105,99,81,93,74,73
183,0090,北方民族大学(银川市)[公办],13,旅游管理,529,180,100,111,82,87,69,41
184,0094,北华大学(吉林市)[公办],01,法学,580,206,103,117,89,92,76,29
185,0094,北华大学(吉林市)[公办],02,思想政治教育,569,200,121,119,81,95,74,29
186,0094,北华大学(吉林市)[公办],03,小学教育,555,179,107,117,82,90,87,5
187,0094,北华大学(吉林市)[公办],04,汉语言文学,575,208,105,108,79,90,90,30
188,0094,北华大学(吉林市)[公办],05,俄语,543,152,110,138,84,89,80,30
189,0094,北华大学(吉林市)[公办],06,网络与新媒体,551,182,100,118,82,87,82,16
190,0094,北华大学(吉林市)[公办],07,历史学,568,207,114,120,72,87,82,28
191,0094,北华大学(吉林市)[公办],08,行政管理,549,198,112,90,90,91,80,54
192,0094,北华大学(吉林市)[公办],09,物流管理,541,180,116,101,88,87,85,17
193,0095,北华航天工业学院(廊坊市)[公办],01,经济学,531,191,113,110,65,88,77,28
194,0095,北华航天工业学院(廊坊市)[公办],02,国际经济与贸易,519,187,102,89,76,88,79,40
195,0095,北华航天工业学院(廊坊市)[公办],03,社会工作,511,175,110,96,73,90,77,41
196,0095,北华航天工业学院(廊坊市)[公办],04,英语,522,157,110,110,77,89,89,19
197,0095,北华航天工业学院(廊坊市)[公办],05,市场营销,503,178,110,96,64,89,76,38
198,0095,北华航天工业学院(廊坊市)[公办],06,会计学,544,183,104,106,85,84,76,4
199,0095,北华航天工业学院(廊坊市)[公办],07,财务管理,534,192,99,89,83,87,83,48
200,0095,北华航天工业学院(廊坊市)[公办],08,人力资源管理,516,176,105,91,82,86,81,56
201,0095,北华航天工业学院(廊坊市)[公办],09,物流管理,507,203,109,97,59,81,67,16
202,0095,北华航天工业学院(廊坊市)[公办],10,电子商务,508,182,102,96,60,88,82,53
203,0098,北京城市学院[民办],01,金融学,548,167,112,111,86,94,90,29
204,0098,北京城市学院[民办],02,国际经济与贸易,506,204,115,76,77,81,68,4
205,0098,北京城市学院[民办],03,学前教育,501,179,111,102,68,76,76,61
206,0098,北京城市学院[民办],04,外国语言文学类,500,164,112,101,71,90,74,67
207,0098,北京城市学院[民办],05,传播学,501,171,110,87,79,82,82,5
208,0098,北京城市学院[民办],06,传播学(国际课程班),510,173,99,97,72,89,79,2
209,0098,北京城市学院[民办],07,文物与博物馆学,498,191,112,85,61,89,72,5
210,0098,北京城市学院[民办],08,建筑学(中国传统建筑文化与技艺),501,177,108,100,73,84,67,34
211,0098,北京城市学院[民办],09,城乡规划(智慧规划),498,187,113,65,78,86,82,30
212,0098,北京城市学院[民办],10,风景园林(景观智能规划与设计),501,159,105,111,77,79,75,11
213,0098,北京城市学院[民办],11,工商管理类,498,143,97,115,76,84,80,7
214,0098,北京城市学院[民办],12,会计学(国际课程班),509,173,92,117,76,75,68,25
215,0098,北京城市学院[民办],13,会计学,515,164,91,104,71,89,87,23
216,0098,北京城市学院[民办],14,文化产业管理,514,166,105,117,73,84,74,5
217,0098,北京城市学院[民办],15,跨境电子商务,503,167,101,97,68,87,84,3
218,0098,北京城市学院[民办],16,旅游管理类,505,171,105,100,70,82,82,7
219,0099,北京城市学院(按高考文化课成绩录取的艺术类专业)[民办],01,广播电视编导,479,189,120,111,49,72,58,29
220,0099,北京城市学院(按高考文化课成绩录取的艺术类专业)[民办],02,广播电视编导(影视编创),478,164,107,96,67,89,62,56
221,0100,北京大学[公办],24,文科试验班类(文科基础类专业),673,250,143,141,94,98,90,1
222,0102,北京大学医学部[公办],01,英语(医学英语),668,243,126,143,92,95,95,3
223,0104,北京第二外国语学院[公办],01,贸易经济(国际文化贸易),602,219,115,126,85,87,85,43
224,0104,北京第二外国语学院[公办],02,外交学(政党外交),601,213,118,133,86,87,82,27
225,0104,北京第二外国语学院[公办],03,国际事务与国际关系(国际组织),599,208,125,121,92,92,86,12
226,0104,北京第二外国语学院[公办],04,英语(英语教育),612,207,115,127,90,96,92,27
227,0104,北京第二外国语学院[公办],05,英语(人文交流),602,222,115,127,84,87,82,26
228,0104,北京第二外国语学院[公办],06,俄语,595,192,108,138,81,93,91,16
229,0104,北京第二外国语学院[公办],07,德语,596,215,115,117,91,91,82,32
230,0104,北京第二外国语学院[公办],08,法语,595,204,122,134,85,88,84,7
231,0104,北京第二外国语学院[公办],09,西班牙语,601,205,115,134,87,90,85,21
232,0104,北京第二外国语学院[公办],10,日语(人文交流),597,203,124,131,86,90,87,5
233,0104,北京第二外国语学院[公办],11,朝鲜语(人文交流),581,218,128,115,78,89,81,2
234,0104,北京第二外国语学院[公办],12,匈牙利语,589,200,110,135,78,90,86,20
235,0104,北京第二外国语学院[公办],13,爱沙尼亚语,576,206,119,114,83,87,86,68
236,0104,北京第二外国语学院[公办],14,翻译(涉外法律服务实验班),601,207,108,134,87,94,79,17
237,0104,北京第二外国语学院[公办],15,商务英语(国际商业管理),605,206,118,137,80,93,89,2
238,0104,北京第二外国语学院[公办],16,旅游管理,597,212,110,133,77,90,85,21
239,0104,北京第二外国语学院[公办],17,酒店管理,590,206,108,122,83,90,89,15
240,0105,北京第二外国语学院中瑞酒店管理学院[独立学院],01,金融学,453,143,85,96,68,76,70,39
241,0105,北京第二外国语学院中瑞酒店管理学院[独立学院],02,市场营销,,,,,,,,
242,0105,北京第二外国语学院中瑞酒店管理学院[独立学院],03,财务管理,454,185,106,68,65,74,62,5
243,0105,北京第二外国语学院中瑞酒店管理学院[独立学院],04,人力资源管理,452,165,98,61,67,87,72,6
244,0105,北京第二外国语学院中瑞酒店管理学院[独立学院],05,人力资源管理(国际班),,,,,,,,
245,0105,北京第二外国语学院中瑞酒店管理学院[独立学院],06,健康服务与管理(中日联合培养),,,,,,,,
246,0105,北京第二外国语学院中瑞酒店管理学院[独立学院],07,酒店管理,450,169,100,51,81,88,61,20
247,0106,北京电影学院[公办],01,文化产业管理,593,218,121,132,74,87,82,1
248,0107,北京电影学院(按高考文化课成绩录取的艺术类专业)[公办],01,电影学(制片与市场),588,212,117,129,74,91,82,2
249,0107,北京电影学院(按高考文化课成绩录取的艺术类专业)[公办],02,电影学,587,216,129,122,78,89,82,5
250,0107,北京电影学院(按高考文化课成绩录取的艺术类专业)[公办],03,戏剧影视文学(剧作),601,202,121,134,85,90,90,17
251,0107,北京电影学院(按高考文化课成绩录取的艺术类专业)[公办],04,戏剧影视文学(动漫策划),599,213,127,128,83,92,83,46
252,0112,北京服装学院[公办],01,广告学,562,206,111,112,70,87,87,31
253,0112,北京服装学院[公办],02,传播学,562,178,112,122,92,89,81,8
254,0112,北京服装学院[公办],03,工商管理类,564,208,110,102,78,90,86,26
255,0113,北京工商大学[公办],01,新闻传播学类,599,217,118,117,84,92,89,25
256,0115,北京工业大学耿丹学院[独立学院],01,国际经济与贸易,455,134,96,91,80,88,62,34
257,0115,北京工业大学耿丹学院[独立学院],02,社会工作,453,173,106,63,70,75,72,6
258,0115,北京工业大学耿丹学院[独立学院],03,汉语国际教育,460,161,116,72,71,79,77,55
259,0115,北京工业大学耿丹学院[独立学院],04,应用心理学,456,156,99,71,75,79,75,3
260,0115,北京工业大学耿丹学院[独立学院],05,市场营销(品牌管理与策划),451,156,94,73,70,77,75,5
261,0115,北京工业大学耿丹学院[独立学院],06,财务管理,466,150,95,89,78,79,70,26
262,0118,北京航空航天大学[公办],02,社会科学试验班,642,233,129,146,83,91,89,19
263,0121,北京化工大学[公办],02,法学(卓越实验班),623,220,115,135,83,94,91,11
264,0121,北京化工大学[公办],03,工商管理类(新文科经管法),614,218,112,137,90,86,83,15
265,0125,北京交通大学[公办],01,文科试验班类(经管学院工商类),627,223,120,141,82,94,87,25
266,0125,北京交通大学[公办],02,法学,629,222,132,138,87,92,90,22
267,0125,北京交通大学[公办],03,外国语言文学类,613,226,116,127,84,90,86,24
268,0125,北京交通大学[公办],04,新闻传播学类,618,226,123,127,87,90,88,20
269,0125,北京交通大学[公办],05,建筑类(建筑与规划),615,224,118,121,95,89,86,62
270,0127,北京交通大学(威海校区)[公办],01,工商管理(中外合作办学),603,210,121,132,92,88,81,69
271,0130,北京金融科技学院[民办],01,金融学,460,150,90,59,79,86,86,22
272,0130,北京金融科技学院[民办],02,应用心理学,451,150,88,64,82,82,73,2
273,0130,北京金融科技学院[民办],03,会计学,460,145,100,87,80,75,73,8
274,0130,北京金融科技学院[民办],04,财务管理,462,153,90,86,80,72,71,20
275,0130,北京金融科技学院[民办],05,国际商务,483,165,95,97,63,87,71,8
276,0130,北京金融科技学院[民办],06,审计学,455,111,87,127,71,76,70,67
277,0131,北京金融科技学院(按高考文化课成绩录取的艺术类专业)[民办],01,广播电视编导,,,,,,,,
278,0136,北京科技大学[公办],02,社会科学试验班,621,224,118,124,88,94,91,12
279,0136,北京科技大学[公办],03,外国语言文学类,612,225,123,118,93,89,87,14
280,0136,北京科技大学[公办],04,工商管理类(数智管理与经济试验班),622,227,121,129,83,92,91,13
281,0138,北京科技大学天津学院[独立学院],01,国际经济与贸易,508,177,102,84,81,85,81,72
282,0138,北京科技大学天津学院[独立学院],02,法学,538,191,123,102,72,87,86,35
283,0138,北京科技大学天津学院[独立学院],03,知识产权,516,193,113,88,71,87,77,12
284,0138,北京科技大学天津学院[独立学院],04,英语,501,152,106,118,58,87,86,32
285,0138,北京科技大学天津学院[独立学院],05,日语,486,169,105,79,67,86,85,51
286,0138,北京科技大学天津学院[独立学院],06,朝鲜语,481,170,105,93,62,80,76,62
287,0138,北京科技大学天津学院[独立学院],07,会计学,521,182,100,81,84,87,87,17
288,0138,北京科技大学天津学院[独立学院],08,财务管理,515,178,115,103,71,84,79,7
289,0142,北京理工大学[公办],02,社会科学试验班(管理与经济方向),633,224,128,138,90,92,89,3
290,0142,北京理工大学[公办],03,社会科学试验班(人文社科方向),639,251,135,134,79,88,87,21
291,0144,北京联合大学[公办],01,法学,593,204,120,124,84,92,89,11
292,0144,北京联合大学[公办],02,英语,577,195,112,131,78,87,86,36
293,0144,北京联合大学[公办],03,日语,556,187,111,112,89,87,81,27
294,0144,北京联合大学[公办],04,新闻学,566,213,117,118,61,94,80,1
295,0144,北京联合大学[公办],05,网络与新媒体,576,227,115,94,75,90,90,23
296,0144,北京联合大学[公办],06,工商管理,577,214,116,119,67,90,87,74
297,0144,北京联合大学[公办],07,人力资源管理,571,208,107,111,79,88,85,30
298,0144,北京联合大学[公办],08,文化产业管理,563,199,106,112,81,91,80,2
299,0144,北京联合大学[公办],09,旅游管理,559,176,121,118,84,95,86,27
300,0144,北京联合大学[公办],10,酒店管理,553,180,95,121,81,90,81,19
301,0144,北京联合大学[公办],11,会展经济与管理,570,174,115,127,91,92,86,21
302,0146,北京林业大学[公办],01,金融学,617,230,121,138,69,94,86,11
303,0146,北京林业大学[公办],02,国际经济与贸易,616,224,117,128,80,93,91,16
304,0146,北京林业大学[公办],03,法学,624,216,123,134,96,92,86,18
305,0146,北京林业大学[公办],04,法学(卓越法治人才实验班),623,227,124,135,81,92,88,23
306,0146,北京林业大学[公办],05,英语,613,224,112,136,76,90,87,30
307,0146,北京林业大学[公办],06,日语(日英复语),609,219,120,135,85,88,82,27
308,0146,北京林业大学[公办],07,自然地理与资源环境,612,211,123,124,91,94,92,13
309,0146,北京林业大学[公办],08,应用心理学,612,223,131,130,89,90,80,9
310,0146,北京林业大学[公办],09,城乡规划,613,226,120,126,85,89,87,29
311,0146,北京林业大学[公办],10,风景园林,615,227,120,124,87,90,87,47
312,0146,北京林业大学[公办],11,园林,606,216,118,127,83,93,87,28
313,0146,北京林业大学[公办],12,工商管理类,617,220,123,129,82,94,92,28
314,0148,北京农学院[公办],01,国际经济与贸易,555,195,103,110,73,89,88,8
315,0148,北京农学院[公办],02,法学,581,204,124,108,91,92,86,15
316,0148,北京农学院[公办],03,社会工作,552,199,112,97,76,92,88,3
317,0148,北京农学院[公办],04,工商管理(品牌管理),557,177,105,120,83,90,87,7
318,0148,北京农学院[公办],05,农林经济管理,556,194,109,108,80,87,87,18
319,0148,北京农学院[公办],06,农村区域发展(规划),552,191,108,118,75,87,81,15
320,0148,北京农学院[公办],07,旅游管理(生态旅游),549,180,100,133,82,83,71,7
321,0148,北京农学院[公办],08,会展经济与管理(策划与设计),553,196,100,120,76,90,71,18
322,0152,北京师范大学[公办],03,社会科学试验班,649,237,127,141,94,95,82,27
323,0152,北京师范大学[公办],04,人文科学试验班,651,239,131,140,79,97,96,24
324,0152,北京师范大学[公办],05,教育学类,649,235,124,140,85,95,94,26
325,0152,北京师范大学[公办],06,历史学类,654,237,128,143,91,92,91,12
326,0153,北京师范大学(按高考文化课成绩录取的艺术类专业)[公办],01,戏剧影视文学,629,227,118,136,83,92,91,25
327,0155,北京师范大学-香港浸会大学联合国际学院(珠海市)[内地与港澳台地区合作办学],01,经济学(中外合作办学),566,196,108,107,87,90,86,4
328,0155,北京师范大学-香港浸会大学联合国际学院(珠海市)[内地与港澳台地区合作办学],02,社会学(中外合作办学),562,205,123,102,80,91,84,7
329,0155,北京师范大学-香港浸会大学联合国际学院(珠海市)[内地与港澳台地区合作办学],03,外国语言文学类(中外合作办学),561,189,115,122,81,89,80,9
330,0155,北京师范大学-香港浸会大学联合国际学院(珠海市)[内地与港澳台地区合作办学],04,新闻传播学类(中外合作办学),561,217,112,97,73,88,86,4
331,0155,北京师范大学-香港浸会大学联合国际学院(珠海市)[内地与港澳台地区合作办学],05,会计学(中外合作办学),573,192,117,117,89,89,86,24
332,0155,北京师范大学-香港浸会大学联合国际学院(珠海市)[内地与港澳台地区合作办学],06,工商管理类(中外合作办学),563,204,114,104,81,90,84,5
333,0159,北京体育大学[公办],01,马克思主义理论,612,213,113,132,88,91,88,22
334,0159,北京体育大学[公办],02,汉语国际教育,610,220,124,121,84,94,91,21
335,0159,北京体育大学[公办],03,英语,605,211,126,131,82,91,90,62
336,0159,北京体育大学[公办],04,新闻学,616,223,116,136,74,92,91,7
337,0159,北京体育大学[公办],05,网络与新媒体,615,205,133,142,84,94,90,9
338,0159,北京体育大学[公办],06,体育经济与管理,603,208,114,135,80,93,87,29
339,0159,北京体育大学[公办],07,公共事业管理,602,197,114,131,92,92,90,22
340,0159,北京体育大学[公办],08,旅游管理,601,205,111,141,80,88,87,63
341,0159,北京体育大学[公办],09,休闲体育(中外合作办学),541,201,111,108,85,84,63,22
342,0159,北京体育大学[公办],10,旅游管理(中外合作办学),552,181,113,108,84,91,88,33
343,0162,北京外国语大学[公办],14,国际经济与贸易,626,217,115,133,93,92,91,4
344,0162,北京外国语大学[公办],15,外交学,633,233,128,132,87,91,90,9
345,0162,北京外国语大学[公办],16,国际组织与全球治理,630,228,123,140,81,94,87,10
346,0162,北京外国语大学[公办],17,英语,644,231,121,135,95,92,91,18
347,0162,北京外国语大学[公办],18,英语(国别与区域研究),636,234,128,139,82,92,89,7
348,0162,北京外国语大学[公办],19,英语(外语教育),640,230,121,143,84,92,91,2
349,0162,北京外国语大学[公办],20,西班牙语(葡语),631,233,133,139,81,90,88,2
350,0162,北京外国语大学[公办],21,日语(日本研究),622,218,123,136,89,91,88,3
351,0162,北京外国语大学[公办],22,翻译(外交外事高级翻译),643,238,127,136,92,91,86,16
352,0162,北京外国语大学[公办],23,国际新闻与传播(英语),623,220,117,141,90,97,75,8
353,0166,北京舞蹈学院(按高考文化课成绩录取的艺术类专业)[公办],01,艺术管理,561,207,114,94,85,88,87,12
354,0167,北京物资学院[公办],01,经济学(实验班),589,207,114,114,87,91,90,33
355,0167,北京物资学院[公办],02,法学,603,205,122,134,85,95,84,40
356,0167,北京物资学院[公办],03,商务英语(实验班),566,209,117,109,80,86,82,31
357,0167,北京物资学院[公办],04,会计学(注册会计师),598,213,124,115,84,97,89,32
358,0167,北京物资学院[公办],05,财务管理,595,226,120,110,84,88,87,8
359,0167,北京物资学院[公办],06,人力资源管理,588,192,110,126,87,92,91,22
360,0167,北京物资学院[公办],07,供应链管理,581,203,119,127,74,90,87,42
361,0174,北京印刷学院[公办],01,新闻学,578,193,111,131,82,87,85,15
362,0174,北京印刷学院[公办],02,广告学,571,204,111,109,84,91,83,39
363,0174,北京印刷学院[公办],03,传播学(国际出版实验班),572,196,113,110,93,90,83,15
364,0174,北京印刷学院[公办],04,传播学,570,188,109,128,75,91,88,34
365,0174,北京印刷学院[公办],05,编辑出版学,576,197,120,122,77,92,88,4
366,0174,北京印刷学院[公办],06,编辑出版学(韬奋实验班),584,204,112,123,80,89,88,6
367,0174,北京印刷学院[公办],07,网络与新媒体,571,206,117,125,80,85,75,7
368,0174,北京印刷学院[公办],08,数字出版,570,209,117,110,81,89,81,25
369,0174,北京印刷学院[公办],09,财务管理,571,213,110,113,69,89,87,9
370,0174,北京印刷学院[公办],10,文化产业管理,558,211,121,88,79,94,86,4
371,0176,北京邮电大学[公办],01,法学,629,222,116,138,89,92,88,15
372,0176,北京邮电大学[公办],02,英语(语言智能实验班),616,223,116,137,83,92,81,6
373,0176,北京邮电大学[公办],03,网络与新媒体,620,233,130,119,86,94,88,4
374,0176,北京邮电大学[公办],04,工商管理类,623,225,118,119,91,97,91,21
375,0179,北京邮电大学世纪学院[独立学院],01,英语,483,161,100,91,69,83,79,20
376,0179,北京邮电大学世纪学院[独立学院],02,传播学,491,157,108,96,66,87,85,2
377,0179,北京邮电大学世纪学院[独立学院],03,财务管理,486,179,108,66,80,85,76,32
378,0179,北京邮电大学世纪学院[独立学院],04,财务管理(国际注册会计师),485,168,109,96,83,69,69,24
379,0179,北京邮电大学世纪学院[独立学院],05,电子商务,479,171,95,75,62,91,80,10
380,0180,北京语言大学[公办],08,经济学(经济金融统计与分析),610,207,112,131,92,92,88,22
381,0180,北京语言大学[公办],09,金融学,608,211,113,131,84,92,90,7
382,0180,北京语言大学[公办],10,国际经济与贸易,598,224,129,123,83,89,79,40
383,0180,北京语言大学[公办],11,国际政治,611,202,117,130,94,94,91,11
384,0180,北京语言大学[公办],12,国际事务与国际关系,602,220,116,124,76,95,87,33
385,0180,北京语言大学[公办],13,国际组织与全球治理,602,223,116,135,73,88,83,52
386,0180,北京语言大学[公办],14,汉语言文学,620,222,123,135,85,90,88,24
387,0180,北京语言大学[公办],15,汉语国际教育,611,219,130,118,92,92,90,27
388,0180,北京语言大学[公办],16,古典文献学,606,217,121,126,81,97,85,13
389,0180,北京语言大学[公办],17,外国语言文学类,605,220,118,129,80,88,88,36
390,0180,北京语言大学[公办],18,翻译(英语),617,221,115,133,81,96,86,6
391,0180,北京语言大学[公办],19,翻译(汉英法),599,213,108,137,73,91,85,11
392,0180,北京语言大学[公办],20,新闻学(国际新闻),603,223,122,116,84,92,88,3
393,0180,北京语言大学[公办],21,新闻学(国际出版),605,204,121,139,89,91,82,7
394,0180,北京语言大学[公办],22,传播学(梧桐计划人才实验班),609,238,129,123,75,90,83,21
395,0180,北京语言大学[公办],23,网络与新媒体(智能媒体),609,210,112,125,92,91,91,39
396,0180,北京语言大学[公办],24,会计学,610,221,123,120,93,90,86,26
397,0180,北京语言大学[公办],25,人力资源管理(大数据应用),599,200,119,134,89,89,87,14
398,0183,北京中医药大学[公办],01,法学(医药卫生),623,228,120,127,89,93,86,16
399,0183,北京中医药大学[公办],02,英语(医学),612,222,121,135,78,90,87,24
400,0183,北京中医药大学[公办],03,英语(中医药国际传播),616,234,120,123,84,94,81,16
401,0183,北京中医药大学[公办],04,公共管理类,613,219,118,133,86,88,87,16
402,0184,北京中医药大学东方学院[独立学院],01,药事管理,449,182,109,57,70,71,69,88
403,0184,北京中医药大学东方学院[独立学院],02,护理学,449,120,95,93,72,84,70,8
404,0184,北京中医药大学东方学院[独立学院],03,工商管理,463,159,103,92,60,72,70,41
405,0184,北京中医药大学东方学院[独立学院],04,市场营销,459,157,104,71,64,88,79,4
406,0184,北京中医药大学东方学院[独立学院],05,公共事业管理,462,149,98,98,66,81,68,79
407,0184,北京中医药大学东方学院[独立学院],06,健康服务与管理,464,156,112,81,63,87,77,60
408,0190,亳州学院[公办],01,学前教育,505,173,109,76,82,87,87,1
409,0190,亳州学院[公办],02,商务英语,511,166,110,118,64,82,81,37
410,0190,亳州学院[公办],03,网络与新媒体,515,165,96,106,82,82,80,27
411,0190,亳州学院[公办],04,文化产业管理,513,180,105,98,66,90,79,19
412,0195,渤海大学(锦州市)[公办],01,金融学,564,202,117,104,80,91,87,18
413,0195,渤海大学(锦州市)[公办],02,金融学(国际本科学术互认课程),526,193,106,107,69,84,73,18
414,0195,渤海大学(锦州市)[公办],03,法学,584,206,119,120,87,87,84,6
415,0195,渤海大学(锦州市)[公办],04,汉语国际教育(师范),565,184,99,117,84,92,88,28
416,0195,渤海大学(锦州市)[公办],05,日语,528,184,116,124,57,82,81,5
417,0195,渤海大学(锦州市)[公办],06,工商管理(国际本科学术互认课程),523,191,101,107,67,79,79,20
418,0195,渤海大学(锦州市)[公办],07,市场营销,544,200,101,94,82,94,74,21
419,0195,渤海大学(锦州市)[公办],08,会计学,576,213,115,113,85,86,79,88
420,0195,渤海大学(锦州市)[公办],09,会计学(国际本科学术互认课程),535,190,112,82,83,90,90,53
421,0195,渤海大学(锦州市)[公办],10,旅游管理,534,178,104,101,84,92,79,27
422,0198,沧州交通学院(沧州市)[民办],01,英语,454,145,103,83,83,74,69,23
423,0198,沧州交通学院(沧州市)[民办],02,商务英语,450,142,90,76,75,81,76,21
424,0198,沧州交通学院(沧州市)[民办],03,风景园林,455,161,92,59,74,81,80,54
425,0198,沧州交通学院(沧州市)[民办],04,工商管理,466,157,96,106,73,68,62,25
426,0198,沧州交通学院(沧州市)[民办],05,财务管理,478,170,110,64,84,86,74,49
427,0198,沧州交通学院(沧州市)[民办],06,物流管理,469,161,91,76,76,87,69,35
428,0198,沧州交通学院(沧州市)[民办],07,旅游管理,461,188,108,54,69,82,68,85
429,0198,沧州交通学院(沧州市)[民办],08,酒店管理,457,176,108,60,71,79,71,20
430,0199,沧州师范学院[公办],01,法学,531,181,106,112,81,82,75,25
431,0199,沧州师范学院[公办],02,政治学与行政学,518,183,111,106,69,85,75,2
432,0199,沧州师范学院[公办],03,思想政治教育,524,171,95,110,68,89,86,19
433,0199,沧州师范学院[公办],04,科学教育,514,196,103,100,63,86,69,62
434,0199,沧州师范学院[公办],05,学前教育,500,167,109,98,74,81,80,3
435,0199,沧州师范学院[公办],06,小学教育,515,166,108,109,77,92,71,54
436,0199,沧州师范学院[公办],07,汉语言文学,535,186,112,107,76,86,80,11
437,0199,沧州师范学院[公办],08,英语,511,176,108,106,69,84,76,26
438,0199,沧州师范学院[公办],09,商务英语,506,160,118,111,82,77,76,39
439,0199,沧州师范学院[公办],10,广告学,507,172,115,87,85,87,76,51
440,0199,沧州师范学院[公办],11,网络与新媒体,514,177,95,102,71,87,77,67
441,0199,沧州师范学院[公办],12,历史学,516,171,105,93,85,85,82,6
442,0199,沧州师范学院[公办],13,文物与博物馆学,508,164,108,103,79,87,75,7
443,0199,沧州师范学院[公办],14,地理科学,510,176,113,89,78,85,82,43
444,0199,沧州师范学院[公办],15,应用心理学,505,162,107,99,76,89,79,9
445,0199,沧州师范学院[公办],16,市场营销,501,172,104,83,74,87,85,10
446,0199,沧州师范学院[公办],17,财务管理,521,171,100,98,89,87,76,23
447,0199,沧州师范学院[公办],18,国际商务,501,165,104,99,86,85,66,17
448,0199,沧州师范学院[公办],19,电子商务,502,180,103,101,57,85,79,45
449,0199,沧州师范学院[公办],20,酒店管理,493,193,106,82,74,76,68,15
450,0200,沧州师范学院(按高考文化课成绩录取的艺术类专业)[公办],01,广播电视编导,481,179,108,73,76,84,69,17
451,0215,昌吉学院[公办],01,思想政治教育,505,168,95,79,90,88,80,24
452,0215,昌吉学院[公办],02,学前教育,491,162,101,100,76,88,65,22
453,0215,昌吉学院[公办],03,小学教育,497,167,101,84,80,87,79,67
454,0215,昌吉学院[公办],04,汉语言文学,515,168,116,115,72,80,80,2
455,0215,昌吉学院[公办],05,英语,490,167,105,99,68,90,66,2
456,0215,昌吉学院[公办],06,商务英语,484,171,100,86,50,92,85,43
457,0215,昌吉学院[公办],07,网络与新媒体,494,159,99,94,77,84,80,29
458,0215,昌吉学院[公办],08,工商管理,491,185,105,42,86,91,87,58
459,0215,昌吉学院[公办],09,财务管理,499,163,108,90,80,85,81,42
460,0215,昌吉学院[公办],10,行政管理,491,154,106,110,75,81,71,30
461,0215,昌吉学院[公办],11,旅游管理,489,191,115,73,73,82,70,59
462,0216,长安大学(西安市)[公办],01,思想政治教育,615,228,114,119,89,90,89,42
463,0216,长安大学(西安市)[公办],02,英语,608,220,121,119,83,96,90,47
464,0216,长安大学(西安市)[公办],03,新闻传播学类,616,228,125,128,84,90,86,6
465,0216,长安大学(西安市)[公办],04,建筑类,604,214,127,130,81,90,89,22
466,0216,长安大学(西安市)[公办],05,工商管理类,614,223,123,127,82,92,90,29
467,0216,长安大学(西安市)[公办],06,公共管理类,606,218,114,123,83,92,90,9
468,0216,长安大学(西安市)[公办],07,物流管理,608,226,116,114,86,95,87,34
469,0219,长春财经学院[民办],01,经济学,472,177,100,71,73,76,75,32
470,0219,长春财经学院[民办],02,税收学,470,189,105,68,60,77,76,13
471,0219,长春财经学院[民办],03,金融学,467,154,101,82,84,76,71,36
472,0219,长春财经学院[民办],04,保险学,451,165,100,75,62,75,74,70
473,0219,长春财经学院[民办],05,投资学,461,141,111,82,63,85,80,27
474,0219,长春财经学院[民办],06,国际经济与贸易,455,147,97,83,75,79,71,18
475,0219,长春财经学院[民办],07,法学,485,188,106,55,73,87,82,21
476,0219,长春财经学院[民办],08,小学教育,483,182,103,88,63,81,69,1
477,0219,长春财经学院[民办],09,汉语国际教育,470,153,113,79,76,81,81,70
478,0219,长春财经学院[民办],10,英语,461,156,87,90,53,88,74,13
479,0219,长春财经学院[民办],11,网络与新媒体,468,207,106,30,72,87,72,29
480,0219,长春财经学院[民办],12,工商管理,467,167,101,45,83,86,86,23
481,0219,长春财经学院[民办],13,市场营销,457,146,97,79,59,91,82,36
482,0219,长春财经学院[民办],14,会计学,474,167,114,83,64,88,72,32
483,0219,长春财经学院[民办],15,财务管理,473,159,106,75,79,86,74,25
484,0219,长春财经学院[民办],16,人力资源管理,459,147,102,64,72,90,86,19
485,0219,长春财经学院[民办],17,审计学,476,166,98,76,65,85,84,15
486,0219,长春财经学院[民办],18,物流管理,460,161,94,86,57,82,74,38
487,0219,长春财经学院[民办],19,旅游管理,454,159,100,82,63,82,68,15
488,0220,长春大学[公办],01,汉语言文学,567,179,107,133,76,93,86,16
489,0220,长春大学[公办],02,市场营销,524,187,117,103,67,85,82,28
490,0220,长春大学[公办],03,财务管理,573,201,122,116,82,87,87,59
491,0220,长春大学[公办],04,俄语(中外合作办学),518,192,112,95,76,84,71,1
492,0221,长春大学旅游学院[独立学院],01,金融学,464,159,108,78,71,79,77,29
493,0221,长春大学旅游学院[独立学院],02,汉语国际教育,460,157,97,61,79,87,76,7
494,0221,长春大学旅游学院[独立学院],03,英语,452,141,101,70,76,83,82,62
495,0221,长春大学旅游学院[独立学院],04,俄语,449,159,96,85,52,77,76,38
496,0221,长春大学旅游学院[独立学院],05,日语,451,140,92,70,75,90,76,42
497,0221,长春大学旅游学院[独立学院],06,风景园林,453,158,99,79,66,81,69,35
498,0221,长春大学旅游学院[独立学院],07,市场营销,450,162,112,64,73,81,70,59
499,0221,长春大学旅游学院[独立学院],08,财务管理,469,165,100,77,71,85,71,34
500,0221,长春大学旅游学院[独立学院],09,人力资源管理,457,183,107,69,57,76,72,17
501,0221,长春大学旅游学院[独立学院],10,文化产业管理,453,154,101,91,67,76,65,27
502,0221,长春大学旅游学院[独立学院],11,物流管理,455,144,95,103,55,81,72,35
503,0221,长春大学旅游学院[独立学院],12,电子商务,451,160,110,50,73,88,80,27
504,0221,长春大学旅游学院[独立学院],13,旅游管理,449,140,92,74,78,80,77,10
505,0221,长春大学旅游学院[独立学院],14,酒店管理,450,163,103,73,69,75,70,22
506,0221,长春大学旅游学院[独立学院],15,会展经济与管理,458,148,101,46,88,88,88,9
507,0222,长春电子科技学院[民办],01,国际经济与贸易,449,163,104,78,58,80,70,35
508,0222,长春电子科技学院[民办],02,汉语言文学,473,170,103,67,77,82,77,15
509,0222,长春电子科技学院[民办],03,汉语国际教育,461,150,89,83,72,80,76,39
510,0222,长春电子科技学院[民办],04,英语,450,114,82,110,76,80,60,16
511,0222,长春电子科技学院[民办],05,广告学,451,164,108,77,62,80,68,5
512,0222,长春电子科技学院[民办],06,市场营销,449,144,107,65,72,87,81,21
513,0222,长春电子科技学院[民办],07,会计学,466,152,103,76,76,87,75,54
514,0224,长春工程学院[公办],01,英语,520,186,110,106,75,80,73,39
515,0224,长春工程学院[公办],02,财务管理,544,177,103,113,84,86,84,50
516,0225,长春工程学院(边防军人子女预科班)[公办],01,本科预科班,412,136,89,91,54,77,54,2
517,0226,长春工业大学[公办],01,金融学,553,186,110,132,77,81,77,9
518,0226,长春工业大学[公办],02,社会工作,542,212,119,84,75,87,84,18
519,0226,长春工业大学[公办],03,英语,549,204,109,109,62,87,87,8
520,0226,长春工业大学[公办],04,俄语,539,189,111,111,78,86,75,23
521,0226,长春工业大学[公办],05,日语,525,190,103,92,77,84,82,26
522,0226,长春工业大学[公办],06,广告学,542,186,95,113,76,90,77,19
523,0226,长春工业大学[公办],07,工商管理,549,188,113,117,79,89,76,23
524,0226,长春工业大学[公办],08,会计学,565,199,111,106,89,87,84,30
525,0226,长春工业大学[公办],09,公共事业管理,543,188,114,103,78,87,87,7
526,0226,长春工业大学[公办],10,行政管理,546,203,117,98,72,87,86,24
527,0227,长春工业大学(八协计划)[公办],01,国际经济与贸易,406,149,97,53,59,82,70,5
528,0227,长春工业大学(八协计划)[公办],02,法学,431,142,104,98,68,80,62,3
529,0227,长春工业大学(八协计划)[公办],03,电子商务,388,120,91,63,63,77,76,3
530,0228,长春工业大学人文信息学院[独立学院],01,金融学,460,175,114,58,75,87,65,25
531,0228,长春工业大学人文信息学院[独立学院],02,国际经济与贸易,451,162,101,52,71,86,80,7
532,0228,长春工业大学人文信息学院[独立学院],03,法学,478,179,109,61,76,81,81,18
533,0228,长春工业大学人文信息学院[独立学院],04,英语,450,148,102,67,73,87,75,41
534,0228,长春工业大学人文信息学院[独立学院],05,商务英语,449,143,80,74,74,81,77,42
535,0228,长春工业大学人文信息学院[独立学院],06,工商管理,456,157,100,85,65,80,69,30
536,0228,长春工业大学人文信息学院[独立学院],07,会计学,473,150,95,79,84,83,77,30
537,0228,长春工业大学人文信息学院[独立学院],08,财务管理,470,144,97,100,83,76,67,18
538,0228,长春工业大学人文信息学院[独立学院],09,人力资源管理,457,171,99,61,73,81,71,51
539,0228,长春工业大学人文信息学院[独立学院],10,物流管理,456,152,111,49,85,90,80,77
540,0228,长春工业大学人文信息学院[独立学院],11,电子商务,450,135,96,91,67,81,76,68
541,0229,长春光华学院[民办],01,经济学,469,167,101,73,76,80,73,50
542,0229,长春光华学院[民办],02,金融学,462,151,106,92,77,73,69,43
543,0229,长春光华学院[民办],03,国际经济与贸易,454,132,101,93,61,84,84,19
544,0229,长春光华学院[民办],04,学前教育,464,137,100,99,70,90,68,48
545,0229,长春光华学院[民办],05,小学教育,472,162,101,71,68,86,85,40
546,0229,长春光华学院[民办],06,汉语言文学,490,151,107,83,83,88,85,51
547,0229,长春光华学院[民办],07,英语,460,149,105,86,60,83,82,33
548,0229,长春光华学院[民办],08,俄语,456,142,90,95,69,81,69,7
549,0229,长春光华学院[民办],09,日语,454,148,105,69,67,88,82,2
550,0229,长春光华学院[民办],10,朝鲜语,455,133,96,113,68,76,65,4
551,0229,长春光华学院[民办],11,广告学,466,167,100,79,69,77,74,16
552,0229,长春光华学院[民办],12,工商管理,469,144,100,82,74,84,75,4
553,0229,长春光华学院[民办],13,市场营销,454,167,99,55,81,83,68,52
554,0229,长春光华学院[民办],14,会计学,477,142,102,109,71,84,71,53
555,0229,长春光华学院[民办],15,财务管理,476,146,95,89,73,87,81,58
556,0229,长春光华学院[民办],16,电子商务,458,186,114,72,65,68,67,38
557,0230,长春光华学院(按高考文化课成绩录取的艺术类专业)[民办],01,戏剧影视文学,,,,,,,,
558,0230,长春光华学院(按高考文化课成绩录取的艺术类专业)[民办],02,广播电视编导,450,139,105,88,75,77,71,17
559,0231,长春建筑学院[民办],01,广告学,451,162,98,69,67,82,71,76
560,0231,长春建筑学院[民办],02,工商管理,453,147,88,105,53,80,68,69
561,0231,长春建筑学院[民办],03,财务管理,461,157,84,53,76,83,82,46
562,0231,长春建筑学院[民办],04,文化产业管理,451,163,99,79,56,77,76,18
563,0231,长春建筑学院[民办],05,电子商务,452,146,86,72,74,90,70,38
564,0234,长春科技学院[民办],01,金融学,456,130,83,94,81,80,71,42
565,0234,长春科技学院[民办],02,小学教育,464,152,104,78,86,84,64,54
566,0234,长春科技学院[民办],03,汉语国际教育,459,138,84,73,81,87,70,31
567,0234,长春科技学院[民办],04,英语,449,117,91,101,76,85,70,8
568,0234,长春科技学院[民办],05,网络与新媒体,457,157,104,68,70,82,80,60
569,0234,长春科技学院[民办],06,工商管理,456,161,101,82,66,83,64,41
570,0234,长春科技学院[民办],07,财务管理,459,148,106,78,67,87,79,27
571,0234,长春科技学院[民办],08,人力资源管理,454,145,106,81,79,81,68,9
572,0234,长春科技学院[民办],09,电子商务,453,158,102,54,69,91,81,5
573,0235,长春理工大学[公办],01,社会工作,561,198,105,125,73,86,79,47
574,0235,长春理工大学[公办],02,汉语言文学,579,186,116,130,87,91,85,30
575,0235,长春理工大学[公办],03,英语,568,212,118,130,73,89,64,32
576,0235,长春理工大学[公办],04,俄语,531,184,105,105,83,82,77,18
577,0235,长春理工大学[公办],05,日语,533,168,100,109,81,92,83,20
578,0235,长春理工大学[公办],06,朝鲜语,526,187,103,101,87,76,75,42
579,0235,长春理工大学[公办],07,工商管理类,565,189,116,115,88,87,86,29
580,0237,长春人文学院(长春市)[民办],01,法学,498,174,107,95,75,85,69,4
581,0237,长春人文学院(长春市)[民办],02,学前教育,471,163,97,100,57,80,71,32
582,0237,长春人文学院(长春市)[民办],03,融合教育,,,,,,,,
583,0237,长春人文学院(长春市)[民办],04,汉语言文学,497,184,106,94,66,77,66,38
584,0237,长春人文学院(长春市)[民办],05,俄语,493,152,103,119,73,82,67,41
585,0237,长春人文学院(长春市)[民办],06,日语,452,140,96,96,61,85,70,3
586,0237,长春人文学院(长春市)[民办],07,工商管理,484,160,115,83,68,88,85,14
587,0238,长春人文学院(长春市)(按高考文化课成绩录取的艺术类专业)[民办],01,广播电视编导,459,134,107,87,68,87,83,7
588,0239,长春师范大学[公办],01,汉语言文学,580,210,117,111,78,92,89,19
589,0239,长春师范大学[公办],02,俄语,545,186,107,117,72,88,82,63
590,0239,长春师范大学[公办],03,德语,534,195,117,85,80,90,84,30
591,0239,长春师范大学[公办],04,西班牙语,530,171,110,128,70,88,73,4
592,0239,长春师范大学[公办],05,学前教育(中外合作办学),500,168,108,96,71,90,75,15
593,0239,长春师范大学[公办],06,旅游管理(中外合作办学),494,150,109,102,82,76,74,24
594,0247,长江大学[公办],01,经济学类(含荆楚卓越人才协同育人计划),573,196,111,109,86,91,91,16
595,0247,长江大学[公办],02,法学(社会治理法、知产法方向),595,202,111,127,89,89,88,34
596,0247,长江大学[公办],03,社会工作(司法社工、社会治理方向),556,199,112,110,85,83,79,17
597,0247,长江大学[公办],04,思想政治教育(师范),583,193,122,134,79,92,85,48
598,0247,长江大学[公办],05,教育学类,568,209,119,120,74,88,77,9
599,0247,长江大学[公办],06,中国语言文学类,587,201,119,132,84,89,81,13
600,0247,长江大学[公办],07,外国语言文学类,567,191,110,124,83,93,76,26
601,0247,长江大学[公办],08,新闻传播学类,580,204,117,119,78,92,87,40
602,0247,长江大学[公办],09,历史学(师范类),577,219,118,112,85,81,80,33
603,0247,长江大学[公办],10,建筑类(含省一流专业),558,193,113,106,80,92,87,40
604,0247,长江大学[公办],11,园林,522,169,111,98,87,87,81,2
605,0247,长江大学[公办],12,护理学,460,179,104,72,67,73,69,4
606,0247,长江大学[公办],13,工商管理类(含荆楚卓越协同育人计划),574,211,121,118,81,87,77,39
607,0248,长江大学文理学院[独立学院],01,金融学类,484,143,104,83,87,87,84,3
608,0248,长江大学文理学院[独立学院],02,外国语言文学类,483,158,106,101,71,90,63,27
609,0250,长江师范学院(重庆市)[公办],01,政治学与行政学,545,184,108,118,81,87,75,20
610,0250,长江师范学院(重庆市)[公办],02,新闻传播学类,547,191,106,102,82,91,81,21
611,0257,长沙理工大学[公办],01,金融学,593,203,118,135,78,89,88,23
612,0257,长沙理工大学[公办],02,国际经济与贸易,589,213,116,129,80,90,77,40
613,0257,长沙理工大学[公办],03,法学,603,196,122,141,87,92,87,39
614,0257,长沙理工大学[公办],04,汉语言文学,601,208,111,135,84,88,86,48
615,0257,长沙理工大学[公办],05,英语,585,203,110,123,77,92,90,10
616,0257,长沙理工大学[公办],06,翻译,575,210,123,110,81,91,83,36
617,0257,长沙理工大学[公办],07,新闻学,589,221,120,122,74,87,85,4
618,0257,长沙理工大学[公办],08,新闻学(卓越班),589,214,118,123,85,84,83,8
619,0257,长沙理工大学[公办],09,网络与新媒体,587,207,123,124,85,90,81,23
620,0257,长沙理工大学[公办],10,会计学(卓越班),608,220,114,135,75,91,87,41
621,0257,长沙理工大学[公办],11,人力资源管理,586,196,117,125,85,93,87,28
622,0258,长沙理工大学城南学院[独立学院],01,金融学,498,198,118,72,71,89,68,15
623,0258,长沙理工大学城南学院[独立学院],02,国际经济与贸易,511,174,101,98,76,89,74,1
624,0258,长沙理工大学城南学院[独立学院],03,法学,525,187,107,108,68,85,77,38
625,0258,长沙理工大学城南学院[独立学院],04,英语,497,150,98,129,80,73,65,55
626,0258,长沙理工大学城南学院[独立学院],05,市场营销,488,201,102,52,73,85,77,37
627,0258,长沙理工大学城南学院[独立学院],06,财务管理,512,160,97,109,75,87,81,34
628,0262,长沙师范学院[公办],01,学前教育,533,184,121,94,79,89,87,52
629,0264,长沙学院[公办],01,汉语言文学,567,200,108,112,77,90,88,29
630,0264,长沙学院[公办],02,英语,546,182,95,116,88,85,75,3
631,0264,长沙学院[公办],03,公共事业管理,533,190,101,102,72,85,84,12
632,0264,长沙学院[公办],04,旅游管理,521,176,99,115,72,84,74,48
633,0265,长沙学院(按高考文化课成绩录取的艺术类专业)[公办],01,广播电视编导,510,182,104,87,67,91,83,11
634,0269,长治学院[公办],01,网络与新媒体,539,223,117,88,71,84,73,16
635,0269,长治学院[公办],02,历史学,539,160,108,114,85,93,87,29
636,0269,长治学院[公办],03,旅游管理,506,169,105,111,70,84,72,29
637,0269,长治学院[公办],04,酒店管理,500,186,115,86,75,79,74,44
638,0270,长治医学院[公办],01,传播学,512,185,111,79,80,85,83,11
639,0270,长治医学院[公办],02,应用心理学,515,172,102,96,66,88,83,22
640,0275,常州大学怀德学院[独立学院],01,国际经济与贸易,478,171,96,79,65,87,76,46
641,0275,常州大学怀德学院[独立学院],02,财务管理,491,182,102,60,76,91,82,24
642,0282,成都大学[公办],01,社会工作,577,210,114,106,82,92,87,18
643,0282,成都大学[公办],02,学前教育,564,211,110,108,74,88,83,44
644,0282,成都大学[公办],03,小学教育,573,209,123,115,86,86,77,11
645,0282,成都大学[公办],04,汉语言文学,602,220,118,113,91,92,86,41
646,0282,成都大学[公办],05,英语,581,201,108,139,68,89,84,13
647,0282,成都大学[公办],06,工商管理,581,201,119,116,90,90,84,2
648,0282,成都大学[公办],07,会计学,596,213,121,131,76,94,82,13
649,0282,成都大学[公办],08,旅游管理,561,188,113,112,78,94,89,3
650,0282,成都大学[公办],09,酒店管理,551,184,108,119,75,93,80,28
651,0282,成都大学[公办],10,会展经济与管理,570,206,118,113,79,87,85,16
652,0283,成都东软学院[民办],01,英语,481,147,99,102,77,88,67,94
653,0283,成都东软学院[民办],02,日语,471,147,101,95,66,82,81,16
654,0283,成都东软学院[民办],03,商务英语,475,162,106,104,63,76,70,63
655,0283,成都东软学院[民办],04,财务管理,486,193,105,49,73,89,82,53
656,0283,成都东软学院[民办],05,人力资源管理,484,166,110,108,61,89,60,27
657,0283,成都东软学院[民办],06,电子商务,475,138,112,95,81,90,71,42
658,0289,成都锦城学院(成都市)[民办],01,金融学类,496,176,105,101,72,82,65,2
659,0289,成都锦城学院(成都市)[民办],02,商务英语,481,133,111,104,76,87,81,29
660,0289,成都锦城学院(成都市)[民办],03,工商管理类,493,176,104,109,56,84,68,3
661,0289,成都锦城学院(成都市)[民办],04,审计学,511,150,112,117,72,88,84,39
662,0289,成都锦城学院(成都市)[民办],05,供应链管理,487,176,115,85,71,79,76,45
663,0290,成都锦城学院(成都市)(按高考文化课成绩录取的艺术类专业)[民办],01,广播电视编导,451,132,90,85,81,79,74,90
664,0291,成都理工大学[公办],01,投资学,593,207,113,125,86,88,87,15
665,0291,成都理工大学[公办],02,思想政治教育,595,226,130,109,84,89,87,18
666,0291,成都理工大学[公办],03,商务英语,591,214,114,127,81,92,77,9
667,0291,成都理工大学[公办],04,新闻传播学类,593,226,124,131,71,90,75,49
668,0291,成都理工大学[公办],05,工商管理类,595,224,122,105,87,92,87,51
669,0291,成都理工大学[公办],06,工商管理,591,220,112,125,78,87,81,47
670,0291,成都理工大学[公办],07,市场营销,579,220,122,113,73,94,79,17
671,0291,成都理工大学[公办],08,公共事业管理,584,212,119,108,87,90,87,8
672,0291,成都理工大学[公办],09,工商管理(中外合作办学),567,185,100,115,87,91,89,24
673,0292,成都理工大学工程技术学院(乐山市)[独立学院],01,会计学,497,170,111,95,70,82,80,30
674,0292,成都理工大学工程技术学院(乐山市)[独立学院],02,财务管理,491,160,95,97,68,84,82,77
675,0293,成都师范学院[公办],01,小学教育,534,173,105,129,66,84,82,11
676,0294,成都体育学院[公办],01,英语,526,155,99,116,74,93,88,25
677,0294,成都体育学院[公办],02,新闻学,534,154,101,125,90,88,77,27
678,0294,成都体育学院[公办],03,体育经济与管理,520,180,103,108,70,82,80,27
679,0295,成都外国语学院[民办],01,国际经济与贸易,506,160,102,94,81,86,85,9
680,0295,成都外国语学院[民办],02,学前教育,472,164,86,91,73,82,62,51
681,0295,成都外国语学院[民办],03,汉语言文学,513,180,100,108,72,77,76,5
682,0295,成都外国语学院[民办],04,汉语国际教育,489,170,108,78,81,80,80,28
683,0295,成都外国语学院[民办],05,英语,484,150,101,107,67,81,79,2
684,0295,成都外国语学院[民办],06,俄语,479,163,103,93,83,80,60,13
685,0295,成都外国语学院[民办],07,德语,478,162,103,82,79,81,74,34
686,0295,成都外国语学院[民办],08,法语,480,138,105,81,88,87,86,18
687,0295,成都外国语学院[民办],09,西班牙语,473,173,101,69,83,82,66,7
688,0295,成都外国语学院[民办],10,阿拉伯语,473,160,109,93,72,75,73,74
689,0295,成都外国语学院[民办],11,日语,474,172,87,84,79,79,60,38
690,0295,成都外国语学院[民办],12,朝鲜语,473,161,106,95,66,83,68,22
691,0295,成都外国语学院[民办],13,马来语,461,166,96,85,57,81,72,16
692,0295,成都外国语学院[民办],14,泰语,469,166,103,96,66,74,67,55
693,0295,成都外国语学院[民办],15,越南语,462,166,98,104,57,69,66,23
694,0295,成都外国语学院[民办],16,波兰语,459,145,102,82,72,87,73,12
695,0295,成都外国语学院[民办],17,捷克语,458,152,98,78,70,81,77,14
696,0295,成都外国语学院[民办],18,葡萄牙语,474,173,95,90,67,74,70,15
697,0295,成都外国语学院[民办],19,匈牙利语,467,133,93,103,74,83,74,10
698,0295,成都外国语学院[民办],20,意大利语,472,161,104,107,65,79,60,47
699,0295,成都外国语学院[民办],21,翻译,483,153,111,83,74,90,83,37
700,0295,成都外国语学院[民办],22,商务英语,480,162,109,97,76,72,63,9
701,0295,成都外国语学院[民办],23,网络与新媒体,492,163,110,88,71,87,83,19
702,0295,成都外国语学院[民办],24,国际新闻与传播,490,153,96,107,78,80,72,48
703,0295,成都外国语学院[民办],25,财务管理,507,158,98,120,74,84,71,53
704,0295,成都外国语学院[民办],26,物流管理,485,181,110,64,82,87,71,21
705,0295,成都外国语学院[民办],27,跨境电子商务,474,163,109,67,80,84,80,45
706,0295,成都外国语学院[民办],28,会展经济与管理,477,175,98,100,63,71,68,35
707,0296,成都文理学院[民办],01,小学教育,488,159,110,102,74,90,63,4
708,0296,成都文理学院[民办],02,汉语言文学,493,179,102,78,86,83,67,36
709,0297,成都信息工程大学[公办],01,国际经济与贸易,579,194,109,128,86,88,83,53
710,0297,成都信息工程大学[公办],02,社会工作,572,193,124,137,74,86,82,18
711,0297,成都信息工程大学[公办],03,中国语言文学类,585,207,120,113,84,92,89,36
712,0297,成都信息工程大学[公办],04,英语,567,202,114,113,74,91,87,2
713,0297,成都信息工程大学[公办],05,翻译,564,187,113,125,78,88,86,16
714,0297,成都信息工程大学[公办],06,市场营销,561,210,117,105,81,85,80,41
715,0297,成都信息工程大学[公办],07,会计学,592,216,119,121,83,91,81,28
716,0297,成都信息工程大学[公办],08,会计学,587,208,109,113,90,88,88,16
717,0297,成都信息工程大学[公办],09,财务管理,589,206,111,125,83,88,87,31
718,0297,成都信息工程大学[公办],10,人力资源管理,573,180,110,136,89,89,79,3
719,0297,成都信息工程大学[公办],11,物流管理,558,197,109,104,82,89,86,14
720,0297,成都信息工程大学[公办],12,供应链管理,556,188,106,119,83,84,82,5
721,0297,成都信息工程大学[公办],13,电子商务,565,205,114,121,71,87,81,9
722,0300,成都银杏酒店管理学院[民办],01,工商管理类,476,186,99,52,77,81,80,84
723,0300,成都银杏酒店管理学院[民办],02,旅游管理类,469,161,97,82,73,77,76,64
724,0300,成都银杏酒店管理学院[民办],03,酒店管理,468,168,93,95,59,74,72,85
725,0301,成都中医药大学[公办],01,护理学,514,177,111,112,75,89,61,3
726,0301,成都中医药大学[公办],02,助产学,510,194,102,96,81,70,69,2
727,0301,成都中医药大学[公办],03,市场营销,577,203,114,115,80,92,87,20
728,0301,成都中医药大学[公办],04,健康服务与管理(中外合作办学),541,160,104,129,72,90,90,1
729,0303,承德医学院[公办],01,应用心理学,507,173,112,86,82,91,65,22
730,0303,承德医学院[公办],02,护理学,512,177,105,92,73,88,72,4
731,0303,承德医学院[公办],03,助产学,506,191,105,84,77,82,72,7
732,0306,池州学院[公办],01,汉语言文学,537,207,105,101,77,77,75,12
733,0306,池州学院[公办],02,文化产业管理,513,194,115,77,67,92,83,2
734,0306,池州学院[公办],03,旅游管理,506,163,108,117,61,90,75,30
735,0306,池州学院[公办],04,酒店管理,504,181,105,93,79,80,71,47
736,0308,赤峰学院[公办],01,小学教育(语文与道法方向),508,173,97,113,69,81,62,16
737,0308,赤峰学院[公办],02,特殊教育,501,160,105,87,79,90,85,21
738,0308,赤峰学院[公办],03,历史学,520,180,113,89,73,89,89,20
739,0309,赤峰学院(八协计划)[公办],01,思想政治教育,404,123,94,87,58,72,66,1
740,0311,重庆财经学院[民办],01,经济学,499,174,101,66,78,91,80,7
741,0311,重庆财经学院[民办],02,金融学,494,184,118,80,72,82,76,24
742,0311,重庆财经学院[民办],03,网络与新媒体,507,172,102,84,77,90,84,3
743,0311,重庆财经学院[民办],04,会计学,521,178,103,102,77,85,79,22
744,0311,重庆财经学院[民办],05,审计学,514,191,106,106,66,88,63,12
745,0311,重庆财经学院[民办],06,物流管理,488,154,95,90,78,87,79,10
746,0311,重庆财经学院[民办],07,电子商务,495,157,100,109,65,87,77,26
747,0314,重庆城市科技学院[民办],01,金融学,483,154,108,89,65,88,87,8
748,0314,重庆城市科技学院[民办],02,国际经济与贸易,477,189,112,66,63,84,75,77
749,0314,重庆城市科技学院[民办],03,法学,502,168,101,98,63,87,86,20
750,0314,重庆城市科技学院[民办],04,思想政治教育,489,172,105,83,76,86,72,41
751,0314,重庆城市科技学院[民办],05,汉语言文学,496,169,99,110,68,79,70,14
752,0314,重庆城市科技学院[民办],06,中国语言与文化,481,169,107,74,66,87,85,48
753,0314,重庆城市科技学院[民办],07,英语,480,149,103,105,76,84,66,40
754,0314,重庆城市科技学院[民办],08,网络与新媒体,484,162,111,91,74,82,75,41
755,0314,重庆城市科技学院[民办],09,建筑类,479,149,101,85,74,89,82,3
756,0314,重庆城市科技学院[民办],10,工商管理类,483,164,99,91,71,81,76,29
757,0314,重庆城市科技学院[民办],11,会计学,490,193,102,53,68,90,86,45
758,0314,重庆城市科技学院[民办],12,健康服务与管理,477,164,102,99,67,77,70,41
759,0314,重庆城市科技学院[民办],13,跨境电子商务,478,149,106,96,65,86,82,39
760,0317,重庆大学[公办],03,人文科学试验班(法学新闻类),632,227,123,138,84,96,87,41
761,0317,重庆大学[公办],04,汉语言文学(博雅类，含中文、历史、哲学专业),633,233,121,115,93,98,94,10
762,0318,重庆大学(按高考文化课成绩录取的艺术类专业)[公办],01,戏剧与影视学类,600,209,126,129,89,89,84,2
763,0321,重庆第二师范学院[公办],01,思想政治教育,554,216,111,78,89,90,81,15
764,0326,重庆对外经贸学院[民办],01,经济学,488,162,90,95,82,84,65,28
765,0326,重庆对外经贸学院[民办],02,国际经济与贸易,485,168,103,73,73,90,81,70
766,0326,重庆对外经贸学院[民办],03,汉语言文学,499,184,121,78,70,84,83,6
767,0326,重庆对外经贸学院[民办],04,英语,488,160,101,92,71,85,80,27
768,0326,重庆对外经贸学院[民办],05,网络与新媒体,496,166,102,86,75,89,80,13
769,0326,重庆对外经贸学院[民办],06,人文地理与城乡规划,487,152,98,90,70,85,80,22
770,0326,重庆对外经贸学院[民办],07,国际商务,480,161,117,118,59,75,67,22
771,0326,重庆对外经贸学院[民办],08,人力资源管理,491,155,100,107,77,87,65,21
772,0326,重庆对外经贸学院[民办],09,物流管理,486,149,104,100,66,88,83,32
773,0328,重庆工商大学[公办],02,财政学类,597,229,128,108,86,89,85,43
774,0328,重庆工商大学[公办],03,金融学类,589,194,126,132,83,90,90,43
775,0328,重庆工商大学[公办],04,金融学(中外双学士项目),570,205,117,109,78,91,87,22
776,0328,重庆工商大学[公办],05,法语,557,199,105,111,73,87,87,16
777,0328,重庆工商大学[公办],06,商务英语,577,188,121,138,84,88,79,30
778,0328,重庆工商大学[公办],07,新闻传播学类,580,210,121,108,80,92,90,24
779,0328,重庆工商大学[公办],08,工商管理类,584,208,115,120,86,91,79,11
780,0328,重庆工商大学[公办],09,会计学,598,218,122,121,78,94,87,11
781,0328,重庆工商大学[公办],10,电子商务,576,190,112,115,90,92,89,13
782,0328,重庆工商大学[公办],11,旅游管理类,531,170,117,125,69,88,79,13
783,0329,重庆工商大学派斯学院[独立学院],01,金融学,485,177,103,84,82,79,63,5
784,0329,重庆工商大学派斯学院[独立学院],02,汉语言文学,499,158,110,106,70,85,80,50
785,0329,重庆工商大学派斯学院[独立学院],03,会计学,493,188,114,65,69,92,79,25
786,0336,重庆机电职业技术大学[民办],01,大数据与财务管理,481,158,89,93,74,89,67,24
787,0336,重庆机电职业技术大学[民办],02,学前教育,473,181,101,70,67,87,68,9
788,0340,重庆交通大学[公办],01,知识产权,595,205,115,120,86,94,90,72
789,0340,重庆交通大学[公办],02,外国语言文学类,568,179,103,129,83,90,87,9
790,0340,重庆交通大学[公办],03,新闻传播学类,581,219,120,103,80,91,88,8
791,0340,重庆交通大学[公办],04,工商管理类,591,212,117,119,87,90,83,34
792,0345,重庆科技大学[公办],01,国际经济与贸易,553,186,107,111,74,92,90,15
793,0345,重庆科技大学[公办],02,英语,550,169,112,121,80,93,87,30
794,0345,重庆科技大学[公办],03,会计学,564,221,119,92,74,90,87,7
795,0347,重庆理工大学[公办],01,社会工作,563,211,120,109,69,89,75,3
796,0347,重庆理工大学[公办],02,英语,572,208,123,115,74,90,85,13
797,0347,重庆理工大学[公办],03,广告学,566,201,117,115,75,93,82,26
798,0347,重庆理工大学[公办],04,工商管理,570,184,111,129,79,91,87,35
799,0347,重庆理工大学[公办],05,财务管理,592,204,105,134,81,87,86,5
800,0347,重庆理工大学[公办],06,劳动与社会保障,564,198,111,105,81,91,89,16
801,0347,重庆理工大学[公办],07,电子商务及法律,568,205,109,119,77,85,82,7
802,0347,重庆理工大学[公办],08,旅游管理,543,202,112,107,83,77,74,33
803,0352,重庆人文科技学院[民办],01,经济学,482,206,109,39,79,89,69,44
804,0352,重庆人文科技学院[民办],02,法学,504,178,103,72,86,93,75,20
805,0352,重庆人文科技学院[民办],03,思想政治教育,496,158,104,91,67,90,80,15
806,0352,重庆人文科技学院[民办],04,汉语言文学,502,153,99,110,80,85,74,3
807,0352,重庆人文科技学院[民办],05,汉语国际教育,489,174,112,76,68,89,82,42
808,0352,重庆人文科技学院[民办],06,英语,488,161,95,101,62,82,82,30
809,0352,重庆人文科技学院[民办],07,新闻学,489,164,106,87,80,86,72,11
810,0352,重庆人文科技学院[民办],08,建筑学,475,180,103,75,67,85,68,24
811,0352,重庆人文科技学院[民办],09,风景园林,480,147,104,116,65,80,72,20
812,0352,重庆人文科技学院[民办],10,园林,474,171,105,92,69,83,59,27
813,0352,重庆人文科技学院[民办],11,护理学,,,,,,,,
814,0352,重庆人文科技学院[民办],12,会计学,489,165,98,92,66,89,77,43
815,0352,重庆人文科技学院[民办],13,人力资源管理,482,157,96,75,81,85,84,52
816,0352,重庆人文科技学院[民办],14,供应链管理,479,163,104,98,72,76,70,52
817,0352,重庆人文科技学院[民办],15,旅游管理类,478,144,105,99,66,87,82,17
818,0353,重庆人文科技学院(按高考文化课成绩录取的艺术类专业)[民办],01,广播电视编导,449,153,96,96,55,81,64,34
819,0354,重庆三峡学院[公办],01,经济学,544,210,108,112,80,75,67,27
820,0354,重庆三峡学院[公办],02,民族学,531,194,109,94,75,86,82,6
821,0354,重庆三峡学院[公办],03,汉语言文学,562,192,114,108,89,90,83,22
822,0354,重庆三峡学院[公办],04,汉语言文学,559,201,118,120,67,89,82,9
823,0354,重庆三峡学院[公办],05,英语,551,178,111,120,70,95,88,45
824,0354,重庆三峡学院[公办],06,广告学,531,174,110,117,68,92,80,22
825,0354,重庆三峡学院[公办],07,网络与新媒体,551,186,103,109,75,93,88,7
826,0354,重庆三峡学院[公办],08,市场营销,526,194,106,81,76,88,87,16
827,0356,重庆师范大学[公办],01,中国语言文学类,599,202,117,131,90,92,84,37
828,0356,重庆师范大学[公办],02,历史学,597,227,126,123,79,87,81,29
829,0356,重庆师范大学[公办],03,应用心理学,583,189,118,129,86,90,89,44
830,0359,重庆外语外事学院[民办],01,小学教育,488,166,103,92,69,82,79,22
831,0359,重庆外语外事学院[民办],02,中国语言文学类,501,152,102,103,86,90,70,51
832,0359,重庆外语外事学院[民办],03,英语,482,148,100,109,84,81,60,34
833,0359,重庆外语外事学院[民办],04,俄语,482,154,103,94,71,92,71,86
834,0359,重庆外语外事学院[民办],05,德语,475,161,101,69,78,85,82,11
835,0359,重庆外语外事学院[民办],06,法语,476,156,102,86,85,76,73,43
836,0359,重庆外语外事学院[民办],07,西班牙语,475,145,93,117,71,74,68,8
837,0359,重庆外语外事学院[民办],08,阿拉伯语,470,173,113,88,66,72,71,30
838,0359,重庆外语外事学院[民办],09,日语,482,158,106,98,75,90,61,64
839,0359,重庆外语外事学院[民办],10,朝鲜语,472,139,94,63,87,87,86,43
840,0359,重庆外语外事学院[民办],11,意大利语,477,156,112,94,74,84,69,43
841,0359,重庆外语外事学院[民办],12,翻译,480,149,102,113,67,84,67,40
842,0359,重庆外语外事学院[民办],13,商务英语,482,146,118,99,72,86,79,75
843,0359,重庆外语外事学院[民办],14,新闻传播学类,493,172,105,76,72,88,85,27
844,0359,重庆外语外事学院[民办],15,财务会计教育,481,160,91,97,64,80,80,21
845,0360,重庆文理学院[公办],01,法学,568,207,111,118,74,85,84,3
846,0360,重庆文理学院[公办],02,俄语,517,180,121,83,69,94,91,6
847,0360,重庆文理学院[公办],03,园林,511,200,105,99,77,79,56,27
848,0361,重庆文理学院(按高考文化课成绩录取的艺术类专业)[公办],01,广播电视编导,493,145,97,107,75,86,80,3
849,0367,重庆移通学院[民办],01,互联网金融,476,161,102,56,87,87,85,27
850,0367,重庆移通学院[民办],02,外国语言文学类,477,157,106,97,79,82,62,49
851,0367,重庆移通学院[民办],03,网络与新媒体,479,164,103,87,79,82,67,21
852,0367,重庆移通学院[民办],04,工商管理,477,167,104,91,80,71,68,37
853,0367,重庆移通学院[民办],05,市场营销,472,169,109,58,88,82,75,59
854,0367,重庆移通学院[民办],06,财务管理,482,162,96,83,74,82,81,1
855,0367,重庆移通学院[民办],07,资产评估,475,164,117,91,60,84,76,45
856,0367,重庆移通学院[民办],08,体育经济与管理,471,170,99,93,67,77,64,18
857,0367,重庆移通学院[民办],09,健康服务与管理,477,164,111,72,76,90,75,23
858,0367,重庆移通学院[民办],10,养老服务管理,478,185,105,62,71,81,79,71
859,0367,重庆移通学院[民办],11,供应链管理,473,180,113,71,65,82,75,58
860,0368,重庆移通学院(按高考文化课成绩录取的艺术类专业)[民办],01,戏剧影视文学,456,167,98,73,66,82,68,51
861,0368,重庆移通学院(按高考文化课成绩录取的艺术类专业)[民办],02,广播电视编导,458,146,103,87,69,80,76,1
862,0371,重庆邮电大学[公办],01,法学,605,225,115,128,81,91,80,26
863,0371,重庆邮电大学[公办],02,外国语言文学类(英语类),587,231,129,134,52,91,79,9
864,0376,滁州学院[公办],01,国际经济与贸易,526,184,100,115,74,79,74,9
865,0376,滁州学院[公办],02,学前教育,518,184,105,122,67,74,71,15
866,0376,滁州学院[公办],03,英语,534,178,107,111,81,87,77,2
867,0376,滁州学院[公办],04,商务英语,523,186,102,116,62,84,75,17
868,0376,滁州学院[公办],05,新闻学,544,182,115,126,76,91,69,46
869,0376,滁州学院[公办],06,网络与新媒体,542,203,115,110,73,79,77,36
870,0376,滁州学院[公办],07,工商管理,525,193,105,94,75,87,76,16
871,0376,滁州学院[公办],08,市场营销,509,183,96,79,71,90,86,40
872,0376,滁州学院[公办],09,财务管理,552,178,104,116,93,89,76,54
873,0376,滁州学院[公办],10,审计学,553,198,119,117,75,82,81,52
874,0376,滁州学院[公办],11,旅游管理,510,181,98,80,78,86,85,25
