,2024年河北省普通高校招生本科批平行志愿投档情况统计物理,院校名称,专业代号,专业名称,投档最低分,同分考生排序项一,二,三,四,五,六,志愿号,
1,0005,安徽财经大学(蚌埠市)[公办],16,经济学类,561,208,108,104,70,91,88,32,
2,0005,安徽财经大学(蚌埠市)[公办],17,经济统计学,565,224,113,112,59,90,80,1,
3,0005,安徽财经大学(蚌埠市)[公办],18,数字经济,551,205,107,121,52,94,79,6,
4,0005,安徽财经大学(蚌埠市)[公办],19,财政学类,571,215,108,125,57,87,87,21,
5,0005,安徽财经大学(蚌埠市)[公办],20,金融学类,561,207,105,117,62,89,86,5,
6,0005,安徽财经大学(蚌埠市)[公办],21,金融学,572,222,118,115,59,89,87,30,
7,0005,安徽财经大学(蚌埠市)[公办],22,金融工程,555,212,108,117,67,86,73,66,
8,0005,安徽财经大学(蚌埠市)[公办],23,经济与贸易类,546,215,110,113,62,82,74,30,
9,0005,安徽财经大学(蚌埠市)[公办],24,法学,577,230,121,123,53,86,85,12,
10,0005,安徽财经大学(蚌埠市)[公办],25,数学与应用数学,560,230,122,124,58,80,68,16,
11,0005,安徽财经大学(蚌埠市)[公办],26,统计学,571,225,117,111,65,87,83,16,
12,0005,安徽财经大学(蚌埠市)[公办],27,电子信息类,568,211,111,134,53,85,85,18,
13,0005,安徽财经大学(蚌埠市)[公办],28,数据科学与大数据技术,572,229,116,105,65,87,86,36,
14,0005,安徽财经大学(蚌埠市)[公办],29,管理科学与工程类,542,207,107,119,51,85,80,36,
15,0005,安徽财经大学(蚌埠市)[公办],30,工商管理类,553,221,123,112,56,93,71,37,
16,0005,安徽财经大学(蚌埠市)[公办],31,会计学,584,217,114,123,69,88,87,43,
17,0005,安徽财经大学(蚌埠市)[公办],32,财务管理,580,206,109,129,72,91,82,8,
18,0005,安徽财经大学(蚌埠市)[公办],33,国际商务,532,199,106,118,55,80,80,6,
19,0005,安徽财经大学(蚌埠市)[公办],34,审计学,584,225,122,137,53,85,84,15,
20,0005,安徽财经大学(蚌埠市)[公办],35,资产评估,558,206,113,113,70,87,82,64,
21,0005,安徽财经大学(蚌埠市)[公办],36,公共管理类,528,204,105,118,54,83,69,8,
22,0005,安徽财经大学(蚌埠市)[公办],37,供应链管理,536,190,106,106,70,89,81,69,
23,0005,安徽财经大学(蚌埠市)[公办],38,旅游管理,524,186,103,109,60,88,81,1,
24,0005,安徽财经大学(蚌埠市)[公办],39,应用统计学(中外合作办学),549,210,106,121,61,87,70,12,
25,0008,安徽大学[公办],08,经济统计学,599,234,121,125,68,87,85,28,
26,0008,安徽大学[公办],09,互联网金融,594,228,114,126,63,91,86,14,
27,0008,安徽大学[公办],10,法学类,608,235,120,136,67,86,84,8,
28,0008,安徽大学[公办],11,数学类,604,245,124,101,72,95,91,30,
29,0008,安徽大学[公办],12,电气工程及其自动化,608,227,114,125,68,95,93,26,
30,0008,安徽大学[公办],13,电子信息工程,613,234,120,128,69,92,90,28,
31,0008,安徽大学[公办],14,电子科学与技术,612,230,117,134,71,89,88,32,
32,0008,安徽大学[公办],15,微电子科学与工程,610,246,126,128,60,93,83,21,
33,0008,安徽大学[公办],16,人工智能,608,237,128,122,72,91,86,41,
34,0008,安徽大学[公办],17,自动化,608,219,113,138,71,92,88,43,
35,0008,安徽大学[公办],18,机器人工程,605,232,117,128,72,87,86,23,
36,0008,安徽大学[公办],19,计算机科学与技术,614,231,119,137,65,92,89,45,
37,0008,安徽大学[公办],20,软件工程,613,236,118,124,69,93,91,42,
38,0008,安徽大学[公办],21,信息安全,609,232,119,125,72,92,88,28,
39,0008,安徽大学[公办],22,智能科学与技术,610,229,118,129,70,92,90,23,
40,0008,安徽大学[公办],23,网络空间安全,610,225,120,135,70,93,87,34,
41,0008,安徽大学[公办],24,工商管理类,596,218,112,126,72,90,90,17,
42,0008,安徽大学[公办],25,应用物理学(中外合作办学),566,229,117,123,65,76,73,12,
43,0008,安徽大学[公办],26,应用统计学(中外合作办学),590,225,117,131,61,88,85,34,
44,0008,安徽大学[公办],27,数字媒体技术(中外合作办学),586,221,113,123,68,87,87,4,
45,0010,安徽工程大学(芜湖市)[公办],01,机械设计制造及其自动化,550,190,112,131,57,87,85,13,
46,0010,安徽工程大学(芜湖市)[公办],02,材料成型及控制工程,529,226,116,61,65,89,88,72,
47,0010,安徽工程大学(芜湖市)[公办],03,车辆工程,547,199,102,95,70,93,90,16,
48,0010,安徽工程大学(芜湖市)[公办],04,智能制造工程,548,226,117,89,58,89,86,6,
49,0010,安徽工程大学(芜湖市)[公办],05,测控技术与仪器,540,219,114,89,61,87,84,19,
50,0010,安徽工程大学(芜湖市)[公办],06,材料科学与工程,521,215,117,81,55,90,80,7,
51,0010,安徽工程大学(芜湖市)[公办],07,新能源材料与器件,538,214,112,115,51,81,77,28,
52,0010,安徽工程大学(芜湖市)[公办],08,人工智能,550,210,109,107,64,85,84,48,
53,0010,安徽工程大学(芜湖市)[公办],09,自动化,555,205,114,113,57,86,84,7,
54,0010,安徽工程大学(芜湖市)[公办],10,机器人工程,549,195,98,107,68,90,89,28,
55,0010,安徽工程大学(芜湖市)[公办],11,智能科学与技术,549,199,101,125,63,87,75,12,
56,0010,安徽工程大学(芜湖市)[公办],12,土木工程,515,198,108,103,48,87,79,15,
57,0010,安徽工程大学(芜湖市)[公办],13,给排水科学与工程,517,213,111,95,52,84,73,39,
58,0010,安徽工程大学(芜湖市)[公办],14,服装设计与工程,516,195,100,104,51,89,77,26,
59,0010,安徽工程大学(芜湖市)[公办],15,交通工程,540,199,103,105,69,85,82,51,
60,0010,安徽工程大学(芜湖市)[公办],16,食品科学与工程,529,199,101,92,69,88,81,65,
61,0010,安徽工程大学(芜湖市)[公办],17,生物工程,522,198,105,116,50,83,75,15,
62,0010,安徽工程大学(芜湖市)[公办],18,生物制药,524,207,107,84,55,96,82,14,
63,0010,安徽工程大学(芜湖市)[公办],19,物流管理,525,207,105,95,62,87,74,18,
64,0013,安徽工业大学(马鞍山市)[公办],08,经济统计学,560,212,111,111,68,86,83,19,
65,0013,安徽工业大学(马鞍山市)[公办],09,金融学,555,213,113,110,61,91,80,17,
66,0013,安徽工业大学(马鞍山市)[公办],10,法学,561,207,123,113,60,95,86,8,
67,0013,安徽工业大学(马鞍山市)[公办],11,英语,539,209,117,110,46,87,87,18,
68,0013,安徽工业大学(马鞍山市)[公办],12,数学与应用数学,559,229,123,79,71,90,90,21,
69,0013,安徽工业大学(马鞍山市)[公办],13,应用化学,544,205,112,91,63,93,92,45,
70,0013,安徽工业大学(马鞍山市)[公办],14,化学生物学,535,202,114,116,50,87,80,25,
71,0013,安徽工业大学(马鞍山市)[公办],15,机械工程,563,229,120,104,55,88,87,34,
72,0013,安徽工业大学(马鞍山市)[公办],16,机械设计制造及其自动化,564,207,107,134,44,90,89,8,
73,0013,安徽工业大学(马鞍山市)[公办],17,材料成型及控制工程,546,207,108,114,61,84,80,40,
74,0013,安徽工业大学(马鞍山市)[公办],18,工业设计,551,223,117,123,45,91,69,21,
75,0013,安徽工业大学(马鞍山市)[公办],19,车辆工程,562,223,116,122,56,81,80,40,
76,0013,安徽工业大学(马鞍山市)[公办],20,新能源汽车工程,564,216,115,104,68,85,81,36,
77,0013,安徽工业大学(马鞍山市)[公办],21,测控技术与仪器,559,207,114,113,66,88,85,45,
78,0013,安徽工业大学(马鞍山市)[公办],22,智能感知工程,556,205,105,101,67,92,91,6,
79,0013,安徽工业大学(马鞍山市)[公办],23,材料科学与工程,543,205,103,94,63,92,89,3,
80,0013,安徽工业大学(马鞍山市)[公办],24,冶金工程,525,208,121,94,57,83,83,4,
81,0013,安徽工业大学(马鞍山市)[公办],25,金属材料工程,536,220,114,98,58,86,74,42,
82,0013,安徽工业大学(马鞍山市)[公办],26,无机非金属材料工程,538,220,111,114,51,83,70,5,
83,0013,安徽工业大学(马鞍山市)[公办],27,高分子材料与工程,545,226,116,108,61,77,73,11,
84,0013,安徽工业大学(马鞍山市)[公办],28,焊接技术与工程,537,199,100,102,61,89,86,29,
85,0013,安徽工业大学(马鞍山市)[公办],29,新能源材料与器件,556,217,109,101,61,90,87,39,
86,0013,安徽工业大学(马鞍山市)[公办],30,能源与动力工程,559,196,108,134,54,88,87,57,
87,0013,安徽工业大学(马鞍山市)[公办],31,新能源科学与工程,564,221,119,125,55,86,77,18,
88,0013,安徽工业大学(马鞍山市)[公办],32,储能科学与工程,560,213,112,128,54,86,79,5,
89,0013,安徽工业大学(马鞍山市)[公办],33,电气工程及其自动化,575,227,116,109,69,87,83,26,
90,0013,安徽工业大学(马鞍山市)[公办],34,电子信息工程,572,212,116,120,62,91,87,39,
91,0013,安徽工业大学(马鞍山市)[公办],35,通信工程,567,221,115,96,76,90,84,71,
92,0013,安徽工业大学(马鞍山市)[公办],36,微电子科学与工程,570,201,114,121,76,88,84,27,
93,0013,安徽工业大学(马鞍山市)[公办],37,集成电路设计与集成系统,572,214,111,135,53,87,83,39,
94,0013,安徽工业大学(马鞍山市)[公办],38,人工智能,567,217,112,111,67,87,85,3,
95,0013,安徽工业大学(马鞍山市)[公办],39,自动化,569,227,118,116,60,89,77,8,
96,0013,安徽工业大学(马鞍山市)[公办],40,机器人工程,565,214,108,131,47,88,85,18,
97,0013,安徽工业大学(马鞍山市)[公办],41,计算机科学与技术,575,212,109,119,67,90,87,62,
98,0013,安徽工业大学(马鞍山市)[公办],42,软件工程,571,220,112,112,62,89,88,26,
99,0013,安徽工业大学(马鞍山市)[公办],43,物联网工程,569,217,112,126,57,94,75,25,
100,0013,安徽工业大学(马鞍山市)[公办],44,数据科学与大数据技术,567,220,111,106,72,90,79,42,
101,0013,安徽工业大学(马鞍山市)[公办],45,土木工程,523,191,100,101,65,88,78,13,
102,0013,安徽工业大学(马鞍山市)[公办],46,建筑环境与能源应用工程,531,204,106,113,64,79,71,7,
103,0013,安徽工业大学(马鞍山市)[公办],47,给排水科学与工程,530,192,110,119,53,85,81,20,
104,0013,安徽工业大学(马鞍山市)[公办],48,智能建造,541,216,111,100,65,80,80,28,
105,0013,安徽工业大学(马鞍山市)[公办],49,化学工程与工艺,538,208,112,96,54,93,87,16,
106,0013,安徽工业大学(马鞍山市)[公办],50,资源循环科学与工程,531,210,106,95,57,85,84,7,
107,0013,安徽工业大学(马鞍山市)[公办],51,环境工程,529,215,119,121,42,77,74,34,
108,0013,安徽工业大学(马鞍山市)[公办],52,工程造价,544,227,125,89,56,91,81,7,
109,0013,安徽工业大学(马鞍山市)[公办],53,大数据管理与应用,559,215,109,109,60,88,87,36,
110,0013,安徽工业大学(马鞍山市)[公办],54,工商管理,535,198,103,95,67,92,83,6,
111,0013,安徽工业大学(马鞍山市)[公办],55,会计学,567,213,116,120,56,91,87,10,
112,0013,安徽工业大学(马鞍山市)[公办],56,工业工程,551,210,110,117,70,82,72,48,
113,0020,安徽建筑大学(合肥市)[公办],01,经济学,543,217,115,107,60,80,79,42,
114,0020,安徽建筑大学(合肥市)[公办],02,金融工程,537,212,110,123,45,87,70,26,
115,0020,安徽建筑大学(合肥市)[公办],03,应用物理学,536,200,102,106,69,91,70,16,
116,0020,安徽建筑大学(合肥市)[公办],04,声学,531,219,111,71,72,86,83,47,
117,0020,安徽建筑大学(合肥市)[公办],05,应用化学,526,194,103,121,51,82,78,24,
118,0020,安徽建筑大学(合肥市)[公办],06,地理信息科学,543,209,113,103,65,87,79,11,
119,0020,安徽建筑大学(合肥市)[公办],07,统计学,552,205,103,125,48,88,86,43,
120,0020,安徽建筑大学(合肥市)[公办],08,机械设计制造及其自动化,562,218,113,119,54,89,82,50,
121,0020,安徽建筑大学(合肥市)[公办],09,工业设计,544,203,110,109,60,86,86,43,
122,0020,安徽建筑大学(合肥市)[公办],10,过程装备与控制工程,542,213,109,103,57,88,81,12,
123,0020,安徽建筑大学(合肥市)[公办],11,测控技术与仪器,548,215,109,95,73,90,75,46,
124,0020,安徽建筑大学(合肥市)[公办],12,金属材料工程,523,196,109,108,59,81,79,13,
125,0020,安徽建筑大学(合肥市)[公办],13,无机非金属材料工程,524,217,109,84,63,80,80,44,
126,0020,安徽建筑大学(合肥市)[公办],14,高分子材料与工程,535,219,117,89,54,87,86,40,
127,0020,安徽建筑大学(合肥市)[公办],15,能源与动力工程,553,224,113,108,62,80,79,57,
128,0020,安徽建筑大学(合肥市)[公办],16,电子信息工程,565,206,112,123,72,83,81,33,
129,0020,安徽建筑大学(合肥市)[公办],17,通信工程,563,216,118,120,58,89,80,45,
130,0020,安徽建筑大学(合肥市)[公办],18,自动化,562,212,106,128,60,89,73,19,
131,0020,安徽建筑大学(合肥市)[公办],19,网络工程,562,208,108,124,68,81,81,40,
132,0020,安徽建筑大学(合肥市)[公办],20,土木工程,537,212,113,112,52,87,74,6,
133,0020,安徽建筑大学(合肥市)[公办],21,建筑电气与智能化,550,211,107,102,69,86,82,48,
134,0020,安徽建筑大学(合肥市)[公办],22,城市地下空间工程,525,228,119,77,66,83,71,15,
135,0020,安徽建筑大学(合肥市)[公办],23,道路桥梁与渡河工程,533,198,101,93,64,91,87,5,
136,0020,安徽建筑大学(合肥市)[公办],24,测绘工程,533,208,107,91,75,83,76,39,
137,0020,安徽建筑大学(合肥市)[公办],25,地质工程,527,201,102,109,52,94,71,43,
138,0020,安徽建筑大学(合肥市)[公办],26,勘查技术与工程,525,192,118,115,60,90,68,19,
139,0020,安徽建筑大学(合肥市)[公办],27,环境工程,518,189,97,108,60,88,73,38,
140,0020,安徽建筑大学(合肥市)[公办],28,环境生态工程,514,198,111,99,53,85,79,12,
141,0020,安徽建筑大学(合肥市)[公办],29,风景园林,516,184,98,112,44,90,86,18,
142,0020,安徽建筑大学(合肥市)[公办],30,工程管理,534,210,106,105,66,77,76,19,
143,0020,安徽建筑大学(合肥市)[公办],31,房地产开发与管理,509,205,104,83,64,82,75,13,
144,0020,安徽建筑大学(合肥市)[公办],32,工程造价,545,213,118,98,76,82,76,26,
145,0020,安徽建筑大学(合肥市)[公办],33,会计学,556,213,114,126,53,87,77,19,
146,0020,安徽建筑大学(合肥市)[公办],34,财务管理,557,205,108,114,63,88,87,36,
147,0020,安徽建筑大学(合肥市)[公办],35,劳动与社会保障,513,191,105,121,44,81,76,20,
148,0020,安徽建筑大学(合肥市)[公办],36,城市管理,515,183,108,129,45,87,71,7,
149,0023,安徽科技学院(蚌埠市)[公办],01,环境工程,506,208,114,102,37,87,72,18,
150,0023,安徽科技学院(蚌埠市)[公办],02,食品科学与工程,511,187,103,117,55,81,71,20,
151,0023,安徽科技学院(蚌埠市)[公办],03,建筑学,504,192,109,95,45,88,84,32,
152,0023,安徽科技学院(蚌埠市)[公办],04,城乡规划,506,198,102,87,53,87,81,31,
153,0023,安徽科技学院(蚌埠市)[公办],05,生物工程,508,195,109,118,40,74,71,20,
154,0023,安徽科技学院(蚌埠市)[公办],06,农学,506,171,97,122,56,80,77,54,
155,0023,安徽科技学院(蚌埠市)[公办],07,动物科学,505,210,110,77,66,83,69,29,
156,0023,安徽科技学院(蚌埠市)[公办],08,物流管理,513,195,101,98,48,91,81,9,
157,0023,安徽科技学院(蚌埠市)[公办],09,质量管理工程,509,180,104,96,65,87,81,70,
158,0025,安徽理工大学(淮南市)[公办],01,金融学,551,202,114,121,58,86,84,12,
159,0025,安徽理工大学(淮南市)[公办],02,英语,535,199,114,123,46,85,82,2,
160,0025,安徽理工大学(淮南市)[公办],03,网络与新媒体,551,218,115,119,64,81,69,25,
161,0025,安徽理工大学(淮南市)[公办],04,数学与应用数学,559,221,121,111,59,91,77,21,
162,0025,安徽理工大学(淮南市)[公办],05,信息与计算科学,566,218,112,124,60,83,81,39,
163,0025,安徽理工大学(淮南市)[公办],06,应用物理学,544,211,118,117,57,86,73,46,
164,0025,安徽理工大学(淮南市)[公办],07,应用化学,540,211,116,105,52,87,85,22,
165,0025,安徽理工大学(淮南市)[公办],08,应用统计学,555,220,114,109,72,84,70,12,
166,0025,安徽理工大学(淮南市)[公办],09,工程力学,545,225,117,106,55,81,78,3,
167,0025,安徽理工大学(淮南市)[公办],10,机械设计制造及其自动化,564,213,108,124,62,83,82,33,
168,0025,安徽理工大学(淮南市)[公办],11,工业设计,551,199,102,104,64,94,90,27,
169,0025,安徽理工大学(淮南市)[公办],12,过程装备与控制工程,546,205,109,109,65,87,80,44,
170,0025,安徽理工大学(淮南市)[公办],13,车辆工程,561,212,112,104,67,91,87,39,
171,0025,安徽理工大学(淮南市)[公办],14,智能制造工程,560,208,115,120,65,86,81,51,
172,0025,安徽理工大学(淮南市)[公办],15,新能源汽车工程,558,200,101,106,72,91,89,34,
173,0025,安徽理工大学(淮南市)[公办],16,测控技术与仪器,557,210,110,119,62,83,83,18,
174,0025,安徽理工大学(淮南市)[公办],17,无机非金属材料工程,536,188,111,121,56,87,84,15,
175,0025,安徽理工大学(淮南市)[公办],18,高分子材料与工程,538,197,100,107,60,92,82,29,
176,0025,安徽理工大学(淮南市)[公办],19,智能材料与结构,538,212,113,124,50,87,65,1,
177,0025,安徽理工大学(淮南市)[公办],20,新能源科学与工程,562,208,105,118,69,85,82,41,
178,0025,安徽理工大学(淮南市)[公办],21,储能科学与工程,555,212,110,118,63,83,79,43,
179,0025,安徽理工大学(淮南市)[公办],22,电气工程及其自动化,577,228,115,113,61,95,80,71,
180,0025,安徽理工大学(淮南市)[公办],23,通信工程,569,206,103,124,70,91,78,36,
181,0025,安徽理工大学(淮南市)[公办],24,光电信息科学与工程,564,210,109,117,67,89,81,17,
182,0025,安徽理工大学(淮南市)[公办],25,集成电路设计与集成系统,568,203,109,123,61,91,90,65,
183,0025,安徽理工大学(淮南市)[公办],26,人工智能,565,216,111,109,68,86,86,26,
184,0025,安徽理工大学(淮南市)[公办],27,自动化,572,220,114,127,58,87,80,31,
185,0025,安徽理工大学(淮南市)[公办],28,机器人工程,567,212,107,118,64,89,84,62,
186,0025,安徽理工大学(淮南市)[公办],29,软件工程,579,236,123,115,68,85,75,29,
187,0025,安徽理工大学(淮南市)[公办],30,信息安全,580,226,114,120,55,90,89,16,
188,0025,安徽理工大学(淮南市)[公办],31,物联网工程,567,220,120,131,49,84,83,59,
189,0025,安徽理工大学(淮南市)[公办],32,智能科学与技术,566,217,110,130,61,89,69,13,
190,0025,安徽理工大学(淮南市)[公办],33,区块链工程,565,209,114,126,60,87,83,32,
191,0025,安徽理工大学(淮南市)[公办],34,土木工程,531,216,112,83,63,86,83,1,
192,0025,安徽理工大学(淮南市)[公办],35,建筑环境与能源应用工程,538,210,110,105,53,92,78,18,
193,0025,安徽理工大学(淮南市)[公办],36,智能建造,549,211,107,120,49,90,79,41,
194,0025,安徽理工大学(淮南市)[公办],37,水文与水资源工程,530,196,110,118,53,85,78,3,
195,0025,安徽理工大学(淮南市)[公办],38,测绘工程,533,215,121,102,60,79,77,41,
196,0025,安徽理工大学(淮南市)[公办],39,遥感科学与技术,549,218,111,124,43,88,76,4,
197,0025,安徽理工大学(淮南市)[公办],40,导航工程,544,222,115,113,62,80,67,25,
198,0025,安徽理工大学(淮南市)[公办],41,化学工程与工艺,537,201,113,111,61,82,82,19,
199,0025,安徽理工大学(淮南市)[公办],42,制药工程,547,196,110,120,58,88,85,2,
200,0025,安徽理工大学(淮南市)[公办],43,地质工程,534,188,105,122,65,80,79,24,
201,0025,安徽理工大学(淮南市)[公办],44,矿物加工工程,525,209,112,74,75,86,81,5,
202,0025,安徽理工大学(淮南市)[公办],45,智能采矿工程,528,199,104,102,54,87,86,22,
203,0025,安徽理工大学(淮南市)[公办],46,交通工程,544,205,107,105,53,91,90,73,
204,0025,安徽理工大学(淮南市)[公办],47,弹药工程与爆炸技术,554,196,100,124,62,89,83,45,
205,0025,安徽理工大学(淮南市)[公办],48,环境工程,525,201,104,123,48,87,66,23,
206,0025,安徽理工大学(淮南市)[公办],49,建筑学,528,197,101,92,68,88,83,4,
207,0025,安徽理工大学(淮南市)[公办],50,安全工程,546,199,106,113,71,83,80,29,
208,0025,安徽理工大学(淮南市)[公办],51,应急技术与管理,530,215,109,113,56,76,70,29,
209,0025,安徽理工大学(淮南市)[公办],52,职业卫生工程,518,200,110,110,51,87,70,3,
210,0025,安徽理工大学(淮南市)[公办],53,消防工程,531,203,108,99,62,87,80,20,
211,0025,安徽理工大学(淮南市)[公办],54,临床医学,562,217,116,120,55,86,84,7,
212,0025,安徽理工大学(淮南市)[公办],55,预防医学,468,178,103,102,41,81,66,61,
213,0025,安徽理工大学(淮南市)[公办],56,药学,550,218,116,122,49,88,73,10,
214,0025,安徽理工大学(淮南市)[公办],57,医学检验技术,542,204,108,97,66,90,85,4,
215,0025,安徽理工大学(淮南市)[公办],58,工程造价,537,217,111,107,52,90,71,8,
216,0025,安徽理工大学(淮南市)[公办],59,会计学,554,214,118,118,63,90,69,13,
217,0025,安徽理工大学(淮南市)[公办],60,人力资源管理,534,197,113,115,56,87,79,27,
218,0025,安徽理工大学(淮南市)[公办],61,电子商务,530,198,102,94,63,88,87,24,
219,0025,安徽理工大学(淮南市)[公办],62,机械电子工程(中外合作办学),537,201,118,109,54,90,83,32,
220,0027,安徽农业大学(合肥市)[公办],06,经济学,555,205,110,126,57,87,80,3,
221,0027,安徽农业大学(合肥市)[公办],07,金融学,543,204,107,96,66,89,88,30,
222,0027,安徽农业大学(合肥市)[公办],08,应用化学,534,210,108,115,49,85,75,10,
223,0027,安徽农业大学(合肥市)[公办],09,生物科学类,544,227,114,120,55,75,67,1,
224,0027,安徽农业大学(合肥市)[公办],10,生态学,527,198,107,103,55,86,85,10,
225,0027,安徽农业大学(合肥市)[公办],11,机械设计制造及其自动化,559,222,122,114,49,92,82,55,
226,0027,安徽农业大学(合肥市)[公办],12,车辆工程,552,217,116,100,56,90,89,33,
227,0027,安徽农业大学(合肥市)[公办],13,智能制造工程,556,206,104,119,59,87,85,40,
228,0027,安徽农业大学(合肥市)[公办],14,材料科学与工程,534,203,110,102,60,91,78,17,
229,0027,安徽农业大学(合肥市)[公办],15,电气工程及其自动化,567,220,111,108,65,88,86,54,
230,0027,安徽农业大学(合肥市)[公办],16,电子信息类,566,217,109,117,69,87,76,50,
231,0027,安徽农业大学(合肥市)[公办],17,计算机科学与技术,572,218,114,126,60,88,80,44,
232,0027,安徽农业大学(合肥市)[公办],18,智能科学与技术,564,215,117,121,60,88,80,30,
233,0027,安徽农业大学(合肥市)[公办],19,数据科学与大数据技术,564,224,128,115,57,93,75,3,
234,0027,安徽农业大学(合肥市)[公办],20,网络空间安全,561,225,113,120,52,91,73,54,
235,0027,安徽农业大学(合肥市)[公办],21,土木工程,521,205,105,109,59,88,60,50,
236,0027,安徽农业大学(合肥市)[公办],22,地理空间信息工程,531,217,111,100,48,85,81,33,
237,0027,安徽农业大学(合肥市)[公办],23,农业机械化及其自动化,549,216,121,116,54,87,76,28,
238,0027,安徽农业大学(合肥市)[公办],24,农业水利工程,533,195,108,99,64,89,86,11,
239,0027,安徽农业大学(合肥市)[公办],25,木材科学与工程,499,195,104,76,55,87,86,17,
240,0027,安徽农业大学(合肥市)[公办],26,环境科学与工程类,526,195,100,98,60,95,78,31,
241,0027,安徽农业大学(合肥市)[公办],27,食品科学与工程,538,200,107,110,58,93,77,28,
242,0027,安徽农业大学(合肥市)[公办],28,生物制药,540,215,117,102,48,89,86,13,
243,0027,安徽农业大学(合肥市)[公办],29,农学,537,193,106,131,52,82,79,31,
244,0027,安徽农业大学(合肥市)[公办],30,园艺,530,206,116,105,52,89,78,5,
245,0027,安徽农业大学(合肥市)[公办],31,植物保护,531,201,119,115,49,92,74,14,
246,0027,安徽农业大学(合肥市)[公办],32,茶学,538,204,109,106,62,90,76,23,
247,0027,安徽农业大学(合肥市)[公办],33,智慧农业,555,206,124,126,46,89,88,5,
248,0027,安徽农业大学(合肥市)[公办],34,生物育种科学,532,202,119,121,48,88,73,23,
249,0027,安徽农业大学(合肥市)[公办],35,农业资源与环境,524,206,113,128,39,78,73,25,
250,0027,安徽农业大学(合肥市)[公办],36,动物科学,526,209,107,98,50,85,84,11,
251,0027,安徽农业大学(合肥市)[公办],37,动物医学,554,224,119,104,53,87,86,4,
252,0027,安徽农业大学(合肥市)[公办],38,林学,532,196,107,126,53,88,69,63,
253,0027,安徽农业大学(合肥市)[公办],39,园林,528,192,111,130,35,90,81,13,
254,0027,安徽农业大学(合肥市)[公办],40,水产养殖学,506,203,106,109,50,81,63,33,
255,0027,安徽农业大学(合肥市)[公办],41,食品卫生与营养学,531,199,100,98,59,89,86,24,
256,0027,安徽农业大学(合肥市)[公办],42,农林经济管理,532,220,114,114,56,76,66,28,
257,0027,安徽农业大学(合肥市)[公办],43,物流工程,536,200,103,117,51,92,76,14,
258,0027,安徽农业大学(合肥市)[公办],44,电子商务,535,201,112,101,65,84,84,5,
259,0031,安徽师范大学(芜湖市)[公办],26,经济学,549,217,116,120,53,93,66,11,
260,0031,安徽师范大学(芜湖市)[公办],27,数字经济,550,210,105,106,62,90,82,1,
261,0031,安徽师范大学(芜湖市)[公办],28,金融工程,545,226,118,87,60,87,85,17,
262,0031,安徽师范大学(芜湖市)[公办],29,法学,571,215,117,124,61,87,84,3,
263,0031,安徽师范大学(芜湖市)[公办],30,教育技术学,545,203,111,119,63,88,72,30,
264,0031,安徽师范大学(芜湖市)[公办],31,学前教育,545,208,105,111,69,88,69,30,
265,0031,安徽师范大学(芜湖市)[公办],32,汉语言文学,575,229,127,114,69,90,73,12,
266,0031,安徽师范大学(芜湖市)[公办],33,汉语国际教育,563,204,112,135,63,83,78,1,
267,0031,安徽师范大学(芜湖市)[公办],34,俄语,516,202,112,124,44,80,66,5,
268,0031,安徽师范大学(芜湖市)[公办],35,法语,532,189,99,112,57,92,82,6,
269,0031,安徽师范大学(芜湖市)[公办],36,日语,516,211,117,108,45,78,74,26,
270,0031,安徽师范大学(芜湖市)[公办],37,葡萄牙语,516,187,108,125,52,77,75,12,
271,0031,安徽师范大学(芜湖市)[公办],38,数学与应用数学,567,228,119,105,64,88,82,21,
272,0031,安徽师范大学(芜湖市)[公办],39,物理学,559,232,124,102,50,89,86,45,
273,0031,安徽师范大学(芜湖市)[公办],40,化学,566,215,123,117,61,87,86,1,
274,0031,安徽师范大学(芜湖市)[公办],41,应用化学,543,215,115,113,58,81,76,33,
275,0031,安徽师范大学(芜湖市)[公办],42,地理科学,559,193,105,136,62,88,80,37,
276,0031,安徽师范大学(芜湖市)[公办],43,地理信息科学,551,213,114,112,61,88,77,19,
277,0031,安徽师范大学(芜湖市)[公办],44,生物科学,557,222,113,124,46,84,81,7,
278,0031,安徽师范大学(芜湖市)[公办],45,生物技术,540,210,118,108,51,88,83,39,
279,0031,安徽师范大学(芜湖市)[公办],46,生态学,526,205,108,101,54,86,80,10,
280,0031,安徽师范大学(芜湖市)[公办],47,心理学,534,213,109,121,53,75,72,13,
281,0031,安徽师范大学(芜湖市)[公办],48,统计学,562,210,110,117,65,86,84,63,
282,0031,安徽师范大学(芜湖市)[公办],49,新能源材料与器件,549,214,112,121,50,83,81,38,
283,0031,安徽师范大学(芜湖市)[公办],50,电子信息工程,569,199,106,138,61,88,83,31,
284,0031,安徽师范大学(芜湖市)[公办],51,通信工程,566,216,111,114,70,83,83,17,
285,0031,安徽师范大学(芜湖市)[公办],52,光电信息科学与工程,561,218,110,122,68,86,67,4,
286,0031,安徽师范大学(芜湖市)[公办],53,人工智能,561,201,109,122,69,88,81,31,
287,0031,安徽师范大学(芜湖市)[公办],54,自动化,561,225,125,101,62,91,82,52,
288,0031,安徽师范大学(芜湖市)[公办],55,计算机科学与技术,574,206,108,135,55,93,85,16,
289,0031,安徽师范大学(芜湖市)[公办],56,软件工程,565,222,113,102,64,89,88,46,
290,0031,安徽师范大学(芜湖市)[公办],57,物联网工程,562,200,100,120,74,91,77,22,
291,0031,安徽师范大学(芜湖市)[公办],58,数据科学与大数据技术,564,222,114,109,57,89,87,36,
292,0031,安徽师范大学(芜湖市)[公办],59,网络空间安全,562,225,114,109,66,86,76,65,
293,0031,安徽师范大学(芜湖市)[公办],60,化学工程与工艺,540,208,108,99,66,84,83,37,
294,0031,安徽师范大学(芜湖市)[公办],61,环境工程,520,208,113,101,51,83,77,48,
295,0031,安徽师范大学(芜湖市)[公办],62,环境科学,520,191,96,136,48,82,63,14,
296,0031,安徽师范大学(芜湖市)[公办],63,食品科学与工程,532,186,113,115,63,85,83,3,
297,0031,安徽师范大学(芜湖市)[公办],64,生物制药,534,201,101,109,61,84,79,18,
298,0031,安徽师范大学(芜湖市)[公办],65,会计学,562,217,122,132,49,88,76,32,
299,0031,安徽师范大学(芜湖市)[公办],66,财务管理,555,201,109,120,58,91,85,42,
300,0031,安徽师范大学(芜湖市)[公办],67,人力资源管理,544,201,114,122,53,87,81,21,
301,0031,安徽师范大学(芜湖市)[公办],68,土地资源管理,527,209,110,101,61,87,69,6,
302,0031,安徽师范大学(芜湖市)[公办],69,供应链管理,540,219,119,97,49,93,82,12,
303,0031,安徽师范大学(芜湖市)[公办],70,旅游管理,516,212,110,95,60,77,72,49,
304,0033,安徽外国语学院[民办],05,汉语言文学,481,187,97,107,35,79,73,8,
305,0033,安徽外国语学院[民办],06,英语,473,181,105,85,49,87,71,49,
306,0033,安徽外国语学院[民办],07,日语,476,190,97,90,45,87,64,5,
307,0033,安徽外国语学院[民办],08,朝鲜语,453,186,113,98,34,70,65,57,
308,0035,安徽新华学院[民办],01,金融科技,465,186,112,106,39,67,67,26,
309,0035,安徽新华学院[民办],02,电气工程及其自动化,474,172,94,96,60,79,67,50,
310,0035,安徽新华学院[民办],03,人工智能,469,176,110,85,51,76,71,54,
311,0035,安徽新华学院[民办],04,计算机科学与技术,474,195,107,96,43,80,60,36,
312,0035,安徽新华学院[民办],05,财务管理,467,189,101,103,49,64,62,26,
313,0038,安徽医科大学(合肥市)[公办],01,化学生物学,543,215,108,103,61,87,77,35,
314,0038,安徽医科大学(合肥市)[公办],02,医学信息工程,546,209,113,109,57,87,84,11,
315,0038,安徽医科大学(合肥市)[公办],03,生物医学工程,572,210,113,121,65,89,87,13,
316,0038,安徽医科大学(合肥市)[公办],04,临床医学,598,227,116,139,52,93,87,33,
317,0038,安徽医科大学(合肥市)[公办],05,医学影像学,589,228,118,120,63,89,89,12,
318,0038,安徽医科大学(合肥市)[公办],06,妇幼保健医学,549,219,112,103,69,84,74,4,
319,0038,安徽医科大学(合肥市)[公办],07,医学检验技术,547,225,117,103,58,88,73,12,
320,0038,安徽医科大学(合肥市)[公办],08,智能医学工程,563,222,111,104,63,90,84,1,
321,0038,安徽医科大学(合肥市)[公办],09,信息管理与信息系统,532,213,113,112,58,76,73,22,
322,0039,安徽医科大学临床医学院[独立学院],01,临床医学,526,213,114,87,63,89,74,23,
323,0045,安徽中医药大学(合肥市)[公办],01,生物医学工程,542,201,117,123,47,91,80,60,
324,0045,安徽中医药大学(合肥市)[公办],02,中医学,569,211,108,105,75,91,87,11,
325,0045,安徽中医药大学(合肥市)[公办],03,针灸推拿学,554,213,120,114,55,89,83,14,
326,0045,安徽中医药大学(合肥市)[公办],04,中医康复学,536,201,111,133,49,86,67,21,
327,0045,安徽中医药大学(合肥市)[公办],05,中医骨伤科学,540,206,113,112,61,86,75,1,
328,0045,安徽中医药大学(合肥市)[公办],06,中西医临床医学,559,217,117,103,67,90,82,5,
329,0045,安徽中医药大学(合肥市)[公办],07,药学,554,200,112,119,57,92,86,10,
330,0045,安徽中医药大学(合肥市)[公办],08,药物制剂,540,197,106,112,63,88,80,5,
331,0045,安徽中医药大学(合肥市)[公办],09,康复治疗学,530,220,112,110,38,83,79,2,
332,0045,安徽中医药大学(合肥市)[公办],10,护理学,529,196,107,100,57,88,88,58,
333,0046,安康学院[公办],09,数学与应用数学,506,191,106,108,45,83,79,20,
334,0046,安康学院[公办],10,生物技术,498,205,104,76,57,86,74,69,
335,0046,安康学院[公办],11,电子信息工程,513,207,115,103,35,94,74,10,
336,0046,安康学院[公办],12,计算机科学与技术,520,214,110,103,51,86,66,47,
337,0046,安康学院[公办],13,物联网工程,516,190,116,136,37,77,76,17,
338,0046,安康学院[公办],14,化学工程与工艺,491,180,97,82,64,89,76,32,
339,0046,安康学院[公办],15,制药工程,503,211,112,73,52,84,83,70,
340,0046,安康学院[公办],16,化妆品技术与工程,500,198,118,101,38,92,71,59,
341,0046,安康学院[公办],17,农学,497,183,108,110,40,91,73,46,
342,0046,安康学院[公办],18,园林,490,184,109,91,58,80,77,4,
343,0046,安康学院[公办],19,康复治疗学,509,201,106,97,55,80,76,13,
344,0046,安康学院[公办],20,工程造价,500,193,111,113,31,86,77,15,
345,0046,安康学院[公办],21,财务管理,513,198,99,111,45,86,73,15,
346,0048,安庆师范大学[公办],05,数学类,537,219,112,111,54,77,76,15,
347,0048,安庆师范大学[公办],06,生物科学类,527,192,96,93,62,93,87,12,
348,0048,安庆师范大学[公办],07,电子信息类,540,208,111,101,59,88,84,34,
349,0048,安庆师范大学[公办],08,化学工程与工艺,515,195,113,107,52,81,80,20,
350,0050,安顺学院[公办],05,地理信息科学,507,180,105,106,54,90,77,44,
351,0050,安顺学院[公办],06,机械设计制造及其自动化,511,172,96,129,52,82,76,30,
352,0050,安顺学院[公办],07,计算机类,507,200,107,106,46,84,71,14,
353,0050,安顺学院[公办],08,植物生产类,495,197,120,99,41,89,69,6,
354,0051,安阳工学院[公办],03,应用物理学,499,190,108,63,72,94,80,48,
355,0051,安阳工学院[公办],04,生物技术,502,202,104,83,51,90,76,4,
356,0051,安阳工学院[公办],05,高分子材料与工程,504,195,103,103,56,75,75,77,
357,0051,安阳工学院[公办],06,自动化,522,191,104,104,55,90,82,54,
358,0051,安阳工学院[公办],07,化学工程与工艺,503,203,106,84,51,85,80,11,
359,0051,安阳工学院[公办],08,制药工程,506,206,109,98,54,84,64,37,
360,0051,安阳工学院[公办],09,交通运输(民航交通方向),518,199,113,88,62,87,82,29,
361,0051,安阳工学院[公办],10,环境工程,499,187,104,112,43,80,77,37,
362,0051,安阳工学院[公办],11,食品科学与工程,504,197,100,99,42,86,80,17,
363,0051,安阳工学院[公办],12,建筑学,497,201,112,115,47,84,50,44,
364,0051,安阳工学院[公办],13,安全工程,500,197,102,104,45,78,76,67,
365,0051,安阳工学院[公办],14,机械电子工程(中外合作办学),490,199,112,86,45,80,80,22,
366,0051,安阳工学院[公办],15,土木工程(中外合作办学),478,180,97,91,54,84,69,22,
367,0051,安阳工学院[公办],16,信息管理与信息系统(中外合作办学),483,187,105,114,27,89,66,27,
368,0052,安阳师范学院[公办],13,化学,512,191,96,98,54,88,81,22,
369,0052,安阳师范学院[公办],14,材料化学,498,204,102,110,35,80,69,12,
370,0052,安阳师范学院[公办],15,电气工程及其自动化,521,209,107,121,40,85,66,29,
371,0052,安阳师范学院[公办],16,电子信息工程,522,209,116,107,51,79,76,29,
372,0052,安阳师范学院[公办],17,人工智能,513,192,98,96,64,82,79,47,
373,0052,安阳师范学院[公办],18,软件工程,532,210,111,87,72,88,75,29,
374,0052,安阳师范学院[公办],19,土木工程,492,208,110,89,48,80,67,3,
375,0052,安阳师范学院[公办],20,工程管理,498,199,109,114,39,80,66,21,
376,0053,安阳学院[民办],04,学前教育,480,205,119,73,41,85,76,16,
377,0053,安阳学院[民办],05,计算机科学与技术,480,178,90,102,49,76,75,65,
378,0053,安阳学院[民办],06,网络工程,478,177,110,127,28,80,66,55,
379,0053,安阳学院[民办],07,会计学,486,182,109,111,37,87,69,47,
380,0053,安阳学院[民办],08,物流管理,476,176,97,98,41,88,73,24,
381,0056,鞍山师范学院[公办],08,思想政治教育(师范),510,194,113,108,39,92,77,3,
382,0056,鞍山师范学院[公办],09,英语(师范),507,208,109,104,51,73,71,36,
383,0056,鞍山师范学院[公办],10,数学与应用数学(师范),503,210,111,97,38,79,79,25,
384,0056,鞍山师范学院[公办],11,市场营销,497,187,108,102,44,91,73,23,
385,0060,白城师范学院[公办],10,教育技术学,490,189,95,94,53,87,67,21,
386,0060,白城师范学院[公办],11,英语,505,194,110,97,51,82,71,5,
387,0060,白城师范学院[公办],12,物理学,493,194,103,99,55,69,66,6,
388,0060,白城师范学院[公办],13,地理科学,503,195,107,88,45,88,87,2,
389,0060,白城师范学院[公办],14,地理信息科学,494,198,101,73,60,83,80,51,
390,0060,白城师范学院[公办],15,机械设计制造及其自动化,509,200,101,86,57,83,83,48,
391,0060,白城师范学院[公办],16,机器人工程,501,194,100,103,52,79,73,24,
392,0060,白城师范学院[公办],17,计算机科学与技术,508,204,105,89,61,80,74,31,
393,0060,白城师范学院[公办],18,软件工程,503,201,115,78,54,86,84,14,
394,0060,白城师范学院[公办],19,数据科学与大数据技术,503,198,104,83,56,87,79,30,
395,0060,白城师范学院[公办],20,土木工程,484,188,104,83,55,81,77,52,
396,0060,白城师范学院[公办],21,道路桥梁与渡河工程,488,182,100,109,47,75,75,25,
397,0060,白城师范学院[公办],22,财务管理,507,216,116,113,37,72,69,17,
398,0060,白城师范学院[公办],23,物流管理,492,189,104,100,42,87,74,47,
399,0065,百色学院[公办],08,化学,496,197,105,62,62,88,87,33,
400,0065,百色学院[公办],09,地理科学,496,199,111,96,48,81,72,40,
401,0065,百色学院[公办],10,应用统计学,494,191,104,99,52,80,72,48,
402,0065,百色学院[公办],11,材料化学,485,203,103,84,59,72,67,34,
403,0065,百色学院[公办],12,金属材料工程,485,182,95,114,49,72,68,66,
404,0065,百色学院[公办],13,设施农业科学与工程,480,200,113,92,47,75,66,16,
405,0065,百色学院[公办],14,农业资源与环境,484,183,108,113,40,82,66,32,
406,0065,百色学院[公办],15,市场营销,487,183,96,98,56,82,68,23,
407,0065,百色学院[公办],16,农林经济管理,483,194,112,84,34,86,85,23,
408,0067,蚌埠工商学院[民办],01,金融学,475,205,122,73,43,85,69,31,
409,0067,蚌埠工商学院[民办],02,会计学,487,193,101,97,39,86,72,12,
410,0069,蚌埠学院[公办],01,机械设计制造及其自动化,520,187,96,103,54,89,87,36,
411,0069,蚌埠学院[公办],02,车辆工程,513,205,103,84,57,83,74,17,
412,0069,蚌埠学院[公办],03,生物制药,511,186,110,108,48,90,79,19,
413,0070,蚌埠医科大学[公办],02,制药工程,524,184,111,114,57,89,80,5,
414,0070,蚌埠医科大学[公办],03,食品质量与安全,512,200,101,110,53,78,71,32,
415,0070,蚌埠医科大学[公办],04,临床医学,571,211,106,134,69,81,76,9,
416,0070,蚌埠医科大学[公办],05,护理学,527,202,108,99,58,87,81,13,
417,0075,宝鸡文理学院[公办],09,数字经济,506,197,106,104,50,79,76,44,
418,0075,宝鸡文理学院[公办],10,教育技术学,507,192,107,113,45,81,76,25,
419,0075,宝鸡文理学院[公办],11,数学与应用数学,512,190,99,104,59,82,77,31,
420,0075,宝鸡文理学院[公办],12,信息与计算科学,511,207,113,106,55,74,69,27,
421,0075,宝鸡文理学院[公办],13,物理学,503,206,112,84,51,87,75,18,
422,0075,宝鸡文理学院[公办],14,化学,505,199,114,123,44,74,65,6,
423,0075,宝鸡文理学院[公办],15,应用化学,504,174,87,117,58,81,74,5,
424,0075,宝鸡文理学院[公办],16,地理科学,510,188,100,121,49,87,65,72,
425,0075,宝鸡文理学院[公办],17,人文地理与城乡规划,502,192,110,82,41,94,83,40,
426,0075,宝鸡文理学院[公办],18,机械设计制造及其自动化,518,205,113,93,57,83,80,26,
427,0075,宝鸡文理学院[公办],19,材料成型及控制工程,504,201,104,109,32,83,79,15,
428,0075,宝鸡文理学院[公办],20,机械电子工程,517,201,103,108,51,80,77,40,
429,0075,宝鸡文理学院[公办],21,工业设计,504,192,99,113,47,84,68,3,
430,0075,宝鸡文理学院[公办],22,智能制造工程,512,201,107,100,48,87,76,9,
431,0075,宝鸡文理学院[公办],23,测控技术与仪器,510,183,101,111,47,85,84,7,
432,0075,宝鸡文理学院[公办],24,材料物理,498,172,108,104,54,85,83,9,
433,0075,宝鸡文理学院[公办],25,材料化学,498,195,99,94,54,78,77,11,
434,0075,宝鸡文理学院[公办],26,电气工程及其自动化,520,201,104,98,67,80,74,34,
435,0075,宝鸡文理学院[公办],27,电子信息类,519,213,108,103,48,81,74,9,
436,0075,宝鸡文理学院[公办],28,电子科学与技术,517,200,111,112,42,86,77,28,
437,0075,宝鸡文理学院[公办],29,自动化类,517,198,100,100,51,89,79,37,
438,0075,宝鸡文理学院[公办],30,计算机科学与技术,530,196,102,106,69,80,79,45,
439,0075,宝鸡文理学院[公办],31,软件工程,530,194,113,116,46,88,86,15,
440,0075,宝鸡文理学院[公办],32,物联网工程,527,187,96,110,61,89,80,37,
441,0075,宝鸡文理学院[公办],33,给排水科学与工程,492,181,101,106,48,84,73,1,
442,0075,宝鸡文理学院[公办],34,测绘工程,501,203,110,70,58,86,84,57,
443,0075,宝鸡文理学院[公办],35,化学工程与工艺,500,188,106,107,44,87,74,16,
444,0075,宝鸡文理学院[公办],36,制药工程,510,200,109,108,43,85,74,19,
445,0075,宝鸡文理学院[公办],37,环境工程,492,197,106,103,50,72,70,5,
446,0075,宝鸡文理学院[公办],38,会计学,528,190,110,114,58,83,83,22,
447,0075,宝鸡文理学院[公办],39,公共管理类,499,190,99,114,38,84,73,30,
448,0079,保定理工学院[民办],23,经济学,449,179,99,100,28,82,60,66,
449,0079,保定理工学院[民办],24,金融工程,448,158,96,82,48,81,79,78,
450,0079,保定理工学院[民办],25,国际经济与贸易,448,169,111,78,32,90,79,21,
451,0079,保定理工学院[民办],26,学前教育,448,163,96,100,31,86,68,16,
452,0079,保定理工学院[民办],27,小学教育,451,170,108,99,39,77,66,11,
453,0079,保定理工学院[民办],28,英语,448,151,94,120,27,79,71,64,
454,0079,保定理工学院[民办],29,商务英语,448,164,91,105,34,73,72,91,
455,0079,保定理工学院[民办],30,地质学,448,178,98,69,59,75,67,23,
456,0079,保定理工学院[民办],31,机械设计制造及其自动化,448,155,83,113,51,69,60,71,
457,0079,保定理工学院[民办],32,电气工程及其自动化,449,176,90,62,50,79,72,24,
458,0079,保定理工学院[民办],33,电子信息工程,448,158,91,67,55,86,82,5,
459,0079,保定理工学院[民办],34,计算机科学与技术,448,158,86,117,43,67,63,85,
460,0079,保定理工学院[民办],35,物联网工程,448,161,89,77,55,86,69,86,
461,0079,保定理工学院[民办],36,数据科学与大数据技术,448,166,91,101,43,69,69,40,
462,0079,保定理工学院[民办],37,土木工程,448,166,95,86,45,76,75,26,
463,0079,保定理工学院[民办],38,康复治疗学,449,195,109,89,26,72,67,14,
464,0079,保定理工学院[民办],39,助产学,448,166,96,94,44,77,67,43,
465,0079,保定理工学院[民办],40,信息管理与信息系统,448,163,96,110,28,80,67,89,
466,0079,保定理工学院[民办],41,工程管理,448,153,96,103,49,74,69,44,
467,0079,保定理工学院[民办],42,工程造价,448,168,105,89,38,87,66,30,
468,0079,保定理工学院[民办],43,工商管理,449,187,98,79,41,75,67,7,
469,0079,保定理工学院[民办],44,市场营销,448,163,100,100,48,74,63,80,
470,0079,保定理工学院[民办],45,会计学,452,182,110,99,31,76,64,13,
471,0079,保定理工学院[民办],46,财务管理,454,166,94,86,56,80,66,73,
472,0079,保定理工学院[民办],47,人力资源管理,448,171,100,78,42,86,71,41,
473,0079,保定理工学院[民办],48,审计学,458,172,100,82,47,88,69,40,
474,0079,保定理工学院[民办],49,土地资源管理,448,154,94,103,47,81,63,17,
475,0079,保定理工学院[民办],50,电子商务及法律,448,172,97,97,30,85,64,12,
476,0079,保定理工学院[民办],51,土木工程(中外合作办学),449,198,107,62,34,88,67,67,
477,0080,保定理工学院(按高考文化课成绩录取的艺术类专业)[民办],02,广播电视编导,450,177,109,84,37,85,67,11,
478,0081,保定学院[公办],23,投资学,506,202,109,84,53,88,79,51,
479,0081,保定学院[公办],24,知识产权,522,213,119,96,47,87,69,17,
480,0081,保定学院[公办],25,科学教育,497,204,115,100,42,82,69,12,
481,0081,保定学院[公办],26,教育技术学,498,189,100,107,43,90,69,27,
482,0081,保定学院[公办],27,学前教育,507,200,118,99,64,80,64,20,
483,0081,保定学院[公办],28,特殊教育,503,193,105,118,45,77,70,35,
484,0081,保定学院[公办],29,英语,535,216,120,124,30,83,82,7,
485,0081,保定学院[公办],30,日语,501,176,111,115,37,87,86,27,
486,0081,保定学院[公办],31,商务英语,509,191,105,116,48,84,70,39,
487,0081,保定学院[公办],32,网络与新媒体,519,214,107,71,69,83,82,3,
488,0081,保定学院[公办],33,数学与应用数学,513,196,100,113,55,80,69,26,
489,0081,保定学院[公办],34,物理学,499,200,104,81,56,86,76,19,
490,0081,保定学院[公办],35,化学,500,203,107,91,46,87,73,54,
491,0081,保定学院[公办],36,化学,506,199,110,89,63,81,74,39,
492,0081,保定学院[公办],37,地理科学,516,212,116,100,43,87,74,23,
493,0081,保定学院[公办],38,人文地理与城乡规划,506,187,104,113,39,87,80,31,
494,0081,保定学院[公办],39,生物科学,499,179,104,114,51,85,70,32,
495,0081,保定学院[公办],40,生物科学,505,202,109,115,52,73,63,66,
496,0081,保定学院[公办],41,应用心理学,506,209,111,97,46,86,68,20,
497,0081,保定学院[公办],42,汽车服务工程,497,204,110,95,49,80,69,38,
498,0081,保定学院[公办],43,电信工程及管理,499,195,103,103,51,82,68,12,
499,0081,保定学院[公办],44,人工智能,508,193,112,105,55,80,75,20,
500,0081,保定学院[公办],45,机器人工程,507,192,111,105,47,83,80,19,
501,0081,保定学院[公办],46,计算机科学与技术,517,200,111,105,53,80,69,24,
502,0081,保定学院[公办],47,软件工程,515,192,101,117,37,86,73,30,
503,0081,保定学院[公办],48,物联网工程,510,208,109,70,67,86,79,29,
504,0081,保定学院[公办],49,数字媒体技术,509,208,110,102,43,83,73,22,
505,0081,保定学院[公办],50,数据科学与大数据技术,506,204,105,78,50,88,86,44,
506,0081,保定学院[公办],51,环境生态工程,496,189,106,121,40,76,70,18,
507,0081,保定学院[公办],52,人力资源管理,510,199,107,109,50,79,73,16,
508,0081,保定学院[公办],53,体育经济与管理,497,189,103,108,38,82,80,23,
509,0081,保定学院[公办],54,物流工程,498,205,110,72,54,86,81,7,
510,0081,保定学院[公办],55,供应链管理,506,181,96,113,54,81,77,17,
511,0081,保定学院[公办],56,会展经济与管理,501,207,112,99,45,79,71,9,
512,0081,保定学院[公办],57,旅游管理与服务教育,497,202,118,104,34,91,66,12,
513,0082,保定学院(按高考文化课成绩录取的艺术类专业)[公办],02,艺术管理,485,192,100,93,45,89,66,5,
514,0087,北部湾大学[公办],04,数学与应用数学,529,225,121,76,62,87,79,11,
515,0087,北部湾大学[公办],05,应用气象学,520,210,107,89,65,82,74,4,
516,0087,北部湾大学[公办],06,海洋科学,517,198,114,97,64,85,73,16,
517,0087,北部湾大学[公办],07,自动化,537,220,111,100,62,84,71,24,
518,0087,北部湾大学[公办],08,船舶与海洋工程,527,213,107,104,53,79,78,13,
519,0087,北部湾大学[公办],09,海洋工程与技术,520,200,104,98,57,83,82,48,
520,0087,北部湾大学[公办],10,食品科学与工程,514,207,108,86,57,82,82,4,
521,0087,北部湾大学[公办],11,食品质量与安全,511,205,117,74,52,96,84,34,
522,0087,北部湾大学[公办],12,生物制药,518,186,115,111,52,86,83,55,
523,0087,北部湾大学[公办],13,水产养殖学,503,197,108,106,52,83,65,40,
524,0087,北部湾大学[公办],14,机械工程(中外合作办学),480,188,106,83,47,82,80,20,
525,0087,北部湾大学[公办],15,机械设计制造及其自动化(中外合作办学),484,184,100,111,40,78,71,61,
526,0087,北部湾大学[公办],16,车辆工程(中外合作办学),480,194,105,88,49,80,69,57,
527,0087,北部湾大学[公办],17,电子信息工程(中外合作办学),492,185,96,107,49,82,69,19,
528,0087,北部湾大学[公办],18,物联网工程(中外合作办学),486,170,100,114,45,84,73,33,
529,0087,北部湾大学[公办],19,工程造价(中外合作办学),501,221,118,78,39,88,75,8,
530,0088,北方工业大学[公办],10,信息与计算科学,591,226,115,132,64,87,82,25,
531,0088,北方工业大学[公办],11,统计学,588,226,113,124,72,87,79,27,
532,0088,北方工业大学[公办],12,机械设计制造及其自动化(机器人),590,221,113,112,74,92,91,45,
533,0088,北方工业大学[公办],13,机械设计制造及其自动化(创新实验班),591,224,117,112,70,94,91,39,
534,0088,北方工业大学[公办],14,材料成型及控制工程,570,223,116,97,73,89,88,42,
535,0088,北方工业大学[公办],15,机械电子工程(智能制造与新能源汽车),592,227,117,126,68,89,82,33,
536,0088,北方工业大学[公办],16,工业设计,585,222,115,124,59,90,90,31,
537,0088,北方工业大学[公办],17,材料科学与工程(新材料),579,227,115,124,56,91,81,24,
538,0088,北方工业大学[公办],18,储能科学与工程,587,219,124,124,66,92,86,43,
539,0088,北方工业大学[公办],19,电气工程及其自动化,597,235,119,99,76,94,93,11,
540,0088,北方工业大学[公办],20,电子信息工程,598,227,121,125,69,93,84,40,
541,0088,北方工业大学[公办],21,电子信息工程(创新实验班),601,221,113,132,64,98,86,31,
542,0088,北方工业大学[公办],22,通信工程,595,217,117,133,70,89,86,42,
543,0088,北方工业大学[公办],23,微电子科学与工程(电子封装、双培计划),601,225,114,120,70,93,93,20,
544,0088,北方工业大学[公办],24,自动化(智能机器人与智能工业控制),595,223,115,125,67,90,90,44,
545,0088,北方工业大学[公办],25,自动化(创新实验班),595,229,115,124,73,86,83,40,
546,0088,北方工业大学[公办],26,自动化(智能无人机),594,221,121,127,72,89,85,38,
547,0088,北方工业大学[公办],27,计算机科学与技术,601,224,119,135,65,94,83,35,
548,0088,北方工业大学[公办],28,计算机科学与技术(创新实验班),602,228,128,130,71,93,80,38,
549,0088,北方工业大学[公办],29,信息安全,597,238,131,106,68,95,90,29,
550,0088,北方工业大学[公办],30,数字媒体技术,596,236,128,130,55,88,87,12,
551,0088,北方工业大学[公办],31,土木工程,567,218,113,111,61,89,88,50,
552,0088,北方工业大学[公办],32,智能建造,575,231,132,122,47,88,87,10,
553,0088,北方工业大学[公办],33,智慧交通,581,232,117,104,62,92,91,28,
554,0088,北方工业大学[公办],34,工程管理,573,215,112,126,58,90,84,60,
555,0088,北方工业大学[公办],35,机械设计制造及其自动化(中外合作办学),560,212,120,140,50,87,71,12,
556,0088,北方工业大学[公办],36,数据科学与大数据技术(中外合作办学),563,206,106,134,65,86,72,19,
557,0088,北方工业大学[公办],37,土木工程(中外合作办学),527,210,115,122,35,80,80,3,
558,0090,北方民族大学(银川市)[公办],14,经济学类,523,200,112,123,53,79,68,44,
559,0090,北方民族大学(银川市)[公办],15,金融数学,525,211,111,99,59,81,75,12,
560,0090,北方民族大学(银川市)[公办],16,英语,531,203,103,120,60,79,69,7,
561,0090,北方民族大学(银川市)[公办],17,阿拉伯语,511,202,116,128,41,81,59,10,
562,0090,北方民族大学(银川市)[公办],18,日语,509,201,104,108,52,74,74,38,
563,0090,北方民族大学(银川市)[公办],19,数学类,528,218,113,105,47,83,75,1,
564,0090,北方民族大学(银川市)[公办],20,生物科学类,513,196,103,124,48,76,69,2,
565,0090,北方民族大学(银川市)[公办],21,统计学类,534,213,109,90,64,88,79,33,
566,0090,北方民族大学(银川市)[公办],22,机械类,534,201,106,104,52,91,86,21,
567,0090,北方民族大学(银川市)[公办],23,机械设计制造及其自动化(与合肥工业大学联合培养),541,212,108,108,55,89,77,23,
568,0090,北方民族大学(银川市)[公办],24,测控技术与仪器,531,215,117,98,59,81,78,50,
569,0090,北方民族大学(银川市)[公办],25,材料类,516,195,99,123,47,83,68,95,
570,0090,北方民族大学(银川市)[公办],26,电气工程及其自动化,548,206,121,111,56,89,86,63,
571,0090,北方民族大学(银川市)[公办],27,电子信息类,542,211,110,116,45,88,82,17,
572,0090,北方民族大学(银川市)[公办],28,自动化,540,210,106,95,64,89,82,85,
573,0090,北方民族大学(银川市)[公办],29,计算机类,544,208,105,119,60,80,77,14,
574,0090,北方民族大学(银川市)[公办],30,数据科学与大数据技术,548,219,117,101,59,86,83,66,
575,0090,北方民族大学(银川市)[公办],31,土木类,516,204,113,102,57,80,73,14,
576,0090,北方民族大学(银川市)[公办],32,水利水电工程,531,210,109,114,49,82,76,52,
577,0090,北方民族大学(银川市)[公办],33,化工与制药类,516,191,116,124,61,73,67,18,
578,0090,北方民族大学(银川市)[公办],34,制药工程(与合肥工业大学联合培养),525,196,103,110,66,81,72,10,
579,0090,北方民族大学(银川市)[公办],35,食品科学与工程,512,200,103,97,50,86,69,33,
580,0090,北方民族大学(银川市)[公办],36,食品科学与工程(与合肥工业大学联合培养),518,201,112,99,50,85,83,43,
581,0090,北方民族大学(银川市)[公办],37,生物工程,512,205,105,90,49,88,80,22,
582,0090,北方民族大学(银川市)[公办],38,医学影像技术,532,207,117,99,58,91,77,50,
583,0090,北方民族大学(银川市)[公办],39,眼视光学,528,203,121,118,46,90,71,5,
584,0090,北方民族大学(银川市)[公办],40,工商管理类(人力资源工商方向),521,204,108,111,40,92,74,7,
585,0090,北方民族大学(银川市)[公办],41,工商管理类(财务会计方向),530,210,107,101,58,88,73,37,
586,0090,北方民族大学(银川市)[公办],42,行政管理,520,205,115,126,38,88,63,15,
587,0090,北方民族大学(银川市)[公办],43,电子商务,514,215,122,120,39,70,70,9,
588,0090,北方民族大学(银川市)[公办],44,旅游管理,516,201,106,108,47,80,80,6,
589,0090,北方民族大学(银川市)[公办],45,软件工程(中外合作办学),526,209,112,91,57,87,82,5,
590,0094,北华大学(吉林市)[公办],10,法学,554,200,113,124,48,94,88,8,
591,0094,北华大学(吉林市)[公办],11,小学教育,530,219,112,110,46,79,76,29,
592,0094,北华大学(吉林市)[公办],12,英语,549,198,114,120,61,94,76,31,
593,0094,北华大学(吉林市)[公办],13,西班牙语,516,203,105,101,58,77,77,1,
594,0094,北华大学(吉林市)[公办],14,网络与新媒体,546,201,108,110,67,89,79,12,
595,0094,北华大学(吉林市)[公办],15,数学与应用数学,553,206,111,125,62,81,79,21,
596,0094,北华大学(吉林市)[公办],16,物理学,542,228,121,98,69,81,66,15,
597,0094,北华大学(吉林市)[公办],17,化学,546,199,118,127,60,80,80,15,
598,0094,北华大学(吉林市)[公办],18,应用化学,525,224,117,116,46,71,68,25,
599,0094,北华大学(吉林市)[公办],19,机械设计制造及其自动化,550,222,114,88,67,87,86,62,
600,0094,北华大学(吉林市)[公办],20,车辆工程,543,199,111,114,51,93,86,77,
601,0094,北华大学(吉林市)[公办],21,新能源材料与器件,542,212,112,123,42,91,74,38,
602,0094,北华大学(吉林市)[公办],22,电气工程及其自动化,560,215,110,115,63,84,83,28,
603,0094,北华大学(吉林市)[公办],23,电子信息工程,556,198,106,125,64,88,81,43,
604,0094,北华大学(吉林市)[公办],24,通信工程,553,205,111,116,56,92,84,24,
605,0094,北华大学(吉林市)[公办],25,计算机科学与技术,560,213,111,108,74,84,81,53,
606,0094,北华大学(吉林市)[公办],26,软件工程,554,208,111,127,67,76,76,56,
607,0094,北华大学(吉林市)[公办],27,数字媒体技术,561,218,126,120,44,93,86,21,
608,0094,北华大学(吉林市)[公办],28,数据科学与大数据技术,550,201,103,118,64,87,80,33,
609,0094,北华大学(吉林市)[公办],29,木材科学与工程,497,193,104,119,39,79,67,28,
610,0094,北华大学(吉林市)[公办],30,风景园林,525,201,107,99,60,83,82,5,
611,0094,北华大学(吉林市)[公办],31,林学,521,187,105,120,45,85,84,47,
612,0094,北华大学(吉林市)[公办],32,临床医学,566,226,123,131,42,86,81,14,
613,0094,北华大学(吉林市)[公办],33,医学影像学,564,214,112,112,60,89,89,25,
614,0094,北华大学(吉林市)[公办],34,口腔医学,568,195,115,137,64,87,85,52,
615,0094,北华大学(吉林市)[公办],35,预防医学,530,207,114,80,73,86,84,17,
616,0094,北华大学(吉林市)[公办],36,药学,542,216,116,95,62,87,82,25,
617,0094,北华大学(吉林市)[公办],37,医学检验技术,541,221,115,124,43,81,72,37,
618,0094,北华大学(吉林市)[公办],38,护理学,528,194,104,119,67,82,66,16,
619,0094,北华大学(吉林市)[公办],39,机械设计制造及其自动化(中外合作办学),516,208,112,113,59,73,63,40,
620,0094,北华大学(吉林市)[公办],40,通信工程(中外合作办学),527,198,110,121,53,80,75,30,
621,0095,北华航天工业学院(廊坊市)[公办],11,经济学,527,208,121,105,56,84,74,19,
622,0095,北华航天工业学院(廊坊市)[公办],12,国际经济与贸易,514,194,111,105,53,88,74,5,
623,0095,北华航天工业学院(廊坊市)[公办],13,社会工作,506,196,105,115,45,79,71,31,
624,0095,北华航天工业学院(廊坊市)[公办],14,英语,525,193,101,108,56,87,81,20,
625,0095,北华航天工业学院(廊坊市)[公办],15,应用统计学,516,216,115,81,64,86,69,17,
626,0095,北华航天工业学院(廊坊市)[公办],16,机械设计制造及其自动化,538,216,112,116,53,81,72,55,
627,0095,北华航天工业学院(廊坊市)[公办],17,材料成型及控制工程,513,199,101,110,58,77,69,4,
628,0095,北华航天工业学院(廊坊市)[公办],18,机械电子工程,535,200,100,117,59,83,76,25,
629,0095,北华航天工业学院(廊坊市)[公办],19,工业设计,514,194,106,92,55,87,86,31,
630,0095,北华航天工业学院(廊坊市)[公办],20,车辆工程,529,208,120,113,49,80,79,62,
631,0095,北华航天工业学院(廊坊市)[公办],21,智能制造工程,513,220,113,64,63,86,80,18,
632,0095,北华航天工业学院(廊坊市)[公办],22,金属材料工程,505,198,107,104,62,83,58,41,
633,0095,北华航天工业学院(廊坊市)[公办],23,复合材料与工程,505,198,115,110,42,85,70,3,
634,0095,北华航天工业学院(廊坊市)[公办],24,焊接技术与工程,507,196,102,94,60,79,78,39,
635,0095,北华航天工业学院(廊坊市)[公办],25,功能材料,503,205,107,104,45,75,74,18,
636,0095,北华航天工业学院(廊坊市)[公办],26,电气工程与智能控制,538,218,111,89,60,88,83,41,
637,0095,北华航天工业学院(廊坊市)[公办],27,电子信息工程,540,211,107,104,58,84,83,36,
638,0095,北华航天工业学院(廊坊市)[公办],28,通信工程,535,211,106,97,67,83,77,8,
639,0095,北华航天工业学院(廊坊市)[公办],29,微电子科学与工程,527,217,117,126,42,75,67,88,
640,0095,北华航天工业学院(廊坊市)[公办],30,光电信息科学与工程,520,209,105,105,48,79,79,40,
641,0095,北华航天工业学院(廊坊市)[公办],31,人工智能,519,207,105,105,48,79,70,19,
642,0095,北华航天工业学院(廊坊市)[公办],32,自动化,537,199,110,120,58,85,75,21,
643,0095,北华航天工业学院(廊坊市)[公办],33,计算机科学与技术,542,220,115,105,58,83,76,10,
644,0095,北华航天工业学院(廊坊市)[公办],34,软件工程,540,216,115,92,65,86,81,27,
645,0095,北华航天工业学院(廊坊市)[公办],35,网络工程,536,211,111,112,67,77,69,50,
646,0095,北华航天工业学院(廊坊市)[公办],36,空间信息与数字技术,523,200,118,112,54,79,78,15,
647,0095,北华航天工业学院(廊坊市)[公办],37,数据科学与大数据技术,535,209,107,115,49,84,78,22,
648,0095,北华航天工业学院(廊坊市)[公办],38,土木工程,506,196,106,100,62,77,71,39,
649,0095,北华航天工业学院(廊坊市)[公办],39,建筑环境与能源应用工程,504,220,114,72,54,85,73,43,
650,0095,北华航天工业学院(廊坊市)[公办],40,道路桥梁与渡河工程,504,183,97,113,65,80,63,27,
651,0095,北华航天工业学院(廊坊市)[公办],41,遥感科学与技术,517,197,103,115,55,85,65,49,
652,0095,北华航天工业学院(廊坊市)[公办],42,导航工程,514,206,103,92,50,86,80,76,
653,0095,北华航天工业学院(廊坊市)[公办],43,飞行器设计与工程,526,192,101,99,61,91,83,40,
654,0095,北华航天工业学院(廊坊市)[公办],44,飞行器制造工程,530,193,104,115,55,90,77,79,
655,0095,北华航天工业学院(廊坊市)[公办],45,无人驾驶航空器系统工程,518,196,109,109,47,83,83,22,
656,0095,北华航天工业学院(廊坊市)[公办],46,工程造价,507,203,109,123,44,77,60,32,
657,0095,北华航天工业学院(廊坊市)[公办],47,市场营销,500,208,104,97,43,80,72,37,
658,0095,北华航天工业学院(廊坊市)[公办],48,会计学,541,214,113,113,41,82,81,17,
659,0095,北华航天工业学院(廊坊市)[公办],49,财务管理,534,207,113,109,53,94,71,45,
660,0095,北华航天工业学院(廊坊市)[公办],50,人力资源管理,511,199,105,88,52,88,84,19,
661,0095,北华航天工业学院(廊坊市)[公办],51,物流管理,512,207,110,114,39,87,65,31,
662,0095,北华航天工业学院(廊坊市)[公办],52,电子商务,509,182,96,105,47,88,87,14,
663,0095,北华航天工业学院(廊坊市)[公办],53,机械设计制造及其自动化(中外合作办学),500,180,98,118,50,78,74,17,
664,0095,北华航天工业学院(廊坊市)[公办],54,通信工程(中外合作办学),498,192,106,113,43,77,73,25,
665,0098,北京城市学院[民办],17,金融科技,498,195,100,99,45,88,71,56,
666,0098,北京城市学院[民办],18,地理信息科学,494,197,105,112,26,84,75,8,
667,0098,北京城市学院[民办],19,机械类,479,186,103,99,55,70,69,22,
668,0098,北京城市学院[民办],20,人工智能(校企合作班),466,179,91,69,56,88,74,51,
669,0098,北京城市学院[民办],21,计算机科学与技术(校企合作班),506,202,118,100,47,82,75,27,
670,0098,北京城市学院[民办],22,软件工程(校企合作班),474,190,111,88,42,87,67,3,
671,0098,北京城市学院[民办],23,数据科学与大数据技术(校企合作班),484,199,109,96,36,90,63,7,
672,0098,北京城市学院[民办],24,土木工程(智能设计与建造),475,187,95,82,57,77,72,28,
673,0098,北京城市学院[民办],25,建筑学,488,190,102,96,44,82,76,17,
674,0098,北京城市学院[民办],26,康复治疗学,487,182,99,94,49,81,81,8,
675,0098,北京城市学院[民办],27,工程造价,487,189,101,96,43,88,71,6,
676,0098,北京城市学院[民办],28,工商管理类,498,192,101,112,41,85,68,15,
677,0098,北京城市学院[民办],29,会计学,512,210,108,98,44,91,69,10,
678,0098,北京城市学院[民办],30,旅游管理类,493,187,104,110,39,83,74,8,
679,0100,北京大学[公办],52,理科试验班类(理科基础类专业),685,260,130,144,84,99,98,1,
680,0102,北京大学医学部[公办],02,英语(医学英语),672,256,129,140,91,95,90,2,
681,0102,北京大学医学部[公办],03,基础医学(本博连读),680,258,136,140,85,99,98,2,
682,0102,北京大学医学部[公办],04,临床医学(本博连读),681,257,130,144,87,97,96,2,
683,0102,北京大学医学部[公办],05,临床医学,678,261,135,142,83,97,95,5,
684,0102,北京大学医学部[公办],06,口腔医学(本博连读),684,262,132,143,88,96,95,1,
685,0102,北京大学医学部[公办],07,口腔医学,674,263,132,127,92,97,95,7,
686,0102,北京大学医学部[公办],08,预防医学(本硕连读),672,251,126,137,93,97,94,9,
687,0102,北京大学医学部[公办],09,药学(本硕连读),673,253,133,137,87,98,98,1,
688,0102,北京大学医学部[公办],10,护理学,665,263,137,129,81,97,95,8,
689,0104,北京第二外国语学院[公办],18,金融学(跨境金融),589,216,109,135,67,86,85,24,
690,0104,北京第二外国语学院[公办],19,国际事务与国际关系(国际组织),573,221,113,128,51,92,81,5,
691,0104,北京第二外国语学院[公办],20,俄语,567,206,109,129,63,86,83,1,
692,0104,北京第二外国语学院[公办],21,德语,581,208,125,133,58,91,91,5,
693,0104,北京第二外国语学院[公办],22,法语,589,225,117,139,58,85,82,12,
694,0104,北京第二外国语学院[公办],23,阿拉伯语,578,224,115,117,61,94,82,27,
695,0104,北京第二外国语学院[公办],24,日语(人文交流),580,213,118,137,57,92,81,2,
696,0104,北京第二外国语学院[公办],25,朝鲜语(人文交流),558,202,111,125,68,87,76,62,
697,0104,北京第二外国语学院[公办],26,翻译(中英西复语实验班),590,234,126,131,56,87,82,9,
698,0105,北京第二外国语学院中瑞酒店管理学院[独立学院],08,金融学,450,190,99,81,41,70,68,1,
699,0105,北京第二外国语学院中瑞酒店管理学院[独立学院],09,金融学(国际班),470,187,97,110,32,71,70,11,
700,0105,北京第二外国语学院中瑞酒店管理学院[独立学院],10,市场营销(国际班),,,,,,,,,
701,0105,北京第二外国语学院中瑞酒店管理学院[独立学院],11,财务管理,452,188,115,88,30,80,66,22,
702,0105,北京第二外国语学院中瑞酒店管理学院[独立学院],12,财务管理(国际班),448,168,96,94,33,80,73,51,
703,0105,北京第二外国语学院中瑞酒店管理学院[独立学院],13,人力资源管理,450,179,103,86,42,73,70,1,
704,0105,北京第二外国语学院中瑞酒店管理学院[独立学院],14,人力资源管理(国际班),,,,,,,,,
705,0105,北京第二外国语学院中瑞酒店管理学院[独立学院],15,健康服务与管理(中日联合培养),456,170,106,97,33,85,71,96,
706,0105,北京第二外国语学院中瑞酒店管理学院[独立学院],16,酒店管理,449,177,103,56,48,88,80,58,
707,0105,北京第二外国语学院中瑞酒店管理学院[独立学院],17,酒店管理(国际课程班),451,164,88,84,49,77,77,29,
708,0107,北京电影学院(按高考文化课成绩录取的艺术类专业)[公办],05,戏剧影视文学(剧作),584,234,126,124,49,90,87,1,
709,0112,北京服装学院[公办],04,国际经济与贸易,538,207,108,125,44,85,77,5,
710,0112,北京服装学院[公办],05,工业设计,541,219,113,102,59,86,75,7,
711,0112,北京服装学院[公办],06,高分子材料与工程,521,199,105,118,37,89,78,2,
712,0112,北京服装学院[公办],07,服装设计与工程,540,228,114,89,65,86,72,4,
713,0112,北京服装学院[公办],08,轻化工程,516,195,101,115,56,77,73,30,
714,0112,北京服装学院[公办],09,信息管理与信息系统,538,203,106,111,60,84,80,14,
715,0113,北京工商大学[公办],02,金融学(CFA特许金融分析师方向),579,214,117,125,65,91,84,8,
716,0113,北京工商大学[公办],03,智能制造工程,579,213,111,126,69,88,83,9,
717,0113,北京工商大学[公办],04,材料类(新材料智造方向),567,228,115,109,56,88,86,20,
718,0113,北京工商大学[公办],05,香料香精技术与工程(交叉学科特色实验班),571,227,117,106,67,88,83,18,
719,0113,北京工商大学[公办],06,化妆品技术与工程,569,208,104,120,75,86,80,32,
720,0113,北京工商大学[公办],07,环境工程(数智环境技术方向),562,209,113,116,65,89,83,2,
721,0113,北京工商大学[公办],08,食品质量与安全(数智化创新实验班),570,225,114,127,56,81,81,23,
722,0113,北京工商大学[公办],09,生物工程(生物智造方向),569,220,120,124,64,81,80,26,
723,0113,北京工商大学[公办],10,工商管理(数字化管理方向),578,216,118,132,60,91,79,10,
724,0113,北京工商大学[公办],11,会计学(大数据实验班),591,224,114,129,65,87,86,43,
725,0113,北京工商大学[公办],12,电子商务(大数据与数字化运营方向),572,217,110,123,61,88,83,1,
726,0113,北京工商大学[公办],13,应用统计学(中外合作办学),539,206,104,117,57,87,72,1,
727,0113,北京工商大学[公办],14,食品科学与工程(中外合作办学),527,197,107,120,50,90,70,34,
728,0114,北京工业大学[公办],07,法学,607,221,125,139,66,92,89,15,
729,0114,北京工业大学[公办],08,机械类,616,234,119,116,81,94,91,30,
730,0114,北京工业大学[公办],09,工业设计,611,244,128,118,69,91,89,25,
731,0114,北京工业大学[公办],10,机器人工程,621,240,127,135,68,91,87,17,
732,0114,北京工业大学[公办],11,土木类,592,213,110,117,76,93,93,13,
733,0114,北京工业大学[公办],12,智能建造,611,224,116,125,77,93,92,21,
734,0114,北京工业大学[公办],13,交通运输类(实验班),611,239,124,115,72,90,85,33,
735,0114,北京工业大学[公办],14,环境科学与工程类,600,220,114,125,73,93,89,27,
736,0114,北京工业大学[公办],15,生物医学工程,609,238,123,131,60,93,87,29,
737,0114,北京工业大学[公办],16,城乡规划,589,227,117,130,58,89,85,35,
738,0114,北京工业大学[公办],17,工商管理,594,236,119,129,60,92,77,20,
739,0114,北京工业大学[公办],18,会计学,609,227,117,140,61,92,89,7,
740,0114,北京工业大学[公办],19,金融学(中外合作办学),577,220,116,135,59,87,76,2,
741,0114,北京工业大学[公办],20,电子信息工程(中外合作办学),600,222,116,126,75,90,87,12,
742,0114,北京工业大学[公办],21,软件工程(中外合作办学),596,229,119,131,69,85,82,23,
743,0114,北京工业大学[公办],22,物联网工程(中外合作办学),596,222,117,127,75,86,86,14,
744,0115,北京工业大学耿丹学院[独立学院],07,金融工程,460,171,93,105,50,68,66,15,
745,0115,北京工业大学耿丹学院[独立学院],08,国际经济与贸易,457,181,110,69,46,87,74,53,
746,0115,北京工业大学耿丹学院[独立学院],09,汉语国际教育,461,192,112,73,41,83,72,16,
747,0115,北京工业大学耿丹学院[独立学院],10,机械设计制造及其自动化(机器人方向),460,183,93,104,32,72,69,32,
748,0115,北京工业大学耿丹学院[独立学院],11,工业设计,454,170,92,107,43,71,63,12,
749,0115,北京工业大学耿丹学院[独立学院],12,电子信息类,459,171,109,102,47,80,59,7,
750,0115,北京工业大学耿丹学院[独立学院],13,计算机类,464,200,101,98,40,67,59,17,
751,0115,北京工业大学耿丹学院[独立学院],14,数字媒体技术,457,172,108,66,45,89,85,7,
752,0115,北京工业大学耿丹学院[独立学院],15,建筑学,453,167,98,118,36,68,64,8,
753,0115,北京工业大学耿丹学院[独立学院],16,城乡规划,451,164,104,111,33,73,70,14,
754,0115,北京工业大学耿丹学院[独立学院],17,财务管理,467,180,91,69,53,84,81,19,
755,0118,北京航空航天大学[公办],08,工科试验班类(未来空天领军计划),672,263,133,137,81,96,95,3,
756,0118,北京航空航天大学[公办],09,工科试验班类(医工交叉试验班),660,253,137,143,82,93,89,15,
757,0118,北京航空航天大学[公办],10,工科试验班类(航空H航天类),658,244,125,135,85,97,97,7,
758,0118,北京航空航天大学[公办],11,工科试验班类(信息类),661,256,133,139,75,96,95,32,
759,0118,北京航空航天大学[公办],12,理科试验班类(中法工程师学院),660,258,135,143,74,93,92,15,
760,0118,北京航空航天大学[公办],13,理科试验班类,660,238,120,142,86,98,96,12,
761,0118,北京航空航天大学[公办],14,数学与应用数学(拔尖学生培养计划),667,264,133,140,82,93,88,3,
762,0118,北京航空航天大学[公办],15,物理学(拔尖学生培养计划),669,257,129,141,83,97,91,21,
763,0118,北京航空航天大学[公办],16,工程力学(拔尖学生培养计划),667,254,129,141,80,97,95,9,
764,0118,北京航空航天大学[公办],17,微电子科学与工程(卓越人才培养试验班),669,257,141,141,83,96,92,5,
765,0118,北京航空航天大学[公办],18,人工智能(卓越人才培养试验班),669,257,131,137,79,99,97,12,
766,0118,北京航空航天大学[公办],19,计算机科学与技术(拔尖学生培养计划),671,251,127,145,83,97,95,5,
767,0118,北京航空航天大学[公办],20,飞行器动力工程(卓越人才培养试验班),668,259,131,138,89,94,88,17,
768,0119,北京航空航天大学(国际合作专项)[公办],01,工科试验班类(中外合作办学，中法航空试验班),635,235,119,140,76,95,89,1,
769,0119,北京航空航天大学(国际合作专项)[公办],02,飞行器动力工程(国际合作专项),644,254,128,141,70,93,86,15,
770,0121,北京化工大学[公办],10,工科试验班(宏德书院),613,234,121,131,71,91,86,28,
771,0121,北京化工大学[公办],11,工科试验班(绿色化工与生物医药),603,236,121,112,78,89,88,19,
772,0121,北京化工大学[公办],12,工科试验班(先进材料),604,220,114,129,70,94,91,14,
773,0121,北京化工大学[公办],13,理科试验班(数学、物理电子与管理),607,233,120,118,81,89,86,22,
774,0121,北京化工大学[公办],14,理科试验班(绿色化学),603,223,117,127,72,95,86,20,
775,0121,北京化工大学[公办],15,化学(基础拔尖),610,236,119,117,73,93,91,45,
776,0121,北京化工大学[公办],16,化学(化学、生工双学士学位),607,235,120,118,71,92,91,6,
777,0121,北京化工大学[公办],17,材料科学与工程(材料、大数据双学士学位),610,229,124,120,82,93,86,35,
778,0121,北京化工大学[公办],18,自动化类(高端装备与智能制造),612,238,121,127,64,95,88,22,
779,0121,北京化工大学[公办],19,计算机类,617,239,120,125,70,92,91,31,
780,0121,北京化工大学[公办],20,化学工程与工艺(化工、大数据双学士学位),616,235,122,127,68,95,91,33,
781,0121,北京化工大学[公办],21,生物工程(生工、大数据双学士学位),615,247,124,128,61,91,88,24,
782,0121,北京化工大学[公办],22,工商管理类(新文科经管法),600,236,124,125,58,94,87,20,
783,0121,北京化工大学[公办],23,机械设计制造及其自动化(中外合作办学)(中美双学位、机器人方向),588,207,110,119,75,95,92,9,
784,0121,北京化工大学[公办],24,工业设计(中外合作办学)(中意设计双学位),589,220,122,129,63,91,86,7,
785,0121,北京化工大学[公办],25,化工与制药类(中外合作办学)(中法精英工程教育试验班),581,225,114,115,70,92,79,41,
786,0121,北京化工大学[公办],26,生物工程(中外合作办学)(中美双学位、生物过程工程),582,212,120,128,66,89,87,11,
787,0124,北京建筑大学[公办],01,信息与计算科学(大数据应用),585,208,106,126,70,92,89,17,
788,0124,北京建筑大学[公办],02,机械电子工程(智能化系统及高端装备),588,243,125,86,78,91,90,38,
789,0124,北京建筑大学[公办],03,车辆工程(实验班),587,231,130,126,49,94,87,15,
790,0124,北京建筑大学[公办],04,车辆工程(智能轨道车辆),586,219,110,130,60,91,86,2,
791,0124,北京建筑大学[公办],05,智能制造工程,584,231,118,98,69,95,91,27,
792,0124,北京建筑大学[公办],06,能源与动力工程(新能源与低碳),591,221,113,121,64,93,92,3,
793,0124,北京建筑大学[公办],07,电气工程及其自动化,602,231,123,124,67,91,89,16,
794,0124,北京建筑大学[公办],08,人工智能,594,229,123,122,64,91,88,43,
795,0124,北京建筑大学[公办],09,自动化(建筑智能控制与机器人),589,209,107,124,76,91,89,36,
796,0124,北京建筑大学[公办],10,计算机科学与技术(互联网控制),607,228,116,128,65,95,91,18,
797,0124,北京建筑大学[公办],11,土木工程(实验班),569,222,111,127,50,89,81,13,
798,0124,北京建筑大学[公办],12,土木工程,563,218,117,123,54,88,80,11,
799,0124,北京建筑大学[公办],13,建筑环境与能源应用工程(实验班),569,207,108,117,74,91,80,32,
800,0124,北京建筑大学[公办],14,建筑环境与能源应用工程,567,224,123,122,63,83,75,15,
801,0124,北京建筑大学[公办],15,给排水科学与工程,560,220,128,105,58,89,88,14,
802,0124,北京建筑大学[公办],16,智能建造,579,226,113,120,60,91,82,3,
803,0124,北京建筑大学[公办],17,测绘类(智慧城市类),575,204,106,131,60,97,83,7,
804,0124,北京建筑大学[公办],18,导航工程,585,225,116,107,79,88,86,29,
805,0124,北京建筑大学[公办],19,交通工程(智能交通),581,219,111,124,61,90,87,29,
806,0124,北京建筑大学[公办],20,建筑学(实验班),590,232,117,106,71,91,90,17,
807,0124,北京建筑大学[公办],21,城乡规划,579,221,113,123,63,86,86,2,
808,0124,北京建筑大学[公办],22,风景园林,569,216,112,117,66,87,83,29,
809,0124,北京建筑大学[公办],23,工程管理(实验班),573,220,114,125,55,89,84,7,
810,0124,北京建筑大学[公办],24,工程造价,576,218,120,126,52,90,90,13,
811,0124,北京建筑大学[公办],25,工业工程(工业互联网与大数据),582,239,130,114,61,89,79,22,
812,0125,北京交通大学[公办],09,经济管理试验班(经济类、管科类),611,224,114,136,68,92,91,6,
813,0125,北京交通大学[公办],10,理科试验班类(詹天佑试点班信息类),633,243,123,128,77,93,92,5,
814,0125,北京交通大学[公办],11,理科试验班类(詹天佑试点班智能类),630,237,125,140,70,93,90,24,
815,0125,北京交通大学[公办],12,理科试验班(数学与统计),623,233,117,125,77,94,94,12,
816,0125,北京交通大学[公办],13,理科试验班(智能光电与纳米技术),621,251,127,121,73,89,87,27,
817,0125,北京交通大学[公办],14,法学,613,235,120,124,70,93,91,36,
818,0125,北京交通大学[公办],15,外国语言文学类,601,224,121,131,67,92,87,17,
819,0125,北京交通大学[公办],16,系统科学与工程(智能交通系统),624,244,122,129,70,91,90,32,
820,0125,北京交通大学[公办],17,机械类(智能制造与智能装备),622,238,119,133,71,92,88,14,
821,0125,北京交通大学[公办],18,电气类,627,235,122,140,75,91,86,41,
822,0125,北京交通大学[公办],19,电子信息类,630,235,119,114,93,97,91,49,
823,0125,北京交通大学[公办],20,自动化类,627,235,126,140,65,95,92,22,
824,0125,北京交通大学[公办],21,计算机类,633,240,121,131,74,94,94,33,
825,0125,北京交通大学[公办],22,软件工程,629,241,123,139,67,91,91,23,
826,0125,北京交通大学[公办],23,土木类(智慧建造与智能工程),609,241,128,127,68,89,84,18,
827,0125,北京交通大学[公办],24,交通运输类,623,237,119,127,73,93,93,27,
828,0125,北京交通大学[公办],25,建筑类(建筑与规划),601,224,118,132,69,90,86,19,
829,0125,北京交通大学[公办],26,机械电子工程(中外合作办学),598,225,113,126,70,91,86,8,
830,0125,北京交通大学[公办],27,纳米材料与技术(中外合作办学),589,207,116,122,82,94,84,9,
831,0127,北京交通大学(威海校区)[公办],02,通信工程(中外合作办学),600,226,126,137,64,88,85,39,
832,0127,北京交通大学(威海校区)[公办],03,计算机科学与技术(中外合作办学),598,219,114,136,67,91,85,8,
833,0127,北京交通大学(威海校区)[公办],04,环境工程(中外合作办学),576,207,116,119,72,90,88,12,
834,0127,北京交通大学(威海校区)[公办],05,信息管理与信息系统(中外合作办学),585,227,119,122,64,88,84,51,
835,0127,北京交通大学(威海校区)[公办],06,会计学(中外合作办学),589,226,113,143,61,81,78,3,
836,0130,北京金融科技学院[民办],07,数字经济,448,178,100,86,49,69,66,1,
837,0130,北京金融科技学院[民办],08,金融学,448,158,90,92,56,73,69,8,
838,0130,北京金融科技学院[民办],09,金融工程,450,157,96,106,35,83,69,10,
839,0130,北京金融科技学院[民办],10,金融科技,459,185,94,94,41,71,68,8,
840,0130,北京金融科技学院[民办],11,应用心理学,,,,,,,,,
841,0130,北京金融科技学院[民办],12,人工智能,450,182,105,80,41,86,61,23,
842,0130,北京金融科技学院[民办],13,计算机科学与技术,452,176,96,96,59,61,60,14,
843,0130,北京金融科技学院[民办],14,数据科学与大数据技术,448,151,102,131,33,70,63,67,
844,0130,北京金融科技学院[民办],15,大数据管理与应用,450,176,90,88,48,69,69,33,
845,0130,北京金融科技学院[民办],16,会计学,466,185,105,94,44,74,69,32,
846,0130,北京金融科技学院[民办],17,财务管理,452,174,106,102,48,66,62,28,
847,0130,北京金融科技学院[民办],18,国际商务,462,188,112,107,32,83,52,30,
848,0130,北京金融科技学院[民办],19,审计学,454,194,99,55,55,79,71,40,
849,0136,北京科技大学[公办],13,工科试验班类,623,244,123,123,68,95,93,22,
850,0136,北京科技大学[公办],14,理科试验班,628,233,117,133,75,95,92,22,
851,0136,北京科技大学[公办],15,理科试验班(纳米科学与工程试验班),629,235,123,138,72,92,92,25,
852,0136,北京科技大学[公办],16,数学类,619,242,126,108,79,97,93,10,
853,0136,北京科技大学[公办],17,应用物理学,617,227,122,129,73,97,91,46,
854,0136,北京科技大学[公办],18,应用化学,612,238,120,131,67,91,85,22,
855,0136,北京科技大学[公办],19,生物技术,611,225,129,133,75,91,87,40,
856,0136,北京科技大学[公办],20,机械类,616,237,120,121,77,91,90,10,
857,0136,北京科技大学[公办],21,材料科学与工程(高精尖班),633,246,128,135,67,93,92,4,
858,0136,北京科技大学[公办],22,材料科学与工程,614,228,131,130,71,94,91,24,
859,0136,北京科技大学[公办],23,冶金工程,610,225,114,126,81,92,86,16,
860,0136,北京科技大学[公办],24,材料智能技术,617,235,119,130,67,93,92,8,
861,0136,北京科技大学[公办],25,能源动力类(能源、环境专业),615,228,116,128,75,93,91,17,
862,0136,北京科技大学[公办],26,储能科学与工程,618,234,118,125,70,96,93,8,
863,0136,北京科技大学[公办],27,通信工程,624,243,129,130,69,92,90,37,
864,0136,北京科技大学[公办],28,人工智能,624,245,127,122,73,93,91,41,
865,0136,北京科技大学[公办],29,自动化类,623,240,124,125,79,91,88,15,
866,0136,北京科技大学[公办],30,计算机类,627,236,125,131,80,90,90,35,
867,0136,北京科技大学[公办],31,安全工程,613,235,125,126,70,92,90,49,
868,0136,北京科技大学[公办],32,大数据管理与应用(大数据与金融试验班),613,230,123,129,71,93,90,6,
869,0136,北京科技大学[公办],33,工商管理类(数智管理与经济试验班),607,235,121,132,58,92,90,3,
870,0138,北京科技大学天津学院[独立学院],09,金融工程,487,197,111,69,61,80,80,7,
871,0138,北京科技大学天津学院[独立学院],10,国际经济与贸易,490,187,104,84,60,96,63,29,
872,0138,北京科技大学天津学院[独立学院],11,法学,517,192,97,117,58,77,73,2,
873,0138,北京科技大学天津学院[独立学院],12,知识产权,492,201,119,114,34,76,67,43,
874,0138,北京科技大学天津学院[独立学院],13,英语,496,206,109,99,48,73,70,9,
875,0138,北京科技大学天津学院[独立学院],14,日语,479,187,103,129,38,69,56,24,
876,0138,北京科技大学天津学院[独立学院],15,朝鲜语,477,189,96,99,51,72,66,8,
877,0138,北京科技大学天津学院[独立学院],16,机械工程,483,193,110,82,51,87,70,23,
878,0138,北京科技大学天津学院[独立学院],17,智能制造工程,485,176,93,113,41,81,74,18,
879,0138,北京科技大学天津学院[独立学院],18,材料科学与工程,478,195,103,82,47,82,72,42,
880,0138,北京科技大学天津学院[独立学院],19,通信工程,495,206,105,100,57,69,63,10,
881,0138,北京科技大学天津学院[独立学院],20,人工智能,489,212,113,88,39,82,68,4,
882,0138,北京科技大学天津学院[独立学院],21,自动化,494,167,105,117,47,77,76,35,
883,0138,北京科技大学天津学院[独立学院],22,计算机科学与技术,500,205,107,105,53,71,66,39,
884,0138,北京科技大学天津学院[独立学院],23,土木工程,475,187,113,102,42,75,69,21,
885,0138,北京科技大学天津学院[独立学院],24,无人驾驶航空器系统工程,480,209,112,52,57,86,76,55,
886,0138,北京科技大学天津学院[独立学院],25,环境工程,477,198,100,83,60,68,68,46,
887,0138,北京科技大学天津学院[独立学院],26,康复治疗学,484,180,103,109,46,80,69,39,
888,0138,北京科技大学天津学院[独立学院],27,护理学,496,209,112,69,49,91,78,61,
889,0138,北京科技大学天津学院[独立学院],28,工程造价,483,192,99,76,49,84,82,46,
890,0138,北京科技大学天津学院[独立学院],29,会计学,504,190,105,107,48,80,79,2,
891,0138,北京科技大学天津学院[独立学院],30,财务管理,497,195,106,101,49,79,73,24,
892,0138,北京科技大学天津学院[独立学院],31,物流工程,482,191,102,113,41,72,65,28,
893,0142,北京理工大学[公办],07,工科试验班(未来精工技术),665,255,129,141,80,95,94,10,珠海校区
894,0142,北京理工大学[公办],08,工科试验班(徐特立英才班),659,262,136,134,78,93,92,21,
895,0142,北京理工大学[公办],09,工科试验班(拔尖计划),659,253,129,135,90,93,88,2,
896,0142,北京理工大学[公办],10,工科试验班(宇航与机电类),654,250,129,135,81,95,93,22,
897,0142,北京理工大学[公办],11,工科试验班(信息科学技术),656,250,125,142,80,93,91,12,
898,0142,北京理工大学[公办],12,工科试验班(电子信息实验班),655,239,124,135,90,96,95,25,
899,0142,北京理工大学[公办],13,会计学(中外合作办学),618,241,127,140,71,87,79,6,
