,交易日,交易所代码,ETF交易代码,ETF申赎代码,最小申购赎回单位份数,最大现金替代比例,预估现金差额,前一交易日现金差额,前一交易日基金单位净值,前一交易日申赎基准单位净值,当日申购赎回基准单位的红利金额,ETF申赎类型,ETF证券名称
0,20371205,1,510010,510010,1000000,0.3,-19305.22,-16349.22,1.638,1637887.78,0.0,0,180治理ETF
1,20371205,1,510020,510020,100000,0.4,86.0,86.0,3.1395,313946.0,0.0,0,超大盘ETF
2,20371205,1,510030,510030,500000,0.5,96.75,388.75,1.01,505056.75,0.0,0,价值ETF
3,20371205,1,510050,510050,900000,0.5,12619.5,13457.67,2.8303,2547314.45,0.0,0,上证50ETF
4,20371205,1,510060,510060,1000000,0.5,20234.02,3712.02,2.5251,2525112.02,0.0,0,央企ETF
5,20371205,1,510090,510090,500000,0.4,51541.78,51735.78,2.5438,1271887.78,0.0,0,ESGETF基金
6,20371205,1,510100,510100,600000,1.0,3110.66,374.66,1.3836,830178.66,0.0,0,上证50ETF易方达
7,20371205,1,510130,510130,400000,1.0,9141.61,15886.61,5.8373,2334912.61,0.0,0,中盘ETF
8,20371205,1,510150,510150,2000000,0.3,-57320.36,-57395.36,0.5313,1062602.64,0.0,0,消费ETF
9,20371205,1,510160,510160,2000000,0.5,-200.58,1906.42,0.8572,1714378.42,0.0,0,产业升级ETF
10,20371205,1,510170,510170,2000000,0.5,2364.54,1403.54,0.927,1853161.54,0.0,0,大宗商品ETF
11,20371205,1,510180,510180,500000,0.5,-35604.2,-34017.2,3.8096,1904805.8,0.0,0,上证180ETF
12,20371205,1,510190,510190,500000,0.5,-71791.32,-71791.32,3.8535,1926765.68,0.0,0,上证50ETF指数基金
13,20371205,1,510200,510200,500000,0.8,1253.78,-2042.22,1.2324,616176.78,0.0,0,上证券商ETF
14,20371205,1,510210,510210,3000000,0.5,95.01,2481.01,0.804,2411995.01,0.0,0,上证指数ETF
15,20371205,1,510230,510230,1000000,0.3,-1933.21,3182.79,1.3087,1308654.79,0.0,0,金融ETF
16,20371205,1,510270,510270,1000000,0.5,-46327.61,-45691.61,1.3652,1365214.39,0.0,0,国企ETF
17,20371205,1,510290,510290,2000000,1.0,-10987.49,-7120.49,1.9344,3868819.51,0.0,0,上证380ETF
18,20371205,1,510300,510300,900000,0.5,4676.9,9602.9,4.0426,3638305.9,0.0,0,沪深300ETF
19,20371205,1,510310,510310,900000,0.8,4494.04,7244.04,3.9623,3566113.04,0.0,0,沪深300ETF易方达
20,20371205,1,510330,510330,900000,0.5,3622.01,12620.08,4.137,3723316.8,0.0,0,沪深300ETF华夏
21,20371205,1,510350,510350,900000,0.5,10652.63,10938.63,3.9923,3593089.63,0.0,0,工银沪深300ETF
22,20371205,1,510360,510360,3000000,0.5,15336.13,20089.13,1.4696,4408727.13,0.0,0,沪深300ETF基金
23,20371205,1,510370,510370,3000000,0.5,36239.06,38258.06,0.8726,2617759.06,0.0,0,300指数ETF
24,20371205,1,510380,510380,3000000,0.5,-38710.96,-36511.96,1.1333,3399963.04,0.0,0,国寿300ETF
25,20371205,1,510390,510390,900000,0.5,16894.62,16318.62,4.2858,3857264.62,0.0,0,沪深300ETF平安
26,20371205,1,510410,510410,1000000,0.4,33.41,-411.59,1.296,1295962.41,0.0,0,资源ETF
27,20371205,1,510500,510500,400000,0.6,-2388.76,-1754.76,5.6989,2279572.24,0.0,0,中证500ETF
28,20371205,1,510510,510510,2000000,0.5,-14813.61,-19414.61,1.7533,3506662.39,0.0,0,中证500ETF基金
29,20371205,1,510530,510530,500000,0.5,15936.84,16675.84,5.9065,2953229.84,0.0,0,工银中证500ETF
30,20371205,1,510550,510550,2000000,0.5,19278.63,12867.63,1.4134,2826842.63,0.0,0,方正中证500ETF
31,20371205,1,510560,510560,2000000,0.5,14977.74,13893.74,1.2965,2593507.74,0.0,0,国寿500ETF
32,20371205,1,510570,510570,2500000,0.5,41744.2,40350.2,0.8774,2193551.2,0.0,0,兴业中证500ETF
33,20371205,1,510580,510580,800000,0.7,3261.69,3276.69,2.8064,2245127.69,0.0,0,中证500ETF易方达
34,20371205,1,510590,510590,400000,0.5,5780.56,9634.56,5.7968,2318722.56,0.0,0,中证500ETF平安
35,20371205,1,510600,510600,300000,0.5,14295.48,14295.48,3.4879,1046383.48,0.0,0,申万上证50ETF
36,20371205,1,510630,510630,1000000,0.5,-11106.92,-11624.61,0.9704,970434.1,0.0,0,消费30ETF
37,20371205,1,510650,510650,500000,0.5,4280.51,9891.03,2.698,1349015.51,0.0,0,金融地产ETF
38,20371205,1,510660,510660,500000,0.5,77.5,-26.59,2.1642,1082094.75,0.0,0,医药卫生ETF
39,20371205,1,510680,510680,300000,0.5,-30813.62,-31327.62,2.8023,840682.38,0.0,0,上证50ETF基金
40,20371205,1,510710,510710,300000,0.4,428.78,428.78,3.7248,1117450.78,0.0,0,上证50ETF博时
41,20371205,1,510720,510720,1000000,0.5,4098.53,880.53,1.0315,1031521.53,0.0,0,XD红利国企ETF
42,20371205,1,510760,510760,3000000,0.3,6308.89,5137.89,1.0771,3231367.89,0.0,0,上证综指ETF
43,20371205,1,510770,510770,1500000,0.5,-4171.47,-4215.47,0.5291,793581.53,0.0,0,G60创新ETF
44,20371205,1,510800,510800,1000000,0.4,28448.05,28528.05,1.2461,1246146.05,0.0,0,50ETF基金
45,20371205,1,510810,510810,1000000,0.5,-9059.25,-6099.25,0.8305,830461.75,0.0,0,上海国企ETF
46,20371205,1,510850,510850,600000,0.5,70126.72,70126.72,3.1059,1863548.72,0.0,0,工银上证50ETF
47,20371205,1,510880,510880,500000,0.55,1206.96,1730.96,3.308,1653991.96,0.0,0,红利ETF
48,20371205,1,510900,510900,1000000,1.0,463.72,441.03,0.966,965975.11,0.0,0,H股ETF
49,20371205,1,510950,510950,750000,1.0,4407.47,4407.47,1.1255,844127.47,0.0,0,上证50ETF指数
50,20371205,1,510980,510980,3000000,0.5,-9562.85,-27027.85,1.116,3348053.15,0.0,0,上证综合ETF
51,20371205,1,510990,510990,2000000,0.5,18111.98,18042.98,0.9088,1817654.98,0.0,0,180ESGETF
52,20371205,1,511010,511010,10000,1.0,-2305.16,-233.89,138.458,1384575.92,0.0,0,国债ETF
53,20371205,1,511020,511020,15000,1.0,129242.28,116598.18,113.1648,1697472.16,0.0,0,活跃国债ETF
54,20371205,1,511030,511030,100000,1.0,-24727.13,-24529.64,10.5311,1053108.84,0.0,0,公司债ETF
55,20371205,1,511060,511060,10000,1.0,23599.39,23667.86,105.9036,1059035.97,0.0,0,5年地方债ETF
56,20371205,1,511090,511090,10000,1.05,-2865.84,-2789.24,116.7001,1167001.06,0.0,0,30年国债ETF
57,20371205,1,511100,511100,10000,1.0,103.03,504.43,104.7085,1047085.04,0.0,0,基准国债ETF
58,20371205,1,511130,511130,2000,1.0,706.43,878.09,106.1811,212362.13,0.0,0,30年国债指数ETF
59,20371205,1,511180,511180,100000,1.0,-9595.17,-8763.48,10.6502,1065021.19,0.0,0,上证可转债ETF
60,20371205,1,511220,511220,100000,1.0,-36847.34,-36545.0,10.1903,1019028.18,0.0,0,城投债ETF
61,20371205,1,511260,511260,10000,1.0,-432.47,-345.93,130.755,1307554.11,0.0,0,十年国债ETF
62,20371205,1,511270,511270,10000,1.0,-5259.71,-5178.02,114.3636,1143636.34,0.0,0,10年地方债ETF
63,20371205,1,511360,511360,2000,1.0,79.64,141.24,110.554,221108.1,0.0,0,短融ETF
64,20371205,1,511380,511380,100000,1.0,37.98,69.36,10.9057,1090565.19,0.0,0,可转债ETF
65,20371205,1,511520,511520,10000,1.0,-1180.76,1.97,110.7766,1107766.41,0.0,0,政金债券ETF
66,20371205,1,511580,511580,2000,1.0,-268.61,-270.01,107.1546,214309.29,0.0,0,国债政金债ETF
67,20371205,1,511600,511600,1,1.0,0.0,0.0,100.0,100.0,0.0,0,货币ETF
68,20371205,1,511620,511620,1,1.0,0.0,0.0,100.0,100.0,0.0,0,货币基金ETF
69,20371205,1,511650,511650,1,1.0,0.0,0.0,100.0,100.0,0.0,0,华夏快线ETF
70,20371205,1,511660,511660,1,1.0,0.0,0.0,100.0,100.0,0.0,0,货币ETF建信添益
71,20371205,1,511670,511670,1,1.0,0.0,0.0,100.0,100.0,0.0,0,华泰天天金ETF
72,20371205,1,511690,511690,1,1.0,0.0,0.0,100.0,100.0,0.0,0,交易货币ETF
73,20371205,1,511700,511700,10,1.0,0.0,0.0,100.0,1000.0,0.0,0,场内货币ETF
74,20371205,1,511770,511770,1,1.0,0.0,0.0,100.0,100.0,0.0,0,金鹰增益货币ETF
75,20371205,1,511800,511800,1,1.0,0.0,0.0,100.0,100.0,0.0,0,易方达货币ETF
76,20371205,1,511810,511810,1,1.0,0.0,0.0,100.0,100.0,0.0,0,理财金货币ETF
77,20371205,1,511820,511820,1,1.0,0.0,0.0,100.0,100.0,0.0,0,鹏华添利ETF
78,20371205,1,511830,511830,1,1.0,0.0,0.0,100.0,100.0,0.0,0,华泰货币ETF
79,20371205,1,511850,511850,10,1.0,0.0,0.0,100.0,1000.0,0.0,0,财富宝ETF
80,20371205,1,511860,511860,1,1.0,0.0,0.0,100.0,100.0,0.0,0,保证金货币ETF
81,20371205,1,511880,511880,10,1.0,0.2,0.03,101.3309,1013.31,0.0,0,银华日利ETF
82,20371205,1,511900,511900,1,1.0,0.0,0.0,100.0,100.0,0.0,0,富国货币ETF
83,20371205,1,511910,511910,1,1.0,0.0,0.0,100.0,100.0,0.0,0,融通货币ETF
84,20371205,1,511920,511920,1,1.0,0.0,0.0,100.0,100.0,0.0,0,广发货币ETF
85,20371205,1,511930,511930,1,1.0,0.0,0.0,100.0,100.0,0.0,0,国联日盈货币ETF
86,20371205,1,511950,511950,1,1.0,0.0,0.0,100.0,100.0,0.0,0,添利货币ETF
87,20371205,1,511960,511960,1,1.0,0.0,0.0,100.0,100.0,0.0,0,嘉实快线ETF
88,20371205,1,511970,511970,1,1.0,0.0,0.0,100.0,100.0,0.0,0,国寿货币ETF
89,20371205,1,511980,511980,1,1.0,0.0,0.0,100.0,100.0,0.0,0,现金添富ETF
90,20371205,1,511990,511990,1,1.0,0.0,0.0,100.0,100.0,0.0,0,华宝添益ETF
91,20371205,1,512000,512000,300000,0.5,305.8,2962.8,1.0758,322752.8,0.0,0,券商ETF
92,20371205,1,512010,512010,1000000,0.7,1577.81,1577.81,0.3813,381341.81,0.0,0,医药ETF
93,20371205,1,512040,512040,1000000,0.5,4285.9,4285.9,0.9572,957158.9,0.0,0,价值100ETF
94,20371205,1,512070,512070,1000000,1.0,1321.72,4131.72,0.8185,818466.72,0.0,0,证券保险ETF
95,20371205,1,512090,512090,2000000,0.8,5327.93,7722.93,1.5649,3129752.93,0.0,0,MSCIA股ETF易方达
96,20371205,1,512100,512100,2000000,0.5,665.07,338.07,2.2824,4564860.07,0.0,0,中证1000ETF
97,20371205,1,512120,512120,1000000,0.5,-12184.46,-13353.46,0.4274,427403.54,0.0,0,医药50ETF
98,20371205,1,512150,512150,1000000,0.5,67946.45,67946.45,1.6732,1673209.45,0.0,0,A50ETF
99,20371205,1,512160,512160,2000000,0.5,-9.23,4119.77,1.1941,2388286.77,0.0,0,MSCI中国A股ETF
100,20371205,1,512170,512170,1000000,0.5,273.99,-126.01,0.3429,342882.99,0.0,0,医疗ETF
101,20371205,1,512180,512180,2000000,0.5,157457.75,157979.75,1.416,2831969.75,0.0,0,MSCIA股ETF基金
102,20371205,1,512190,512190,700000,0.5,-503.73,-440.73,1.8587,1301062.27,0.0,0,浙商之江凤凰ETF
103,20371205,1,512200,512200,250000,0.5,-31.76,-8.76,1.519,379748.24,0.0,0,房地产ETF
104,20371205,1,512220,512220,1500000,0.15,88.99,6244.99,1.5709,2356367.99,0.0,0,TMTETF
105,20371205,1,512260,512260,800000,0.5,10108.26,10019.26,1.5229,1218296.26,0.0,0,中证500低波动ETF
106,20371205,1,512280,512280,2000000,0.5,18.63,2536.63,1.471,2942091.63,0.0,0,MSCIA股ETF景顺
107,20371205,1,512290,512290,1000000,0.8,-21396.86,-21396.86,0.9687,968672.14,0.0,0,生物医药ETF
108,20371205,1,512330,512330,1500000,0.5,-731.43,-731.43,0.892,1338007.57,0.0,0,信息科技ETF
109,20371205,1,512360,512360,3000000,0.5,62493.52,61277.52,1.5093,4527941.52,0.0,0,平安MSCI国际ETF
110,20371205,1,512380,512380,3000000,0.5,107118.44,111251.44,1.3259,3977683.44,0.0,0,MSCI中国ETF
111,20371205,1,512390,512390,3000000,0.5,-104057.77,-99882.77,1.089,3266892.23,0.0,0,平安MSCI低波ETF
112,20371205,1,512400,512400,500000,0.6,353.29,353.29,1.0554,527679.29,0.0,0,有色金属ETF
113,20371205,1,512480,512480,2000000,0.5,24695.06,24695.06,0.9085,1817000.06,0.0,0,半导体ETF
114,20371205,1,512500,512500,800000,0.5,2825.42,1824.91,3.0717,2457356.38,0.0,0,中证500ETF华夏
115,20371205,1,512510,512510,1500000,0.5,35552.91,37488.91,1.5745,2361783.91,0.0,0,中证500指数ETF
116,20371205,1,512520,512520,3000000,0.5,82834.55,84395.55,1.194,3582014.55,0.0,0,MSCIETF
117,20371205,1,512530,512530,1000000,0.5,1112.02,5168.02,1.5093,1509289.02,0.0,0,沪深300红利ETF
118,20371205,1,512550,512550,1000000,0.5,-1793.82,-1793.82,1.5589,1558860.18,0.0,0,A50ETF基金
119,20371205,1,512560,512560,1000000,0.7,-1053.54,-1053.54,0.6085,608534.46,0.0,0,军工ETF易方达
120,20371205,1,512570,512570,1000000,0.9,3281.41,9193.41,1.1181,1118135.41,0.0,0,证券ETF易方达
121,20371205,1,512580,512580,600000,0.5,1294.58,1266.58,0.9988,599255.58,0.0,0,环保ETF
122,20371205,1,512600,512600,1300000,0.5,7657.77,7657.77,0.7164,931335.77,0.0,0,必选消费ETF
123,20371205,1,512640,512640,500000,0.5,-7106.6,-4860.6,2.2887,1144361.4,0.0,0,金融地产ETF基金
124,20371205,1,512650,512650,2000000,0.5,-2291.1,1652.9,0.9776,1955175.9,0.0,0,长三角ETF
125,20371205,1,512660,512660,1000000,0.8,200.56,200.56,1.0049,1004854.56,0.0,0,军工ETF
126,20371205,1,512670,512670,1000000,0.5,-5521.33,-4773.78,0.6894,689373.77,0.0,0,国防ETF
127,20371205,1,512680,512680,800000,0.3,-4528.35,-4031.35,1.0302,824156.65,0.0,0,军工ETF龙头
128,20371205,1,512690,512690,1100000,0.5,4966.57,4966.57,0.6376,701335.57,0.0,0,酒ETF
129,20371205,1,512700,512700,500000,1.0,-28.23,-28.23,1.4547,727353.77,0.0,0,银行ETF基金
130,20371205,1,512710,512710,1000000,0.5,10943.93,10943.93,0.619,618973.93,0.0,0,军工龙头ETF
131,20371205,1,512720,512720,1000000,0.8,-1727.34,-1727.34,0.9419,941903.66,0.0,0,计算机ETF
132,20371205,1,512730,512730,500000,0.5,-1202.51,-1202.51,1.4786,739319.49,0.0,0,中证银行ETF
133,20371205,1,512750,512750,900000,0.5,23796.28,22717.28,1.4315,1288308.28,0.0,0,基本面50ETF
134,20371205,1,512760,512760,1200000,0.8,-2024.72,-2024.72,1.018,1221636.28,0.0,0,芯片ETF
135,20371205,1,512770,512770,1000000,0.5,6938.22,9042.99,1.3144,1314425.34,0.0,0,战略新兴ETF
136,20371205,1,512800,512800,300000,0.5,495.97,-7.03,1.4435,433057.97,0.0,0,银行ETF
137,20371205,1,512810,512810,1000000,0.5,471.61,-158.39,1.1508,1150837.61,0.0,0,国防军工ETF
138,20371205,1,512820,512820,300000,0.5,1218.01,1218.01,1.4642,439249.01,0.0,0,银行业ETF
139,20371205,1,512870,512870,1000000,0.5,-84115.51,-84115.51,1.14,1139960.49,0.0,0,杭州湾区ETF
140,20371205,1,512880,512880,1000000,0.8,-2687.89,9440.11,1.1267,1126664.11,0.0,0,证券ETF
141,20371205,1,512890,512890,1000000,0.5,2848.27,2255.27,1.1124,1112429.27,0.0,0,红利低波ETF
142,20371205,1,512900,512900,500000,1.0,-159.07,4470.93,1.1122,556087.93,0.0,0,证券ETF基金
143,20371205,1,512910,512910,1500000,0.5,-18149.37,-18149.37,1.0325,1548710.63,0.0,0,中证100ETF
144,20371205,1,512930,512930,1000000,0.5,16860.31,16860.31,1.2158,1215845.31,0.0,0,AI人工智能ETF
145,20371205,1,512950,512950,1000000,0.5,1602.08,1826.08,1.3673,1367327.08,0.0,0,央企改革ETF
146,20371205,1,512960,512960,1000000,0.5,198.13,209.13,1.325,1325017.13,0.0,0,央企结构调整ETF
147,20371205,1,512970,512970,1000000,0.5,23516.47,19512.47,1.2076,1207620.47,0.0,0,大湾区ETF
148,20371205,1,512980,512980,1500000,0.5,-5943.36,-5943.36,0.6972,1045813.64,0.0,0,传媒ETF
149,20371205,1,512990,512990,2000000,0.5,4737.17,6118.98,1.6006,3201118.23,0.0,0,MSCIA股ETF
150,20371205,1,513000,513000,500000,1.0,-523.29,-523.29,1.4507,725342.1,0.0,0,日经225ETF易方达
151,20371205,1,513010,513010,1000000,1.0,657.05,482.08,0.6408,640849.04,0.0,0,恒生科技30ETF
152,20371205,1,513020,513020,1000000,0.5,1198.68,266.3,0.8619,861908.97,0.0,0,港股科技ETF
153,20371205,1,513030,513030,500000,1.0,-4615.16,-4615.16,1.4268,713391.46,0.0,0,德国ETF
154,20371205,1,513040,513040,500000,1.0,95.23,171.41,1.1399,569943.1,0.0,0,港股通互联网ETF
155,20371205,1,513050,513050,1000000,1.0,829.47,830.28,1.2977,1297662.36,0.0,0,中概互联网ETF
156,20371205,1,513060,513060,2500000,1.0,-73.48,1012.46,0.4211,1052785.19,0.0,0,恒生医疗ETF
157,20371205,1,513070,513070,1000000,1.0,28136.05,28956.41,1.1099,1109894.04,0.0,0,港股消费50ETF
158,20371205,1,513080,513080,500000,1.0,-4149.32,-4630.03,1.5385,769248.67,0.0,0,法国CAC40ETF
159,20371205,1,513090,513090,500000,1.0,14297.35,14884.05,1.4217,710852.03,0.0,0,香港证券ETF
160,20371205,1,513100,513100,1000000,1.0,6993.87,6993.87,1.444,1443508.73,0.0,0,纳指ETF
161,20371205,1,513110,513110,1000000,1.0,-20434.79,-20032.55,1.6582,1658198.99,0.0,0,纳斯达克100ETF
162,20371205,1,513120,513120,500000,1.0,-52.45,235.36,0.7905,395247.55,0.0,0,港股创新药ETF
163,20371205,1,513130,513130,1000000,1.0,628.25,624.08,0.6215,621462.34,0.0,0,恒生科技ETF
164,20371205,1,513140,513140,500000,1.0,-134.79,-80.17,1.1682,584095.12,0.0,0,港股金融ETF
165,20371205,1,513150,513150,1000000,1.0,182.99,86.53,0.869,869041.17,0.0,0,港股通科技50ETF
166,20371205,1,513160,513160,1000000,1.0,-38.32,836.53,0.8961,896056.59,0.0,0,港股科技30ETF
167,20371205,1,513170,513170,1000000,1.0,-49.1,-265.43,1.2151,1215106.61,0.0,0,恒生央企ETF
168,20371205,1,513180,513180,1000000,1.0,1303.48,914.03,0.6283,628324.57,0.0,0,恒生科技指数ETF
169,20371205,1,513190,513190,1000000,1.0,26375.81,26039.74,1.3191,1319091.76,0.0,0,港股通金融ETF
170,20371205,1,513200,513200,1000000,1.0,17099.01,17803.58,0.7458,745817.6,0.0,0,港股通医药ETF
171,20371205,1,513210,513210,1000000,1.0,2707.96,2640.97,1.289,1289019.06,0.0,0,恒生ETF易方达
172,20371205,1,513220,513220,1000000,1.0,414.26,961.86,1.1747,1174652.5,0.0,0,中概互联ETF
173,20371205,1,513230,513230,1000000,1.0,18232.44,17983.51,0.8821,882147.74,0.0,0,港股消费ETF
174,20371205,1,513260,513260,1000000,1.0,-57.17,-80.11,1.1969,1196866.97,0.0,0,恒生科技ETF基金
175,20371205,1,513280,513280,1000000,1.0,-107.2,852.25,0.7341,734056.83,0.0,0,恒生生物科技ETF
176,20371205,1,513290,513290,500000,1.0,282.48,282.48,1.2318,615875.31,0.0,0,纳指生物科技ETF
177,20371205,1,513300,513300,750000,1.0,692.3,224.01,1.7959,1346948.16,0.0,0,纳斯达克ETF
178,20371205,1,513310,513310,1000000,1.0,-261.08,-855.8,1.416,1416023.29,0.0,0,中韩半导体ETF
179,20371205,1,513320,513320,1000000,1.0,10934.9,11058.96,1.0672,1067199.84,0.0,0,恒生新经济ETF
180,20371205,1,513330,513330,2000000,1.0,1717.59,2014.64,0.455,910066.93,0.0,0,恒生互联网ETF
181,20371205,1,513350,513350,1000000,1.0,2101.78,1748.2,1.0192,1019162.97,0.0,0,标普油气ETF
182,20371205,1,513360,513360,1500000,1.0,-43.19,1958.17,0.5207,780997.06,0.0,0,教育ETF
183,20371205,1,513380,513380,500000,1.0,-275.98,-322.1,1.1429,571468.7,0.0,0,恒生科技ETF龙头
184,20371205,1,513390,513390,1000000,1.0,8479.87,8479.87,1.6098,1609789.62,0.0,0,纳指100ETF
185,20371205,1,513400,513400,1000000,1.0,-19736.94,-19862.22,1.0877,1087713.95,0.0,0,道琼斯ETF
186,20371205,1,513500,513500,1000000,1.0,38017.1,35314.4,1.9418,1941778.97,0.0,0,标普500ETF
187,20371205,1,513520,513520,500000,1.0,-116.35,-116.35,1.4395,719756.23,0.0,0,日经ETF
188,20371205,1,513530,513530,500000,1.0,-41.34,-153.64,1.4402,720117.21,0.0,0,港股通红利ETF
189,20371205,1,513550,513550,1000000,1.0,-81.21,7.44,0.9042,904197.35,0.0,0,港股通50ETF
190,20371205,1,513560,513560,1000000,1.0,484.65,1010.3,1.0153,1015325.17,0.0,0,香港科技ETF
191,20371205,1,513580,513580,1000000,1.0,112.13,94.36,0.6255,625523.4,0.0,0,恒生科技ETF指数基金
192,20371205,1,513590,513590,300000,1.0,-33.73,734.44,0.792,237586.22,0.0,0,香港消费ETF
193,20371205,1,513600,513600,1000000,1.0,-144.73,-569.49,2.3862,2386242.86,0.0,0,恒生指数ETF
194,20371205,1,513630,513630,1000000,1.0,-17.25,-319.69,1.2742,1274211.06,0.0,0,港股红利指数ETF
195,20371205,1,513650,513650,1000000,1.0,-549.28,589.09,1.4814,1481425.44,0.0,0,标普500ETF基金
196,20371205,1,513660,513660,1000000,1.0,4838.21,5270.06,2.5041,2504052.9,0.0,0,恒生ETF
197,20371205,1,513690,513690,1500000,1.0,52.73,-139.36,0.9059,1358874.84,0.0,0,恒生高股息ETF
198,20371205,1,513700,513700,1000000,1.0,59.0,646.43,0.4492,449207.11,0.0,0,香港医药ETF
199,20371205,1,513730,513730,1000000,1.0,4966.68,4966.68,1.2403,1240300.53,0.0,0,东南亚科技ETF
200,20371205,1,513750,513750,500000,1.0,24764.06,25510.9,1.2463,623146.48,0.0,0,港股非银ETF
201,20371205,1,513770,513770,500000,1.0,19.28,-1.81,0.8626,431280.68,0.0,0,港股互联网ETF
202,20371205,1,513800,513800,400000,1.0,-334.78,-334.78,1.3676,547048.8,0.0,0,日本东证指数ETF
203,20371205,1,513810,513810,1000000,1.0,13187.76,11408.85,1.3114,1311440.16,0.0,0,港股国企ETF
204,20371205,1,513820,513820,500000,1.0,-30.95,-325.45,1.0955,547765.17,0.0,0,港股通红利30ETF
205,20371205,1,513850,513850,1000000,1.0,1086.89,655.5,1.2974,1297421.59,0.0,0,美国50ETF
206,20371205,1,513860,513860,1000000,1.0,-50.0,132.6,0.5526,552571.6,0.0,0,港股通科技ETF
207,20371205,1,513870,513870,1000000,1.0,4226.09,4226.09,1.3654,1365420.57,0.0,0,纳指ETF富国
208,20371205,1,513880,513880,500000,1.0,133.3,133.3,1.3427,671346.66,0.0,0,日经225ETF
209,20371205,1,513890,513890,1000000,1.0,-205.5,1299.12,0.9415,941549.08,0.0,0,恒生科技HKETF
210,20371205,1,513900,513900,1000000,1.0,-48.74,191.97,0.8651,865149.39,0.0,0,港股通100ETF
211,20371205,1,513910,513910,1000000,1.0,9940.48,9965.53,1.3042,1304208.47,0.0,0,港股央企红利ETF
212,20371205,1,513920,513920,500000,1.0,15.1,-196.14,1.3441,672070.66,0.0,0,港股通央企红利ETF
213,20371205,1,513950,513950,500000,1.0,61.14,2.26,1.1841,592051.85,0.0,0,恒生红利ETF
214,20371205,1,513970,513970,1000000,1.0,1.06,531.53,0.8759,875907.04,0.0,0,恒生消费ETF
215,20371205,1,513980,513980,1000000,1.0,2.64,197.31,0.5508,550751.03,0.0,0,港股科技50ETF
216,20371205,1,513990,513990,3000000,1.0,-331.24,4264.55,0.9324,2797325.92,0.0,0,港股通ETF
217,20371205,1,515000,515000,1000000,0.5,161.98,-685.02,1.2438,1243788.98,0.0,0,科技ETF
218,20371205,1,515010,515010,500000,0.5,684.92,18387.13,1.2772,638600.92,0.0,0,券商ETF基金
219,20371205,1,515020,515020,500000,0.5,8532.92,8532.92,1.5228,761397.92,0.0,0,银行ETF华夏
220,20371205,1,515030,515030,1000000,0.5,19858.37,17442.83,1.1717,1171684.06,0.0,0,新能源车ETF
221,20371205,1,515050,515050,2000000,0.5,11077.56,10523.34,1.1252,2250450.08,0.0,0,5G通信ETF
222,20371205,1,515060,515060,1000000,0.5,4844.85,3498.53,0.7229,722916.45,0.0,0,房地产ETF基金
223,20371205,1,515070,515070,1500000,0.5,9576.85,8968.5,1.0808,1621215.39,0.0,0,人工智能AIETF
224,20371205,1,515080,515080,1000000,0.5,835.76,625.76,1.5653,1565342.76,0.0,0,中证红利ETF
225,20371205,1,515090,515090,1000000,0.5,185.96,809.96,1.2185,1218471.96,0.0,0,可持续发展ETF
226,20371205,1,515100,515100,500000,0.5,37.1,1105.1,1.4556,727820.1,0.0,0,红利低波100ETF
227,20371205,1,515110,515110,1000000,0.8,6286.05,5761.05,1.3643,1364259.05,0.0,0,一带一路国企ETF
228,20371205,1,515120,515120,1000000,0.4,868.06,868.06,0.5452,545232.06,0.0,0,创新药ETF
229,20371205,1,515130,515130,3000000,0.5,47.74,2037.74,1.2441,3732420.74,0.0,0,沪深300ETF博时
230,20371205,1,515150,515150,1000000,0.5,9129.58,9129.58,1.298,1298014.58,0.0,0,一带一路ETF
231,20371205,1,515160,515160,2000000,0.5,2284.45,4988.45,1.2868,2573512.45,0.0,0,MSCI中国ETF招商
232,20371205,1,515170,515170,1500000,0.5,29822.41,29822.41,0.6054,908162.41,0.0,0,食品饮料ETF
233,20371205,1,515180,515180,1000000,1.0,2031.31,1842.31,1.4295,1429462.31,0.0,0,红利ETF易方达
234,20371205,1,515190,515190,2000000,0.7,96579.89,96382.89,1.1547,2309358.89,0.0,0,中银证券500ETF
235,20371205,1,515200,515200,1000000,0.5,5912.6,5912.6,1.4894,1489443.6,0.0,0,创新100ETF
236,20371205,1,515210,515210,500000,0.8,-1066.95,-1066.95,1.2045,602244.05,0.0,0,钢铁ETF
237,20371205,1,515220,515220,500000,0.8,2126.82,2126.82,1.235,617516.82,0.0,0,煤炭ETF
238,20371205,1,515230,515230,1000000,0.8,-4286.84,-4286.84,0.7347,734658.16,0.0,0,软件ETF
239,20371205,1,515250,515250,1000000,0.5,2270.52,2270.52,0.8893,889293.52,0.0,0,智能汽车ETF
240,20371205,1,515260,515260,1000000,0.5,2188.01,2188.01,0.8266,826629.01,0.0,0,电子ETF
241,20371205,1,515290,515290,300000,0.5,1983.27,1983.27,1.2866,385978.27,0.0,0,银行ETF天弘
242,20371205,1,515300,515300,500000,0.5,8047.5,8535.5,1.432,716004.5,0.0,0,红利低波ETF基金
243,20371205,1,515310,515310,3500000,0.5,28236.71,30895.71,1.1536,4037672.71,0.0,0,沪深300指数ETF
244,20371205,1,515320,515320,1000000,0.5,3520.3,3520.3,0.7758,775809.3,0.0,0,电子50ETF
245,20371205,1,515330,515330,3000000,0.5,20233.7,22755.7,1.1076,3322714.7,0.0,0,300ETF天弘
246,20371205,1,515350,515350,900000,0.5,146965.49,152151.49,5.1412,4627078.49,0.0,0,民生加银300ETF
247,20371205,1,515360,515360,500000,0.5,98973.12,103314.12,5.3315,2665758.12,0.0,0,方正沪深300ETF
248,20371205,1,515380,515380,900000,0.5,54904.32,59213.32,4.4353,3991745.32,0.0,0,沪深300ETF泰康
249,20371205,1,515390,515390,4000000,0.5,31739.39,33559.39,1.1197,4478955.39,0.0,0,沪深300ETF指数基金
250,20371205,1,515400,515400,1000000,0.5,-4106.91,-5242.91,0.7367,736661.09,0.0,0,大数据ETF
251,20371205,1,515450,515450,500000,0.8,10381.69,10381.69,1.4299,714934.69,0.0,0,红利低波50ETF
252,20371205,1,515530,515530,800000,0.5,30428.55,31142.55,3.0,2400033.55,0.0,0,中证500ETF泰康
253,20371205,1,515550,515550,2000000,0.5,86319.66,86030.66,1.2377,2475321.66,0.0,0,国联中证500ETF
254,20371205,1,515560,515560,1000000,0.5,9122.19,20826.19,1.0261,1026146.19,0.0,0,证券ETF建信
255,20371205,1,515580,515580,2000000,0.5,-9747.3,-8752.3,0.7972,1594488.7,0.0,0,科技100ETF
256,20371205,1,515590,515590,2000000,0.5,-128546.59,-130621.59,1.3835,2766945.41,0.0,0,500等权ETF
257,20371205,1,515600,515600,1000000,0.5,-19878.24,-20215.24,1.5069,1506884.76,0.0,0,央企创新ETF
258,20371205,1,515630,515630,500000,0.5,6247.48,10442.48,1.3114,655685.48,0.0,0,保险证券ETF
259,20371205,1,515650,515650,2000000,0.5,13222.17,13222.17,1.2113,2422542.17,0.0,0,消费50ETF
260,20371205,1,515660,515660,900000,0.5,-9515.0,-1978.0,4.7637,4287365.0,0.0,0,沪深300ETF国联安
261,20371205,1,515680,515680,1000000,0.5,-1969.14,-2532.14,1.5197,1519699.86,0.0,0,央企创新ETF基金
262,20371205,1,515700,515700,1000000,0.5,6816.6,6648.6,1.5499,1549897.6,0.0,0,新能车ETF
263,20371205,1,515710,515710,1500000,0.5,66.71,1385.71,0.64,959976.71,0.0,0,食品ETF
264,20371205,1,515750,515750,1000000,0.5,-279.37,-279.37,1.2468,1246780.63,0.0,0,科技50ETF
265,20371205,1,515760,515760,500000,0.5,4296.56,4305.42,1.1499,574968.74,0.0,0,浙江国资ETF
266,20371205,1,515770,515770,3000000,0.5,134657.9,136397.9,1.1713,3513917.9,0.0,0,摩根MSCIAETF
267,20371205,1,515780,515780,3000000,0.5,104560.0,104572.0,1.3246,3973833.0,0.0,0,浦银MSCI中国ETF
268,20371205,1,515790,515790,2000000,0.5,-1139.81,-1505.81,0.7889,1577772.19,0.0,0,光伏ETF
269,20371205,1,515800,515800,4750000,0.5,6744.0,6305.0,1.011,4802476.0,0.0,0,800ETF
270,20371205,1,515810,515810,3000000,0.8,5446.57,7796.57,1.2702,3810524.57,0.0,0,中证800ETF
271,20371205,1,515850,515850,500000,0.5,-1899.77,2822.23,1.3725,686244.23,0.0,0,券商指数ETF
272,20371205,1,515860,515860,1000000,0.5,-1291.47,-1291.47,1.1175,1117535.53,0.0,0,科技ETF基金
273,20371205,1,515880,515880,1000000,0.8,5568.11,5568.11,1.3321,1332146.11,0.0,0,通信ETF
274,20371205,1,515890,515890,1000000,0.5,73.59,-498.41,1.3857,1385701.59,0.0,0,红利ETF博时
275,20371205,1,515900,515900,1000000,0.6,66.55,-821.45,1.5081,1508073.55,0.0,0,央企创新驱动ETF
276,20371205,1,515910,515910,3000000,0.5,-86151.39,-86151.39,0.5272,1581604.61,0.0,0,质量ETF
277,20371205,1,515920,515920,1500000,0.5,87.16,2671.16,0.8225,1233791.16,0.0,0,智能消费ETF
278,20371205,1,515950,515950,1000000,0.5,28468.07,28368.07,0.8919,891855.07,0.0,0,医药龙头ETF
279,20371205,1,515960,515960,1000000,0.5,1138.51,1063.51,0.7606,760635.51,0.0,0,医药健康ETF
280,20371205,1,515980,515980,1000000,0.5,-5416.69,-5416.69,0.9094,909427.31,0.0,0,人工智能ETF
281,20371205,1,515990,515990,1000000,0.5,14280.88,14391.88,1.3141,1314117.88,0.0,0,国企一带一路ETF
282,20371205,1,516000,516000,1000000,0.5,3775.02,3772.58,0.7844,784439.38,0.0,0,数据ETF
283,20371205,1,516010,516010,1000000,0.8,11173.26,11173.26,0.922,922006.26,0.0,0,游戏ETF
284,20371205,1,516020,516020,500000,0.5,170.27,-283.73,0.6117,305835.27,0.0,0,化工ETF
285,20371205,1,516050,516050,1000000,0.5,-34596.27,-34596.27,0.6489,648913.73,0.0,0,科技龙头ETF
286,20371205,1,516060,516060,1000000,0.5,-9660.98,-9660.98,0.5008,500767.02,0.0,0,创新药产业ETF
287,20371205,1,516070,516070,1000000,0.7,990.74,962.74,0.4637,463692.74,0.0,0,碳中和50ETF
288,20371205,1,516080,516080,1000000,0.7,4972.61,4972.61,0.5564,556441.61,0.0,0,创新药ETF易方达
289,20371205,1,516090,516090,1000000,0.6,5602.47,5144.47,0.3873,387340.47,0.0,0,新能源ETF易方达
290,20371205,1,516100,516100,1000000,0.5,76291.39,76830.79,1.0529,1052879.07,0.0,0,金融科技ETF华夏
291,20371205,1,516110,516110,1000000,0.8,-125.8,-125.8,1.2164,1216391.2,0.0,0,汽车ETF
292,20371205,1,516120,516120,1000000,0.5,-2545.83,-2621.83,0.6219,621888.17,0.0,0,化工50ETF
293,20371205,1,516130,516130,1000000,0.5,33.79,1060.79,0.8025,802535.79,0.0,0,消费龙头ETF
294,20371205,1,516150,516150,500000,0.5,4475.65,4475.65,0.9638,481920.65,0.0,0,稀土ETF基金
295,20371205,1,516160,516160,500000,0.5,1625.62,2025.62,2.011,1005477.62,0.0,0,新能源ETF
296,20371205,1,516180,516180,1000000,0.5,-4922.76,-4797.76,0.652,652033.24,0.0,0,光伏ETF平安
297,20371205,1,516190,516190,300000,0.5,-1950.18,7712.12,0.8702,261052.66,0.0,0,文娱传媒ETF
298,20371205,1,516200,516200,1000000,0.5,1849.61,10796.61,1.0762,1076169.61,0.0,0,证券ETF指数基金
299,20371205,1,516210,516210,300000,0.5,-1501.92,-1501.92,1.226,367808.08,0.0,0,银行ETF指数基金
300,20371205,1,516220,516220,1000000,0.8,-2663.27,-2743.27,0.6454,645440.73,0.0,0,化工龙头ETF
301,20371205,1,516260,516260,2000000,0.5,13244.39,10021.21,0.8368,1673605.87,0.0,0,物联网50ETF
302,20371205,1,516270,516270,1500000,0.5,11484.13,11566.13,0.4756,713428.13,0.0,0,新能源50ETF
303,20371205,1,516290,516290,2000000,0.5,3832.45,3660.45,0.4884,976847.45,0.0,0,光伏龙头ETF
304,20371205,1,516300,516300,2500000,0.5,80216.47,84890.47,0.9442,2360395.47,0.0,0,中证1000指数ETF
305,20371205,1,516310,516310,300000,1.0,1438.7,1438.7,1.178,353397.7,0.0,0,银行ETF易方达
306,20371205,1,516320,516320,1000000,0.5,6981.2,7301.89,0.754,753972.85,0.0,0,高端装备ETF
307,20371205,1,516330,516330,1200000,0.5,25421.78,25421.78,0.9821,1178560.78,0.0,0,物联网ETF
308,20371205,1,516350,516350,1000000,0.9,-246.49,-3.38,0.741,740969.6,0.0,0,半导体芯片ETF
309,20371205,1,516360,516360,1000000,0.5,11.97,534.97,0.6825,682505.97,0.0,0,新材料ETF
310,20371205,1,516380,516380,1000000,0.5,148.48,-236.52,0.7366,736561.48,0.0,0,智能电动车ETF
311,20371205,1,516390,516390,1500000,0.5,-9497.34,-9529.34,0.6323,948499.66,0.0,0,新能源汽车ETF
312,20371205,1,516480,516480,1000000,0.5,-7226.22,-6653.22,0.6105,610455.78,0.0,0,新材料ETF基金
313,20371205,1,516500,516500,1000000,0.5,5577.79,5609.8,0.6049,604895.42,0.0,0,生物科技ETF
314,20371205,1,516510,516510,1000000,0.5,12449.1,12449.1,1.0229,1022890.1,0.0,0,云计算ETF
315,20371205,1,516520,516520,2000000,0.5,12246.39,12424.39,0.9707,1941332.39,0.0,0,智能驾驶ETF
316,20371205,1,516530,516530,500000,0.5,-2731.45,-2885.45,0.8948,447390.55,0.0,0,物流快递ETF
317,20371205,1,516550,516550,1000000,0.5,-1551.73,-1649.73,0.6331,633054.27,0.0,0,农业ETF
318,20371205,1,516560,516560,500000,0.5,350.54,325.54,0.7613,380644.54,0.0,0,养老ETF
319,20371205,1,516570,516570,1000000,0.8,9754.28,9666.28,0.7699,769927.28,0.0,0,化工行业ETF
320,20371205,1,516580,516580,1000000,0.5,400.02,777.02,0.4772,477206.02,0.0,0,新能源主题ETF
321,20371205,1,516590,516590,1000000,0.5,6519.51,6463.51,0.924,924026.51,0.0,0,智能汽车50ETF
322,20371205,1,516600,516600,3000000,0.5,105495.49,97225.49,0.595,1785131.49,0.0,0,消费服务ETF
323,20371205,1,516610,516610,1000000,0.4,-2600.94,-2600.94,0.5017,501730.06,0.0,0,医疗服务ETF
324,20371205,1,516620,516620,1000000,0.8,1654.39,1196.39,0.8131,813076.39,0.0,0,影视ETF
325,20371205,1,516630,516630,1000000,0.5,13565.67,15294.17,0.9942,994195.88,0.0,0,云计算50ETF
326,20371205,1,516640,516640,2000000,0.5,865.34,-104.66,0.6677,1335435.34,0.0,0,芯片龙头ETF
327,20371205,1,516650,516650,1000000,0.5,-2126.92,-2080.75,1.0502,1050223.59,0.0,0,有色金属ETF基金
328,20371205,1,516660,516660,1000000,0.5,-8552.59,-8498.59,0.7239,723852.41,0.0,0,新能源车ETF基金
329,20371205,1,516670,516670,1000000,0.5,1443.0,1443.0,0.6175,617530.0,0.0,0,畜牧养殖ETF
330,20371205,1,516700,516700,500000,0.5,11.59,7.59,0.7765,388231.59,0.0,0,大数据产业ETF
331,20371205,1,516710,516710,2000000,0.5,7466.63,7316.59,0.4892,978478.38,0.0,0,新材料50ETF
332,20371205,1,516720,516720,1500000,0.5,-51568.07,-52306.07,0.8987,1348076.93,0.0,0,ESGETF
333,20371205,1,516730,516730,500000,0.5,-1164.11,-2263.11,1.0007,500336.89,0.0,0,证券公司ETF
334,20371205,1,516750,516750,500000,0.5,211.5,211.5,0.657,328506.5,0.0,0,建材ETF
335,20371205,1,516760,516760,1000000,0.5,-333.13,-333.13,0.6018,601754.87,0.0,0,养殖ETF
336,20371205,1,516770,516770,1200000,0.5,-6810.47,-8360.47,0.951,1141171.53,0.0,0,游戏动漫ETF
337,20371205,1,516780,516780,500000,0.5,-1384.99,-1087.99,0.9221,461073.01,0.0,0,稀土ETF
338,20371205,1,516790,516790,1300000,0.5,-18855.31,-19772.31,0.5926,770326.69,0.0,0,医疗保健ETF
339,20371205,1,516800,516800,2000000,0.5,192.83,-1340.17,0.9793,1958524.83,0.0,0,智能制造ETF
340,20371205,1,516810,516810,1000000,0.5,3717.75,6859.75,0.6719,671916.75,0.0,0,农业50ETF
341,20371205,1,516820,516820,1000000,0.5,22297.44,22297.44,0.3529,352929.44,0.0,0,医疗创新ETF
342,20371205,1,516830,516830,2500000,0.5,66984.44,64872.44,0.8442,2110579.44,0.0,0,300ESGETF
343,20371205,1,516850,516850,1000000,0.5,4994.8,3601.46,0.733,732959.92,0.0,0,新能源ETF基金
344,20371205,1,516860,516860,1000000,0.9,166.92,2061.32,1.1039,1103924.2,0.0,0,金融科技ETF
345,20371205,1,516880,516880,2000000,0.5,18806.38,18634.38,0.6579,1315768.38,0.0,0,光伏50ETF
346,20371205,1,516890,516890,1000000,0.5,32521.09,33886.09,0.512,512036.09,0.0,0,新材料ETF平安
347,20371205,1,516900,516900,1500000,0.5,-124.32,-1428.32,0.6439,965920.68,0.0,0,食品饮料ETF基金
348,20371205,1,516910,516910,500000,0.5,-2448.34,-2630.34,1.0387,519345.66,0.0,0,物流ETF
349,20371205,1,516920,516920,1500000,0.5,173.52,173.52,0.6526,978825.52,0.0,0,芯片50ETF
350,20371205,1,516930,516930,1500000,0.5,5995.44,5995.44,0.4864,729546.44,0.0,0,生物科技ETF基金
351,20371205,1,516950,516950,1000000,0.5,-335.63,6247.37,1.0971,1097063.37,0.0,0,基建ETF
352,20371205,1,516960,516960,1000000,0.8,7862.39,7806.39,0.7707,770698.39,0.0,0,机械ETF
353,20371205,1,516970,516970,500000,0.4,-3130.81,-3558.81,1.1295,564773.19,0.0,0,基建50ETF
354,20371205,1,516980,516980,500000,0.5,-411.74,2989.26,1.0964,548179.26,0.0,0,证券ETF先锋
355,20371205,1,517000,517000,5000000,0.5,42673.76,47063.02,0.8101,4050692.53,0.0,0,沪港深500ETF
356,20371205,1,517010,517010,3000000,0.6,5618.68,6701.68,0.9116,2734877.04,0.0,0,沪港深500ETF指数
357,20371205,1,517030,517030,3000000,0.7,32535.99,34539.99,0.9331,2799322.22,0.0,0,沪港深300ETF基金
358,20371205,1,517050,517050,2000000,0.9,11914.39,9420.41,0.6593,1318529.31,0.0,0,互联网50ETF
359,20371205,1,517080,517080,4000000,0.5,30665.84,30937.92,0.8139,3255433.75,0.0,0,沪港深500ETF基金
360,20371205,1,517090,517090,1000000,0.5,9697.54,14239.54,1.561,1560979.58,0.0,0,央企共赢ETF
361,20371205,1,517100,517100,4500000,0.5,55805.99,55505.35,0.8159,3671395.58,0.0,0,AH500ETF
362,20371205,1,517110,517110,1000000,0.5,-205.45,1075.16,0.5466,546583.52,0.0,0,创新药沪深港ETF
363,20371205,1,517120,517120,2000000,0.9,-13797.9,-13243.9,0.5133,1026511.78,0.0,0,沪港深创新药ETF
364,20371205,1,517160,517160,2000000,0.5,-91.42,1809.97,0.717,1433949.35,0.0,0,长江保护主题ETF
365,20371205,1,517170,517170,5000000,0.5,41563.01,44006.54,0.83,4149869.98,0.0,0,沪港深ETF
366,20371205,1,517180,517180,1000000,0.9,694.5,-408.8,1.5732,1573178.08,0.0,0,中国国企ETF
367,20371205,1,517200,517200,1000000,0.5,-6363.62,-6365.07,0.6004,600396.61,0.0,0,互联网ETF
368,20371205,1,517300,517300,3000000,0.5,-15172.7,-14163.71,0.7708,2312536.1,0.0,0,沪港深300ETF
369,20371205,1,517330,517330,1000000,0.7,3420.53,3420.53,0.7209,720935.87,0.0,0,长江保护ETF
370,20371205,1,517350,517350,1500000,0.4,-19004.26,-22738.93,0.6674,1001138.66,0.0,0,中概科技ETF
371,20371205,1,517360,517360,1500000,0.5,-18434.97,-17752.58,0.8672,1300771.45,0.0,0,沪港深科技ETF
372,20371205,1,517380,517380,2000000,0.5,-19181.28,-19340.22,0.5375,1074974.27,0.0,0,创新药沪港深ETF
373,20371205,1,517390,517390,1000000,0.5,10205.84,10192.72,0.9584,958431.21,0.0,0,云计算沪港深ETF
374,20371205,1,517400,517400,1000000,0.5,4237.66,3642.66,0.9761,976099.72,0.0,0,黄金股票ETF
375,20371205,1,517520,517520,500000,0.5,-1919.22,-1330.86,1.2169,608467.88,0.0,0,黄金股ETF
376,20371205,1,517550,517550,1500000,0.5,-34744.86,-34433.02,0.7555,1133225.1,0.0,0,消费ETF沪港深
377,20371205,1,517660,517660,1200000,0.5,349.9,349.9,0.8954,1074421.46,0.0,0,物联网沪港深ETF
378,20371205,1,517770,517770,1000000,0.5,13691.46,12487.27,0.8649,864900.86,0.0,0,游戏传媒ETF
379,20371205,1,517800,517800,1000000,0.5,1987.59,7430.37,0.6788,678773.23,0.0,0,人工智能50ETF
380,20371205,1,517850,517850,2000000,0.5,-5217.21,-5254.74,0.7934,1586833.0,0.0,0,张江ETF
381,20371205,1,517880,517880,2000000,0.9,-25944.41,-25944.41,0.9137,1827351.61,0.0,0,品牌消费ETF
382,20371205,1,517900,517900,1000000,0.5,-683.26,-1986.14,1.2502,1250179.19,0.0,0,银行ETF优选
383,20371205,1,517990,517990,1000000,0.5,3160.08,3401.1,0.788,788029.89,0.0,0,医药ETF沪港深
384,20371205,1,518600,518600,300000,1.0,-92679.55,-92679.55,5.705,1711490.45,0.0,0,上海金ETF
385,20371205,1,518660,518660,300000,1.0,-72363.44,-72363.44,5.767,1730096.56,0.0,0,黄金ETF基金
386,20371205,1,518680,518680,100000,1.0,-24266.61,-24266.61,5.7712,577123.39,0.0,0,金ETF
387,20371205,1,518800,518800,300000,1.0,-87155.04,-87155.04,5.7177,1715304.96,0.0,0,黄金基金ETF
388,20371205,1,518850,518850,300000,1.0,-61642.35,-61642.35,5.8027,1740817.65,0.0,0,黄金ETF华夏
389,20371205,1,518860,518860,300000,1.0,-62097.89,-62097.89,5.8069,1742072.11,0.0,0,黄金ETFAU
390,20371205,1,518880,518880,300000,1.0,-66461.26,-66461.26,5.7867,1735998.74,0.0,0,黄金ETF
391,20371205,1,518890,518890,300000,1.0,-60894.93,-60894.93,5.8109,1743275.07,0.0,0,中银上海金ETF
392,20371205,1,520660,520660,1000000,1.0,43.96,-99.46,0.9473,947250.43,0.0,0,港股通央企红利ETF南方
393,20371205,1,520700,520700,1000000,1.0,20.94,1760.14,0.9665,966498.48,0.0,0,港股创新药ETF基金
394,20371205,1,520830,520830,500000,1.0,1432.96,1432.96,0.9922,496079.75,0.0,0,沙特ETF
395,20371205,1,520890,520890,500000,1.0,22.39,-59.8,1.1753,587625.76,0.0,0,港股通红利低波ETF
396,20371205,1,520900,520900,500000,1.0,-82.56,-82.16,0.9491,474544.79,0.0,0,红利ETF港股
397,20371205,1,520990,520990,1000000,1.0,0.88,-57.73,0.9456,945584.78,0.0,0,港股央企红利50ETF
398,20371205,1,530000,530000,1000000,1.0,-5259.38,-5375.38,1.2229,1222944.62,0.0,0,上证50ETF天弘
399,20371205,1,560000,560000,1000000,0.5,21330.41,21400.41,0.65,649981.41,0.0,0,智慧电车ETF
400,20371205,1,560010,560010,3000000,0.65,7164.52,3522.52,2.2839,6851637.52,0.0,0,中证1000ETF指数
401,20371205,1,560020,560020,1000000,0.5,-4242.02,-4389.02,1.1181,1118136.98,0.0,0,红利ETF添富
402,20371205,1,560030,560030,1000000,0.5,3468.29,3442.29,1.2047,1204698.29,0.0,0,800价值ETF
403,20371205,1,560050,560050,2000000,0.5,-6711.64,-6711.64,0.8551,1710204.36,0.0,0,MSCI中国A50ETF
404,20371205,1,560060,560060,1000000,0.5,-16408.89,-16457.89,0.7669,766923.11,0.0,0,碳中和ETF
405,20371205,1,560070,560070,200000,0.5,172.94,60.94,1.1016,220313.94,0.0,0,央企股东回报ETF
406,20371205,1,560080,560080,500000,0.5,-24925.21,-24862.21,1.0995,549725.79,0.0,0,中药ETF
407,20371205,1,560090,560090,500000,0.5,2929.11,6114.11,1.2075,603749.11,0.0,0,证券指数ETF
408,20371205,1,560100,560100,1500000,0.6,807.14,-621.86,0.9323,1398510.14,0.0,0,中证500增强ETF
409,20371205,1,560110,560110,3000000,0.5,27063.9,19825.9,0.8225,2467555.9,0.0,0,中证1000ETF基金
410,20371205,1,560150,560150,1000000,0.5,1043.72,1043.72,1.1106,1110624.72,0.0,0,红利低波ETF泰康
411,20371205,1,560170,560170,500000,0.5,-4192.72,4940.28,0.8334,416719.28,0.0,0,央企科技ETF
412,20371205,1,560180,560180,2500000,0.5,-6511.75,12063.25,1.0173,2543249.25,0.0,0,ESG300ETF
413,20371205,1,560220,560220,3000000,1.0,23934.71,23564.71,0.9538,2861521.71,0.0,0,中证2000ETF广发
414,20371205,1,560260,560260,1000000,0.4,6143.87,6143.87,0.8549,854933.87,0.0,0,医疗ETF龙头
415,20371205,1,560280,560280,500000,0.4,-2849.15,-2849.15,1.1851,592550.85,0.0,0,工程机械ETF
416,20371205,1,560300,560300,1000000,0.5,13480.01,12951.01,1.2719,1271929.01,0.0,0,电信50ETF
417,20371205,1,560330,560330,1000000,0.5,1835.09,2689.09,1.1726,1172612.09,0.0,0,沪深300价值ETF申万菱信
418,20371205,1,560350,560350,2000000,0.5,8819.63,8139.63,1.1509,2301765.63,0.0,0,中证A50ETF指数基金
419,20371205,1,560360,560360,1000000,0.5,598.62,-319.38,1.2537,1253666.62,0.0,0,软件指数ETF
420,20371205,1,560500,560500,1000000,0.55,66692.39,66592.39,0.9381,938086.39,0.0,0,500质量成长ETF
421,20371205,1,560510,560510,3000000,0.5,86227.29,84464.29,0.9512,2853644.29,0.0,0,N中证A500ETF
422,20371205,1,560520,560520,1000000,0.5,3011.25,3983.25,1.0636,1063564.25,0.0,0,红利低波100ETF基金
423,20371205,1,560530,560530,3000000,0.5,82576.34,75361.34,0.9821,2946162.34,0.0,0,N中证A500ETF摩根
424,20371205,1,560550,560550,2000000,0.4,-1926.73,-2846.73,0.7724,1544885.27,0.0,0,碳中和ETF龙头
425,20371205,1,560560,560560,1000000,0.5,-3116.8,-3141.8,0.5839,583892.2,0.0,0,碳中和ETF泰康
426,20371205,1,560580,560580,1000000,0.5,-638.63,-638.63,1.0728,1072798.37,0.0,0,电力ETF南方
427,20371205,1,560590,560590,3000000,0.5,18521.0,10256.94,1.0044,3013344.5,0.0,0,1000ETF增强
428,20371205,1,560610,560610,3000000,0.5,120481.84,0.0,0.9527,2857956.84,0.0,0,NA500指数ETF
429,20371205,1,560620,560620,500000,0.5,-2640.16,-3002.16,0.957,478486.84,0.0,0,公用ETF
430,20371205,1,560650,560650,1500000,0.5,7042.13,7042.13,0.8198,1229748.13,0.0,0,核心50ETF
431,20371205,1,560660,560660,1000000,0.5,7878.5,7870.5,1.0101,1010065.5,0.0,0,云50ETF
432,20371205,1,560680,560680,1500000,0.4,15118.0,15118.0,0.9182,1377367.0,0.0,0,消费ETF龙头
433,20371205,1,560690,560690,750000,0.5,-541.26,-4986.75,1.2257,919304.74,0.0,0,电信ETF基金
434,20371205,1,560700,560700,500000,0.4,-2579.03,-2845.03,1.1083,554145.97,0.0,0,央企红利50ETF
435,20371205,1,560780,560780,1000000,0.4,18460.71,18680.71,1.0473,1047330.71,0.0,0,芯片设备ETF
436,20371205,1,560800,560800,2000000,0.55,-9866.37,-9866.37,0.6837,1367449.63,0.0,0,数字经济ETF
437,20371205,1,560850,560850,1000000,0.5,-3691.31,-3691.31,1.134,1133987.69,0.0,0,信创50ETF
438,20371205,1,560860,560860,1000000,0.5,-1352.57,-1352.57,0.8449,844912.43,0.0,0,工业有色ETF
439,20371205,1,560880,560880,1500000,0.4,731.49,731.49,1.3393,2008950.49,0.0,0,家电ETF龙头
440,20371205,1,560890,560890,1000000,0.5,2869.83,2276.83,1.158,1158034.83,0.0,0,红利低波ETF新华
441,20371205,1,560900,560900,1000000,0.5,-41937.82,-41937.82,0.786,786026.18,0.0,0,创新药企ETF
442,20371205,1,560950,560950,2000000,0.5,31570.01,21567.01,1.0194,2038785.01,0.0,0,500ETF增强
443,20371205,1,560960,560960,1000000,1.0,-9169.34,-9197.34,0.8007,800742.66,0.0,0,碳中和60指数ETF
444,20371205,1,560980,560980,1500000,0.4,8440.93,8268.93,0.526,788991.93,0.0,0,光伏30ETF
445,20371205,1,560990,560990,1000000,0.5,-2703.05,-2703.05,0.8278,827762.95,0.0,0,中金科技先锋ETF
446,20371205,1,561000,561000,2500000,0.5,-36612.59,-36612.59,1.1133,2783326.41,0.0,0,沪深300ETF增强基金
447,20371205,1,561010,561010,1000000,0.5,-30205.86,-30205.86,0.9598,959770.14,0.0,0,软件ETF基金
448,20371205,1,561060,561060,500000,0.5,-3282.79,-3457.79,1.0998,549915.21,0.0,0,国企红利ETF
449,20371205,1,561100,561100,1000000,0.5,14644.9,14644.9,0.8148,814781.9,0.0,0,消费电子ETF富国
450,20371205,1,561120,561120,1500000,0.5,2417.77,1403.77,1.1462,1719278.77,0.0,0,家电ETF
451,20371205,1,561130,561130,2000000,0.5,6340.84,6340.84,0.7908,1581631.84,0.0,0,国货ETF
452,20371205,1,561160,561160,1500000,0.5,-1591.24,-1703.24,0.4984,747566.76,0.0,0,锂电池ETF
453,20371205,1,561170,561170,500000,0.5,-1731.66,-1731.66,1.1074,553705.34,0.0,0,绿电50ETF
454,20371205,1,561180,561180,2000000,0.5,10256.65,10256.65,1.0757,2151352.65,0.0,0,A100ETF
455,20371205,1,561190,561190,1000000,0.5,-18107.38,-18126.38,0.7742,774234.62,0.0,0,双碳ETF
456,20371205,1,561200,561200,2000000,0.5,42838.63,42838.63,1.1984,2396767.63,0.0,0,中证100ETF工银
457,20371205,1,561230,561230,2000000,0.5,5498.86,5498.86,1.1449,2289743.86,0.0,0,中证A50ETF基金
458,20371205,1,561260,561260,200000,0.5,1999.12,1999.12,1.1588,231758.12,0.0,0,能源ETF
459,20371205,1,561280,561280,3000000,0.5,15000.26,8487.26,0.9698,2909532.26,0.0,0,中证1000ETF增强
460,20371205,1,561300,561300,3000000,0.5,10010.42,9215.42,0.8286,2485861.42,0.0,0,300增强ETF
461,20371205,1,561310,561310,1000000,0.8,23949.83,23949.83,0.7441,744139.83,0.0,0,消电ETF
462,20371205,1,561320,561320,1000000,0.8,-2160.96,-2412.96,0.9593,959279.04,0.0,0,交运ETF
463,20371205,1,561330,561330,1000000,0.5,7491.46,7491.46,1.0143,1014307.46,0.0,0,矿业ETF
464,20371205,1,561350,561350,3000000,0.8,-27888.79,-29736.79,0.8622,2586701.21,0.0,0,国泰中证500ETF
465,20371205,1,561360,561360,1000000,0.8,-257.56,172.44,1.0737,1073691.44,0.0,0,石油ETF
466,20371205,1,561370,561370,2000000,0.5,-12408.99,-18182.99,0.9105,1821024.01,0.0,0,2000ETF
467,20371205,1,561500,561500,1500000,0.5,-11601.33,-11601.33,0.6488,973206.67,0.0,0,漂亮50ETF
468,20371205,1,561510,561510,1000000,0.5,-3006.02,-3006.02,1.0748,1074806.98,0.0,0,中医药ETF
469,20371205,1,561550,561550,1500000,0.5,2633.52,2352.52,0.9082,1362271.52,0.0,0,500增强ETF
470,20371205,1,561560,561560,500000,0.5,-996.12,-996.12,1.2265,613252.88,0.0,0,电力ETF
471,20371205,1,561580,561580,500000,0.5,1720.77,1496.77,1.1834,591678.77,0.0,0,央企红利ETF
472,20371205,1,561590,561590,2500000,0.5,201837.31,201665.31,0.9352,2338018.31,0.0,0,中证1000增强ETF
473,20371205,1,561600,561600,1000000,0.5,23573.11,21583.11,0.7788,778752.11,0.0,0,消费电子ETF
474,20371205,1,561700,561700,500000,0.5,211.59,-53.41,1.07,534989.59,0.0,0,电力ETF基金
475,20371205,1,561760,561760,1500000,0.8,117.96,-564.04,0.9787,1468056.96,0.0,0,油气ETF博时
476,20371205,1,561780,561780,2000000,0.7,296.76,-1030.24,0.9806,1961175.76,0.0,0,1000增强ETF
477,20371205,1,561790,561790,1000000,0.6,1.51,-409.49,1.1618,1161823.51,0.0,0,央企现代能源ETF
478,20371205,1,561800,561800,500000,0.5,279.59,279.59,0.5196,259818.59,0.0,0,稀有金属ETF基金
479,20371205,1,561900,561900,3000000,0.5,38776.39,42377.39,0.8453,2535778.39,0.0,0,沪深300ESGETF
480,20371205,1,561910,561910,1000000,0.5,5852.78,5768.78,0.4947,494664.78,0.0,0,电池ETF
481,20371205,1,561920,561920,1000000,0.5,29104.84,29104.84,0.6836,683589.84,0.0,0,疫苗龙头ETF
482,20371205,1,561930,561930,3000000,0.5,56770.76,61281.76,1.2423,3726823.76,0.0,0,沪深300ETF指数
483,20371205,1,561950,561950,1500000,0.5,69379.82,69271.82,0.9925,1488706.82,0.0,0,500指数增强ETF
484,20371205,1,561960,561960,200000,0.5,1408.02,1296.02,1.1397,227944.02,0.0,0,央企回报ETF
485,20371205,1,561980,561980,1000000,0.5,33979.93,33979.93,1.1712,1171171.93,0.0,0,半导体设备ETF
486,20371205,1,561990,561990,3000000,0.5,22277.53,19953.53,0.8658,2597458.53,0.0,0,沪深300增强ETF
487,20371205,1,562000,562000,2000000,0.5,51.95,731.95,0.9667,1933377.95,0.0,0,中证100ETF基金
488,20371205,1,562010,562010,1000000,0.5,158.61,-839.39,0.7391,739122.61,0.0,0,绿色能源ETF
489,20371205,1,562030,562030,500000,0.5,58.4,-666.6,0.8532,426605.4,0.0,0,信创ETF基金
490,20371205,1,562060,562060,500000,0.5,124.96,-167.04,1.1249,562425.96,0.0,0,标普红利ETF
491,20371205,1,562260,562260,1000000,0.5,6913.18,6766.18,1.0159,1015906.18,0.0,0,汽车配件ETF
492,20371205,1,562300,562300,1000000,0.5,8772.18,9023.18,0.5888,588848.18,0.0,0,碳中和ETF基金
493,20371205,1,562310,562310,2000000,0.5,6039.53,7268.53,0.7825,1565038.53,0.0,0,沪深300成长ETF
494,20371205,1,562320,562320,3000000,0.5,13291.28,14723.28,1.2586,3775865.28,0.0,0,沪深300价值ETF
495,20371205,1,562330,562330,1000000,0.5,-3969.92,-4145.92,1.0088,1008807.08,0.0,0,中证500价值ETF
496,20371205,1,562340,562340,1000000,0.5,48203.08,48103.08,1.0337,1033698.08,0.0,0,中证500成长ETF
497,20371205,1,562350,562350,1000000,0.5,69.36,69.36,1.0719,1071887.36,0.0,0,电力指数ETF
498,20371205,1,562360,562360,1000000,0.5,-27219.29,-27582.29,0.7599,759943.71,0.0,0,机器人ETF基金
499,20371205,1,562380,562380,500000,0.5,1935.39,1987.39,0.8532,426606.39,0.0,0,央企科技引领ETF
500,20371205,1,562390,562390,1000000,0.5,-7315.26,-7315.26,1.0058,1005750.74,0.0,0,中药50ETF
501,20371205,1,562500,562500,1500000,0.5,5667.7,5173.0,0.696,1043982.48,0.0,0,机器人ETF
502,20371205,1,562510,562510,500000,0.5,3118.02,5123.02,0.6781,339050.02,0.0,0,旅游ETF
503,20371205,1,562520,562520,2000000,0.5,18593.24,17812.73,0.9264,1852721.26,0.0,0,中证1000成长ETF
504,20371205,1,562530,562530,1000000,0.5,10419.76,10756.01,1.0577,1057662.66,0.0,0,中证1000价值ETF
505,20371205,1,562550,562550,500000,0.5,-981.59,-707.59,1.1035,551763.41,0.0,0,绿电ETF
506,20371205,1,562560,562560,1500000,0.5,5950.37,7526.51,1.2138,1820641.42,0.0,0,信息技术ETF
507,20371205,1,562570,562570,1000000,0.5,5742.82,6633.44,1.1051,1105065.84,0.0,0,信创ETF
508,20371205,1,562580,562580,1500000,0.5,451.26,-341.08,1.1212,1681859.5,0.0,0,可选消费ETF
509,20371205,1,562590,562590,1000000,0.5,5253.7,4630.55,1.0228,1022840.96,0.0,0,半导体材料ETF
510,20371205,1,562600,562600,1000000,0.5,8543.2,9574.98,0.8915,891517.58,0.0,0,医疗器械ETF
511,20371205,1,562660,562660,2000000,0.5,424.33,1374.8,0.9891,1978217.64,0.0,0,中证2000ETF华夏
512,20371205,1,562700,562700,1000000,0.5,9331.17,9786.17,1.0235,1023517.17,0.0,0,汽车零部件ETF
513,20371205,1,562800,562800,450000,0.5,4797.31,4797.31,0.4853,218387.31,0.0,0,稀有金属ETF
514,20371205,1,562820,562820,2000000,0.5,19940.1,19940.1,1.3892,2778440.1,0.0,0,集成电路ETF
515,20371205,1,562850,562850,1000000,0.5,-5828.16,-6291.16,1.1622,1162201.84,0.0,0,央企能源ETF
516,20371205,1,562860,562860,2000000,0.5,-13781.78,-13781.78,0.6506,1301173.22,0.0,0,生物疫苗ETF
517,20371205,1,562880,562880,1500000,0.5,4072.79,3960.79,0.5153,772921.2,0.0,0,电池ETF基金
518,20371205,1,562890,562890,1500000,0.5,1126.64,1126.64,1.1576,1736382.64,0.0,0,中证A50指数ETF
519,20371205,1,562900,562900,1000000,0.5,8045.14,8045.14,0.721,720972.14,0.0,0,现代农业ETF
520,20371205,1,562910,562910,1000000,0.6,5584.43,5556.43,0.6493,649331.43,0.0,0,高端制造ETF
521,20371205,1,562920,562920,1000000,0.7,12596.33,12588.33,0.8263,826299.33,0.0,0,信息安全ETF
522,20371205,1,562930,562930,1000000,0.6,19613.24,19613.24,0.7335,733499.24,0.0,0,软件30ETF
523,20371205,1,562950,562950,1000000,0.6,9305.36,9305.36,0.7688,768776.36,0.0,0,消费电子50ETF
524,20371205,1,562960,562960,500000,1.0,7356.51,7356.51,1.1016,550811.51,0.0,0,绿色电力ETF
525,20371205,1,562990,562990,1000000,0.7,1110.55,1061.55,0.7756,775611.55,0.0,0,碳中和100ETF
526,20371205,1,563000,563000,2500000,0.8,3225.96,3225.96,0.8584,2146034.96,0.0,0,中国A50ETF
527,20371205,1,563010,563010,1000000,0.8,7049.05,7045.05,1.1814,1181416.05,0.0,0,电信ETF
528,20371205,1,563020,563020,1000000,1.0,2886.23,2886.23,1.1806,1180623.23,0.0,0,红利低波动ETF
529,20371205,1,563030,563030,1500000,0.7,-21288.91,-21535.91,0.9759,1463902.09,0.0,0,中证500ETF增强
530,20371205,1,563050,563050,1000000,0.8,4843.07,4843.07,0.8543,854311.07,0.0,0,央企科技50ETF
531,20371205,1,563080,563080,2000000,0.8,-1084.55,-1084.55,1.164,2327947.45,0.0,0,中证A50ETF易方达
532,20371205,1,563090,563090,1000000,1.0,59873.51,26999.51,1.0933,1093281.51,0.0,0,上证50ETF增强
533,20371205,1,563150,563150,1000000,0.5,384.63,384.63,0.9765,976470.63,0.0,0,油气资源ETF
534,20371205,1,563180,563180,1000000,0.5,-6930.95,-6977.95,1.0934,1093373.05,0.0,0,高股息ETF
535,20371205,1,563200,563200,2000000,0.5,119.9,-225.1,0.9454,1890751.9,0.0,0,中证2000ETF富国
536,20371205,1,563220,563220,3000000,0.5,31.0,-1817.0,0.9889,2966753.0,0.0,0,N中证A500ETF富国
537,20371205,1,563280,563280,2000000,0.5,301.32,-29380.68,1.1376,2275100.32,0.0,0,A50增强ETF
538,20371205,1,563300,563300,2500000,0.5,21640.29,19432.29,0.9169,2292277.29,0.0,0,中证2000ETF
539,20371205,1,563330,563330,1300000,0.5,104198.09,99822.09,3.1635,4112541.09,0.0,0,A股ETF
540,20371205,1,563350,563350,2000000,0.5,10061.51,10061.51,1.1699,2339729.51,0.0,0,中证A50ETF
541,20371205,1,563360,563360,3000000,0.5,54499.77,45007.77,1.0086,3025808.77,0.0,0,N中证A500ETF基金
542,20371205,1,588000,588000,4500000,0.5,24305.78,26285.66,0.9737,4381477.64,0.0,0,科创50ETF
543,20371205,1,588010,588010,2500000,0.5,65.25,-398.75,0.544,1360045.25,0.0,0,科创新材料ETF
544,20371205,1,588020,588020,2000000,1.0,13038.27,12264.27,1.0188,2037608.27,0.0,0,科创成长50ETF
545,20371205,1,588030,588030,3000000,0.5,142.18,-32.82,0.8564,2569310.18,0.0,0,科创100指数ETF
546,20371205,1,588050,588050,2000000,0.5,15144.11,15144.11,0.953,1905909.11,0.0,0,科创ETF
547,20371205,1,588060,588060,6000000,1.0,288.63,-147.37,0.5908,3544506.63,0.0,0,科创50ETF龙头
548,20371205,1,588080,588080,3000000,1.0,6920.22,2123.22,0.948,2843858.22,0.0,0,科创板50ETF
549,20371205,1,588090,588090,2600000,0.55,-5227.94,-5227.94,0.9555,2484295.06,0.0,0,科创板ETF
550,20371205,1,588100,588100,3500000,0.5,973.72,-5958.28,1.1722,4102835.72,0.0,0,科创信息技术ETF
551,20371205,1,588110,588110,3000000,0.5,965.9,-152.1,1.0035,3010513.9,0.0,0,科创成长ETF
552,20371205,1,588120,588120,3000000,0.5,-14868.99,-15384.99,0.8593,2577825.01,0.0,0,科创板100ETF
553,20371205,1,588150,588150,2500000,0.5,-1667.1,-1667.1,0.6479,1619818.9,0.0,0,科创50ETF南方
554,20371205,1,588160,588160,1500000,0.5,1609.56,1594.56,0.5507,826090.56,0.0,0,科创材料ETF
555,20371205,1,588180,588180,3500000,0.5,67378.85,67378.85,0.5984,2094442.85,0.0,0,科创50ETF基金
556,20371205,1,588190,588190,3000000,0.5,-21917.57,-22433.57,0.8552,2565473.43,0.0,0,科创100ETF
557,20371205,1,588200,588200,3000000,0.5,14701.15,14701.15,1.2843,3853042.15,0.0,0,科创芯片ETF
558,20371205,1,588210,588210,2500000,1.0,8241.09,7811.09,0.8297,2074332.09,0.0,0,科创100ETF易方达
559,20371205,1,588220,588220,3500000,0.5,-5274.54,-5962.54,0.8587,3005436.46,0.0,0,科创100ETF基金
560,20371205,1,588260,588260,3000000,0.5,25425.02,18083.02,1.1617,3485047.02,0.0,0,科创信息ETF
561,20371205,1,588280,588280,4000000,0.5,687.57,-17091.43,0.669,2675811.57,0.0,0,科创50ETF指数基金
562,20371205,1,588290,588290,2500000,0.5,-2150.8,-2150.8,1.2549,3137212.2,0.0,0,科创芯片ETF基金
563,20371205,1,588300,588300,3000000,0.5,-37459.96,-37543.96,0.5801,1740169.04,0.0,0,双创ETF
564,20371205,1,588310,588310,1200000,0.85,10173.41,15841.41,0.6264,751696.41,0.0,0,双创ETF基金
565,20371205,1,588320,588320,3000000,0.5,134470.11,101370.11,0.8957,2687133.11,0.0,0,双创50增强ETF
566,20371205,1,588330,588330,2000000,0.5,902.98,-5962.02,0.5757,1151431.98,0.0,0,双创龙头ETF
567,20371205,1,588350,588350,2000000,0.5,52899.18,52815.18,0.8747,1749390.18,0.0,0,双创50ETF基金
568,20371205,1,588360,588360,2800000,0.8,7546.28,7462.28,0.6052,1694509.28,0.0,0,科创创业ETF
569,20371205,1,588370,588370,2500000,0.5,23400.88,24284.88,0.9125,2281129.88,0.0,0,科创50增强策略ETF
570,20371205,1,588380,588380,3000000,0.5,11566.51,11482.51,0.5784,1735213.51,0.0,0,双创50ETF
571,20371205,1,588390,588390,3000000,0.9,1461.6,-982.4,0.6192,1857680.6,0.0,0,科创创业50ETF
572,20371205,1,588400,588400,3000000,0.5,9896.17,9812.17,0.5724,1717165.17,0.0,0,科创创业指数ETF
573,20371205,1,588450,588450,3000000,0.5,-8240.37,-15800.37,1.2135,3640487.63,0.0,0,科创50ETF增强
574,20371205,1,588460,588460,1500000,0.5,18327.65,17758.19,1.0284,1542659.74,0.0,0,科创50增强ETF
575,20371205,1,588500,588500,1000000,1.0,1110.96,668.96,1.2146,1214570.96,0.0,0,科创100ETF增强
576,20371205,1,588680,588680,3000000,0.5,-14881.06,-15031.06,1.1814,3544125.94,0.0,0,科创100增强ETF
577,20371205,1,588700,588700,2500000,0.5,-8764.74,-8764.74,0.8679,2169710.26,0.0,0,科创生物医药ETF
578,20371205,1,588800,588800,2500000,0.5,5949.53,4224.53,0.828,2069914.53,0.0,0,科创100ETF华夏
579,20371205,1,588830,588830,1000000,0.5,2150.92,1473.26,1.1781,1178058.76,0.0,0,科创新能源ETF
580,20371205,1,588860,588860,2000000,0.5,28653.27,28653.27,1.1495,2298976.27,0.0,0,科创医药ETF
581,20371205,1,588880,588880,3000000,0.55,6112.63,2374.63,0.8246,2473924.63,0.0,0,科创100ETF指数
582,20371205,1,588890,588890,3000000,0.5,-869.14,-869.14,1.4395,4318448.86,0.0,0,科创芯片ETF南方
583,20371205,1,588900,588900,3000000,0.5,-1031.8,-1547.8,0.8577,2572994.2,0.0,0,科创100ETF南方
584,20371205,1,588990,588990,2000000,0.5,30.8,656.8,1.3434,2686743.8,0.0,0,科创芯片ETF博时
585,20371205,2,159001,159001,1,1.0,0.0,0.0,100.0,100.0,0.0,0,货币ETF
586,20371205,2,159003,159003,1,1.0,0.0,0.0,100.0,100.0,0.0,0,招商快线ETF
587,20371205,2,159005,159005,1,1.0,0.0,0.0,100.0,100.0,0.0,0,汇添富快钱ETF
588,20371205,2,159150,159150,1000000,1.0,8524.54,8524.54,1.2013,1201345.54,0.0,0,深证50ETF易方达
589,20371205,2,159300,159300,900000,0.5,218.04,3138.04,4.0343,3630855.04,0.0,0,300ETF
590,20371205,2,159301,159301,500000,0.5,7273.47,6911.47,0.9662,483124.47,0.0,0,公用事业ETF
591,20371205,2,159302,159302,500000,1.0,-56.91,-347.08,1.1122,556121.68,0.0,0,港股高股息ETF
592,20371205,2,159303,159303,1000000,1.0,52.83,1465.74,1.1596,1159578.56,0.0,0,恒生医疗ETF基金
593,20371205,2,159305,159305,500000,0.4,12883.36,12978.87,1.1965,598258.86,0.0,0,储能电池50ETF
594,20371205,2,159306,159306,1000000,0.5,5413.95,7591.95,1.022,1022006.95,0.0,0,汽车零件ETF
595,20371205,2,159307,159307,1000000,0.8,111.81,1780.81,1.0404,1040381.81,0.0,0,红利低波100ETF
596,20371205,2,159309,159309,1000000,0.5,1928.56,1928.56,1.0091,1009119.56,0.0,0,油气资源ETF
597,20371205,2,159310,159310,1000000,0.5,-30019.73,-30019.73,1.2859,1285911.27,0.0,0,芯片产业ETF
598,20371205,2,159315,159315,500000,0.8,-457.77,-3597.73,1.0028,501414.39,0.0,0,黄金股ETF基金
599,20371205,2,159318,159318,1000000,1.0,336.72,665.89,1.138,1138005.14,0.0,0,恒生港股通ETF
600,20371205,2,159321,159321,500000,0.5,305.11,274.07,0.9481,474025.97,0.0,0,黄金股票ETF
601,20371205,2,159322,159322,1000000,0.8,941.56,954.45,1.0047,1004749.76,0.0,0,黄金产业ETF
602,20371205,2,159326,159326,1000000,0.5,5236.42,5212.61,1.1305,1130544.16,0.0,0,电网设备ETF
603,20371205,2,159327,159327,1000000,0.5,9258.92,-6941.08,1.155,1154993.92,0.0,0,半导体设备ETF基金
604,20371205,2,159329,159329,500000,1.0,-31.03,-31.03,0.9967,498371.05,0.0,0,沙特ETF
605,20371205,2,159330,159330,3000000,0.5,37248.64,38857.24,1.179,3537057.76,0.0,0,沪深300ETF基金
606,20371205,2,159331,159331,1000000,1.0,240.73,-217.41,1.121,1120978.28,0.0,0,红利港股ETF
607,20371205,2,159332,159332,500000,0.5,3796.57,3586.57,1.1113,555637.57,0.0,0,央企红利ETF
608,20371205,2,159333,159333,1000000,1.0,-8.56,-125.21,1.181,1180950.07,0.0,0,港股央企红利ETF
609,20371205,2,159335,159335,200000,0.5,1008.67,1008.67,1.1657,233143.67,0.0,0,央企科创ETF
610,20371205,2,159337,159337,2000000,0.5,27474.61,27728.34,1.2323,2464619.04,0.0,0,中证500ETF基金
611,20371205,2,159338,159338,3000000,0.8,-8575.19,28024.81,0.9536,2860709.81,0.0,0,中证A500ETF
612,20371205,2,159339,159339,3000000,0.5,104619.76,105002.76,0.9593,2877881.76,0.0,0,A500ETF
613,20371205,2,159350,159350,1000000,0.5,17779.34,17779.34,1.1977,1197733.34,0.0,0,深证50ETF富国
614,20371205,2,159351,159351,3000000,0.5,3865.63,4073.63,0.9758,2927292.63,0.0,0,A500指数ETF
615,20371205,2,159352,159352,2000000,0.5,-428.96,0.0,1.0005,2001023.04,0.0,0,中证A500ETF南方
616,20371205,2,159353,159353,3000000,0.5,18.38,-131.62,0.9711,2913211.38,0.0,0,中证A500ETF景顺
617,20371205,2,159501,159501,1000000,1.0,6619.28,6619.28,1.3498,1349783.52,0.0,0,纳斯达克指数ETF
618,20371205,2,159502,159502,1000000,1.0,3161.48,3092.59,1.045,1044963.6,0.0,0,标普生物科技ETF
619,20371205,2,159505,159505,3000000,0.7,64.21,-212.79,0.9242,2772640.21,0.0,0,国证2000指数ETF
620,20371205,2,159506,159506,1000000,1.0,-65.27,71.53,0.8921,892104.4,0.0,0,恒生医疗ETF
621,20371205,2,159507,159507,1000000,0.4,-19682.23,7144.97,1.0495,1049506.31,0.0,0,电信ETF
622,20371205,2,159508,159508,600000,0.5,-15639.24,-15639.24,0.8094,485664.76,0.0,0,生物医药ETF基金
623,20371205,2,159509,159509,1000000,1.0,139.28,3366.52,1.426,1425979.61,0.0,0,纳指科技ETF
624,20371205,2,159510,159510,1000000,0.5,2737.19,9867.71,1.1194,1119435.07,0.0,0,沪深300价值ETF
625,20371205,2,159511,159511,500000,0.5,486.9,486.9,1.024,511999.9,0.0,0,通信ETF基金
626,20371205,2,159512,159512,2000000,0.4,-4813.01,-10468.53,1.2509,2501714.67,0.0,0,汽车ETF
627,20371205,2,159513,159513,1000000,1.0,-29877.83,-25886.03,1.2146,1214564.44,0.0,0,纳斯达克100指数ETF
628,20371205,2,159515,159515,300000,0.5,3778.91,3666.91,1.0959,328771.91,0.0,0,国企红利ETF
629,20371205,2,159516,159516,1000000,0.8,-10259.6,-10259.6,0.9726,972563.4,0.0,0,半导体设备ETF
630,20371205,2,159517,159517,3000000,0.5,70081.05,71233.05,1.0685,3205405.05,0.0,0,800增强ETF
631,20371205,2,159518,159518,1000000,1.0,2012.86,1478.62,0.9739,973942.14,0.0,0,标普油气ETF
632,20371205,2,159519,159519,1000000,1.0,340.05,118.05,1.3262,1326226.73,0.0,0,港股国企ETF
633,20371205,2,159520,159520,1000000,0.9,-7920.52,-6596.52,1.0807,1080691.48,0.0,0,消费龙头ETF
634,20371205,2,159521,159521,3000000,0.5,-67168.94,-66172.94,0.8879,2663751.06,0.0,0,2000指数ETF
635,20371205,2,159523,159523,1000000,0.5,15873.06,10359.87,1.0288,1028827.29,0.0,0,沪深300成长ETF
636,20371205,2,159525,159525,500000,0.5,-3051.05,-3051.05,1.0382,519101.95,0.0,0,红利低波ETF
637,20371205,2,159526,159526,1500000,0.5,-7469.55,-7469.55,1.0242,1536371.45,0.0,0,机器人指数ETF
638,20371205,2,159527,159527,2000000,0.4,60065.53,60065.53,1.3064,2612769.53,0.0,0,数据ETF
639,20371205,2,159528,159528,2000000,0.5,-2992.49,-3209.49,1.079,2157908.51,0.0,0,国企改革ETF
640,20371205,2,159529,159529,1000000,1.0,38.3,3033.64,1.1365,1136481.13,0.0,0,标普消费ETF
641,20371205,2,159530,159530,1000000,0.8,2649.21,2649.21,1.0421,1042108.21,0.0,0,机器人100ETF
642,20371205,2,159531,159531,4000000,0.5,-143.98,78.02,0.9057,3622723.02,0.0,0,中证2000ETF
643,20371205,2,159532,159532,2000000,0.8,976.48,-3035.52,0.9694,1938762.48,0.0,0,中证2000指数ETF
644,20371205,2,159533,159533,3000000,0.6,14.18,-3166.82,1.0576,3172796.18,0.0,0,中证2000ETF基金
645,20371205,2,159535,159535,3000000,0.5,54611.32,54604.32,0.9438,2831271.32,0.0,0,中证2000ETF指数
646,20371205,2,159536,159536,2000000,0.5,2062.32,7589.32,0.9119,1823780.32,0.0,0,中证2000ETF添富
647,20371205,2,159537,159537,1000000,0.8,-3147.84,-3147.84,1.0292,1029225.16,0.0,0,信创ETF
648,20371205,2,159538,159538,1000000,0.5,283.32,-1251.68,1.0446,1044628.32,0.0,0,信创ETF富国
649,20371205,2,159539,159539,2000000,0.4,104355.87,104355.87,1.0238,2047671.87,0.0,0,信创50ETF
650,20371205,2,159540,159540,1000000,0.7,1080.7,1080.7,1.0432,1043201.7,0.0,0,信创ETF指数
651,20371205,2,159541,159541,1500000,0.5,-18499.33,-21216.33,1.0794,1619073.67,0.0,0,创业板综ETF万家
652,20371205,2,159542,159542,500000,0.5,2953.9,2552.9,1.0567,528354.9,0.0,0,工程机械ETF
653,20371205,2,159543,159543,4000000,0.5,-26444.29,-26482.29,0.89,3559915.71,0.0,0,国证2000ETF基金
654,20371205,2,159545,159545,600000,1.0,7244.4,7144.47,1.2123,727352.5,0.0,0,恒生红利低波ETF
655,20371205,2,159546,159546,1000000,0.5,-23530.13,-23530.13,1.1221,1122113.87,0.0,0,集成电路ETF
656,20371205,2,159547,159547,500000,0.5,8441.26,8441.26,1.1474,573710.26,0.0,0,红利低波50ETF
657,20371205,2,159549,159549,1000000,0.5,13741.01,13615.01,1.1261,1126064.01,0.0,0,红利低波动ETF
658,20371205,2,159551,159551,1000000,0.8,-4873.8,-4873.8,0.907,907020.2,0.0,0,机器人产业ETF
659,20371205,2,159552,159552,3000000,0.5,-2822.43,12023.57,1.1695,3508634.57,0.0,0,中证2000增强ETF
660,20371205,2,159553,159553,2000000,0.5,-29936.66,-29936.66,1.057,2114028.34,0.0,0,2000ETF增强
661,20371205,2,159555,159555,3000000,0.5,-31712.68,-32465.68,0.95,2850112.32,0.0,0,2000增强ETF
662,20371205,2,159556,159556,3000000,0.5,-178821.05,-178255.05,0.8457,2537089.95,0.0,0,中证2000ETF增强
663,20371205,2,159557,159557,1000000,1.0,14.57,696.31,1.0659,1065887.51,0.0,0,恒生医疗指数ETF
664,20371205,2,159558,159558,1000000,0.7,5760.96,5760.96,1.1326,1132641.96,0.0,0,半导体材料设备ETF
665,20371205,2,159559,159559,500000,0.5,6.73,1964.73,0.9435,471740.73,0.0,0,机器人ETF基金
666,20371205,2,159560,159560,500000,0.5,2107.7,6374.7,1.0427,521346.7,0.0,0,芯片50ETF
667,20371205,2,159561,159561,1000000,1.0,1703.96,1703.96,1.0432,1043176.23,0.0,0,德国ETF
668,20371205,2,159562,159562,1000000,0.5,26755.33,25560.36,1.3189,1318859.32,0.0,0,黄金股ETF
669,20371205,2,159563,159563,2000000,0.5,105947.29,96041.29,1.2234,2446846.29,0.0,0,创业板综ETF华夏
670,20371205,2,159565,159565,1000000,0.7,20629.75,20482.75,1.1053,1105311.75,0.0,0,汽车零部件ETF
671,20371205,2,159566,159566,1000000,0.9,344.16,344.16,1.3167,1316695.16,0.0,0,储能电池ETF
672,20371205,2,159567,159567,1000000,1.0,-33.47,1711.96,1.0386,1038552.67,0.0,0,港股创新药ETF
673,20371205,2,159568,159568,1000000,1.0,-33.32,642.05,1.3864,1386446.82,0.0,0,港股互联网ETF
674,20371205,2,159569,159569,1000000,1.0,2.95,-581.15,1.1043,1104275.68,0.0,0,港股红利低波ETF
675,20371205,2,159570,159570,1000000,1.0,74.57,1938.31,1.0381,1038077.52,0.0,0,港股通创新药ETF
676,20371205,2,159571,159571,2000000,0.5,-19105.99,-19129.99,1.0894,2178824.01,0.0,0,创业板200ETF富国
677,20371205,2,159572,159572,2000000,1.0,9471.32,6083.32,1.073,2146091.32,0.0,0,创业板200ETF易方达
678,20371205,2,159573,159573,2000000,0.5,21340.89,20337.89,1.0662,2132431.89,0.0,0,创业板200ETF华夏
679,20371205,2,159575,159575,2000000,0.5,-3914.03,-11903.03,1.0753,2150522.97,0.0,0,创业板200ETF银华
680,20371205,2,159576,159576,1500000,0.45,-8334.61,-8334.61,1.1781,1767203.39,0.0,0,深证100ETF广发
681,20371205,2,159577,159577,1000000,1.0,-12231.19,-12231.19,1.1685,1168543.13,0.0,0,美国50ETF
682,20371205,2,159578,159578,2000000,0.5,1251.02,1251.02,1.0958,2191698.02,0.0,0,深证主板50ETF南方
683,20371205,2,159579,159579,1000000,0.42,-8139.49,-13791.49,1.11,1109966.51,0.0,0,深主板50ETF华安
684,20371205,2,159581,159581,1000000,0.5,2601.26,2454.26,1.0559,1055869.26,0.0,0,红利ETF基金
685,20371205,2,159582,159582,1500000,0.8,185.81,-753.19,1.3094,1964117.81,0.0,0,半导体产业ETF
686,20371205,2,159583,159583,1000000,0.5,35009.54,35009.54,1.1568,1156813.54,0.0,0,通信设备ETF
687,20371205,2,159586,159586,1500000,0.5,-595.17,-1057.17,1.0999,1649849.83,0.0,0,计算机ETF南方
688,20371205,2,159587,159587,1000000,0.4,2033.43,182.43,1.1144,1114352.43,0.0,0,粮食50ETF
689,20371205,2,159588,159588,500000,0.5,31.51,67.51,0.9959,497950.51,0.0,0,石油天然气ETF
690,20371205,2,159589,159589,1000000,0.4,2476.09,3049.09,1.061,1060986.09,0.0,0,红利100ETF
691,20371205,2,159591,159591,1500000,0.5,651.81,-41.19,1.1545,1731777.81,0.0,0,中证A50ETF
692,20371205,2,159592,159592,2000000,0.5,6984.89,6984.89,1.1463,2292673.89,0.0,0,A50ETF基金
693,20371205,2,159593,159593,1500000,0.5,-12960.34,-12960.34,1.1639,1745776.66,0.0,0,中证A50指数ETF
694,20371205,2,159595,159595,1000000,0.5,-28819.68,-28819.68,1.164,1163979.32,0.0,0,中证A50ETF基金
695,20371205,2,159596,159596,1500000,0.5,1132.27,1132.27,1.1425,1713786.27,0.0,0,A50ETF华宝
696,20371205,2,159597,159597,600000,1.0,6997.41,6997.41,1.2097,725831.41,0.0,0,创业板成长ETF易方达
697,20371205,2,159599,159599,1000000,0.5,-21312.48,-21380.06,1.2861,1286130.64,0.0,0,芯片ETF基金
698,20371205,2,159601,159601,2600000,0.5,4922.18,4046.58,0.8583,2231604.38,0.0,0,A50ETF
699,20371205,2,159602,159602,2000000,0.5,-11796.17,-11796.17,0.8383,1676548.83,0.0,0,中国A50ETF
700,20371205,2,159603,159603,1000000,0.5,44553.74,44497.74,0.8728,872791.74,0.0,0,双创龙头ETF
701,20371205,2,159605,159605,1000000,1.0,734.97,-53.03,1.0125,1012510.41,0.0,0,中概互联ETF
702,20371205,2,159606,159606,1000000,0.6,2574.42,2474.42,0.8901,890136.42,0.0,0,中证500成长ETF
703,20371205,2,159607,159607,1000000,1.0,-333.14,-497.18,1.0059,1005868.9,0.0,0,中概互联网ETF
704,20371205,2,159608,159608,800000,0.4,4328.85,4388.69,0.545,435998.77,0.0,0,稀有金属ETF
705,20371205,2,159609,159609,1000000,0.5,20043.99,20043.99,0.4578,457787.99,0.0,0,光伏龙头ETF
706,20371205,2,159610,159610,1000000,0.5,-8127.79,-9479.79,0.8301,830109.21,0.0,0,500ETF增强
707,20371205,2,159611,159611,800000,0.4,-1727.99,-1727.99,1.016,812793.01,0.0,0,电力ETF
708,20371205,2,159612,159612,1000000,1.0,26714.84,26408.9,1.5271,1527070.31,0.0,0,标普500ETF
709,20371205,2,159613,159613,1000000,0.5,2897.31,2889.31,0.7764,776405.31,0.0,0,信息安全ETF
710,20371205,2,159615,159615,1000000,1.0,-93.69,307.95,0.7517,751732.72,0.0,0,恒生生物科技ETF
711,20371205,2,159616,159616,1000000,0.5,-3319.52,-3503.52,0.6801,680117.48,0.0,0,农牧ETF
712,20371205,2,159617,159617,1000000,0.5,5865.84,3723.14,1.1218,1121787.12,0.0,0,500价值ETF
713,20371205,2,159618,159618,1000000,0.5,-5654.9,-5826.9,0.6267,626726.1,0.0,0,光伏ETF指数基金
714,20371205,2,159619,159619,1000000,0.8,1820.09,2205.09,1.0017,1001719.09,0.0,0,基建ETF
715,20371205,2,159620,159620,1000000,0.5,869.81,429.82,0.9137,913730.57,0.0,0,500成长ETF
716,20371205,2,159621,159621,3000000,0.8,22974.75,24968.75,0.9937,2981069.75,0.0,0,MSCIESGETF
717,20371205,2,159622,159622,1000000,0.5,13217.28,13467.49,0.8279,827916.08,0.0,0,创新药ETF沪港深
718,20371205,2,159623,159623,1000000,0.5,54.43,-140.57,0.7829,782872.43,0.0,0,成渝经济圈ETF
719,20371205,2,159625,159625,400000,0.5,2446.72,2446.72,1.1636,465434.07,0.0,0,绿色电力ETF
720,20371205,2,159627,159627,2000000,0.5,10475.69,10517.53,1.0761,2152248.09,0.0,0,A100ETF
721,20371205,2,159628,159628,3000000,0.5,13455.21,13455.21,0.9287,2786195.21,0.0,0,国证2000ETF
722,20371205,2,159629,159629,2000000,0.7,99.16,1109.16,2.2808,4561524.16,0.0,0,1000ETF
723,20371205,2,159630,159630,2000000,0.5,24542.39,25239.39,1.1253,2250584.39,0.0,0,A100ETF基金
724,20371205,2,159631,159631,2000000,0.5,-16744.38,-16744.38,1.0087,2017378.62,0.0,0,中证A100ETF
725,20371205,2,159632,159632,1000000,1.0,-14046.41,-19450.61,1.6449,1644879.69,0.0,0,纳斯达克ETF
726,20371205,2,159633,159633,1000000,0.7,-3428.76,-3386.76,2.2962,2296229.24,0.0,0,中证1000指数ETF
727,20371205,2,159635,159635,1000000,0.5,5600.77,5263.97,1.0622,1062213.02,0.0,0,基建50ETF
728,20371205,2,159636,159636,1000000,1.0,-123.45,460.57,1.0013,1001303.08,0.0,0,港股通科技30ETF
729,20371205,2,159637,159637,1000000,0.5,-6394.41,-6467.69,0.5765,576470.03,0.0,0,新能源车龙头ETF
730,20371205,2,159638,159638,1000000,0.5,3342.44,3342.44,0.7658,765757.44,0.0,0,高端装备ETF
731,20371205,2,159639,159639,2000000,0.5,-351.68,-164.68,0.7748,1549671.32,0.0,0,碳中和ETF南方
732,20371205,2,159640,159640,1000000,0.5,-12414.57,-15382.57,0.7687,768688.43,0.0,0,碳中和龙头ETF
733,20371205,2,159641,159641,1000000,0.5,-13541.49,-13590.49,0.8009,800893.51,0.0,0,双碳ETF
734,20371205,2,159642,159642,1000000,0.5,-23512.8,-23561.8,0.7875,787454.2,0.0,0,碳中和100ETF
735,20371205,2,159643,159643,1000000,0.8,4804.38,4804.38,0.6374,637402.38,0.0,0,疫苗ETF
736,20371205,2,159645,159645,1000000,0.5,15944.03,15944.03,0.72,720029.03,0.0,0,疫苗ETF富国
737,20371205,2,159647,159647,500000,0.5,11949.63,11979.24,1.0168,508404.69,0.0,0,中药ETF
738,20371205,2,159649,159649,10000,1.0,-775.0,-326.81,106.3802,1063802.43,0.0,0,国开债ETF
739,20371205,2,159650,159650,2000,1.0,558.5,622.35,105.2331,210466.29,0.0,0,国开ETF
740,20371205,2,159651,159651,10000,1.0,-1006.95,-659.07,104.8197,1048196.87,0.0,0,国开债券ETF
741,20371205,2,159652,159652,1000000,0.5,-4503.34,-4503.34,0.9309,930876.66,0.0,0,有色50ETF
742,20371205,2,159653,159653,3000000,0.5,-18861.79,-20933.79,1.0034,3010114.21,0.0,0,ESG300ETF
743,20371205,2,159655,159655,1000000,1.0,486.31,447.98,1.4925,1492456.05,0.0,0,标普ETF
744,20371205,2,159656,159656,2000000,0.5,46197.74,40311.74,0.8472,1694467.74,0.0,0,300成长ETF
745,20371205,2,159657,159657,1000000,0.5,-13794.7,-13547.7,0.6866,686586.23,0.0,0,生物疫苗ETF
746,20371205,2,159658,159658,1500000,0.5,-62486.59,-62486.59,1.0825,1623781.41,0.0,0,数字经济ETF
747,20371205,2,159659,159659,1000000,1.0,6415.26,6415.26,1.5439,1543886.34,0.0,0,纳斯达克100ETF
748,20371205,2,159660,159660,1000000,1.0,-17216.07,-17216.07,1.5699,1569877.86,0.0,0,纳指100ETF
749,20371205,2,159661,159661,1500000,0.5,-3050.55,-4536.55,1.1577,1736613.45,0.0,0,中证A100指数ETF
750,20371205,2,159662,159662,500000,0.8,1725.01,1627.01,1.0103,505141.01,0.0,0,交运ETF
751,20371205,2,159663,159663,1000000,0.5,674.47,895.05,0.895,895030.79,0.0,0,机床ETF
752,20371205,2,159665,159665,1000000,0.5,-4285.24,-4285.24,1.1066,1106629.76,0.0,0,半导体龙头ETF
753,20371205,2,159666,159666,1000000,0.5,9653.29,9639.29,0.9676,967625.29,0.0,0,交通运输ETF
754,20371205,2,159667,159667,1000000,0.8,1443.85,1443.85,0.8902,890158.85,0.0,0,工业母机ETF
755,20371205,2,159669,159669,500000,0.8,-597.89,-1951.89,1.0699,534936.11,0.0,0,绿电ETF
756,20371205,2,159670,159670,2000000,0.65,-9781.69,-9628.69,1.0004,2000796.31,0.0,0,消费ETF基金
757,20371205,2,159671,159671,500000,0.5,-1055.05,-1055.05,0.6695,334759.95,0.0,0,稀有金属ETF基金
758,20371205,2,159672,159672,1000000,0.7,265.28,1428.28,0.7998,799761.28,0.0,0,主要消费ETF
759,20371205,2,159673,159673,2000000,0.5,7276.69,8990.99,1.0547,2109343.69,0.0,0,沪深300ETF鹏华
760,20371205,2,159675,159675,1500000,0.5,-5595.93,-10866.93,0.8689,1303407.07,0.0,0,创业板增强ETF
761,20371205,2,159676,159676,2000000,0.5,38707.15,3854.15,0.8924,1784880.15,0.0,0,创业板增强ETF富国
762,20371205,2,159677,159677,3000000,0.5,125042.63,128789.63,0.9481,2844376.63,0.0,0,1000增强ETF
763,20371205,2,159678,159678,1500000,0.8,36.27,-3169.73,0.983,1474478.27,0.0,0,中证500增强ETF
764,20371205,2,159679,159679,2800000,0.5,-6994.1,-7042.1,0.8936,2502193.9,0.0,0,中证1000增强ETF
765,20371205,2,159680,159680,3000000,0.5,9297.88,9415.88,1.0278,3083477.88,0.0,0,1000ETF增强
766,20371205,2,159681,159681,2000000,0.5,-3801.03,-3801.03,0.9445,1888919.97,0.0,0,创50ETF
767,20371205,2,159682,159682,1000000,0.3,627.51,627.51,0.9332,933211.51,0.0,0,创业50ETF
768,20371205,2,159683,159683,500000,0.5,67.55,-58.45,0.9679,483937.55,0.0,0,运输ETF
769,20371205,2,159685,159685,2000000,0.3,-20854.19,8030.81,0.8895,1778936.81,0.0,0,1000增强ETF天弘
770,20371205,2,159686,159686,2000000,0.5,6541.98,5701.98,1.0443,2088557.98,0.0,0,中证100ETF易方达
771,20371205,2,159687,159687,100000,1.0,679.69,700.01,1.2812,128115.36,0.0,0,亚太精选ETF
772,20371205,2,159688,159688,500000,1.0,280.67,348.29,0.9265,463231.42,0.0,0,恒生互联网ETF
773,20371205,2,159689,159689,2000000,0.5,-5690.0,-5690.0,0.802,1603951.0,0.0,0,消费ETF南方
774,20371205,2,159690,159690,1000000,0.5,2314.8,1754.8,1.0498,1049830.8,0.0,0,矿业ETF
775,20371205,2,159691,159691,1000000,1.0,-114.77,444.61,1.1392,1139156.61,0.0,0,港股红利ETF
776,20371205,2,159692,159692,1000000,0.5,-1079.83,2741.17,1.2132,1213212.17,0.0,0,证券ETF东财
777,20371205,2,159695,159695,1000000,0.5,19716.81,19716.81,1.1532,1153166.81,0.0,0,通信ETF
778,20371205,2,159696,159696,1000000,1.0,1885.77,1885.77,1.3326,1332632.47,0.0,0,纳指ETF易方达
779,20371205,2,159697,159697,1000000,0.5,-1696.24,-1648.75,1.0606,1060560.58,0.0,0,油气ETF
780,20371205,2,159698,159698,500000,0.5,-5294.78,-5872.98,0.8539,426926.62,0.0,0,粮食ETF
781,20371205,2,159699,159699,500000,1.0,9595.04,10368.8,0.96,480000.26,0.0,0,恒生消费ETF
782,20371205,2,159701,159701,1000000,0.5,16023.76,16023.76,0.7893,789272.76,0.0,0,物联网ETF招商
783,20371205,2,159703,159703,600000,0.6,-3578.72,-3606.72,0.5979,358755.28,0.0,0,新材料ETF
784,20371205,2,159706,159706,2500000,0.42,1021.81,911.81,0.7122,1780579.81,0.0,0,深证100ETF华安
785,20371205,2,159707,159707,500000,0.5,76.27,-195.73,0.6889,344459.27,0.0,0,地产ETF
786,20371205,2,159708,159708,500000,0.4,-1573.45,-1594.45,0.8091,404557.55,0.0,0,红利ETF
787,20371205,2,159709,159709,1000000,0.5,29039.59,29039.59,0.8645,864476.59,0.0,0,物联网ETF工银
788,20371205,2,159711,159711,2000000,1.0,44.53,384.01,1.0789,2157759.91,0.0,0,港股通ETF
789,20371205,2,159712,159712,1000000,0.5,1675.09,1882.39,1.012,1012038.88,0.0,0,港股通50ETF
790,20371205,2,159713,159713,500000,0.5,4908.1,4908.1,0.6819,340972.1,0.0,0,稀土ETF
791,20371205,2,159715,159715,500000,0.6,3580.98,3580.98,0.6176,308814.98,0.0,0,稀土ETF易方达
792,20371205,2,159716,159716,2000000,0.5,53.49,-675.51,0.7675,1535054.49,0.0,0,深创100ETF
793,20371205,2,159717,159717,2500000,0.5,-2494.67,-2815.71,0.8973,2243326.62,0.0,0,ESGETF
794,20371205,2,159718,159718,1000000,1.0,-52.13,871.7,0.6392,639159.16,0.0,0,港股医药ETF
795,20371205,2,159719,159719,1000000,1.0,22247.96,21303.64,1.6191,1619141.47,0.0,0,国企共赢ETF
796,20371205,2,159720,159720,1000000,0.5,7546.46,7490.46,0.6262,626219.46,0.0,0,智能电车ETF泰康
797,20371205,2,159721,159721,2000000,0.5,844.96,844.96,0.7452,1490413.96,0.0,0,深创龙头ETF
798,20371205,2,159723,159723,2000000,0.5,4463.35,4229.09,0.7701,1540182.78,0.0,0,科技龙头ETF
799,20371205,2,159725,159725,1000000,0.5,-13664.47,-14244.47,0.6826,682576.53,0.0,0,线上消费ETF
800,20371205,2,159726,159726,500000,1.0,10768.66,10624.65,1.079,539483.83,0.0,0,恒生红利ETF
801,20371205,2,159728,159728,500000,0.8,935.76,935.76,0.7143,357144.76,0.0,0,在线消费ETF
802,20371205,2,159729,159729,1800000,0.5,-5790.61,-5794.95,0.7012,1262200.9,0.0,0,互联网ETF
803,20371205,2,159730,159730,1000000,0.5,355.22,-161.78,1.0465,1046547.22,0.0,0,龙头家电ETF
804,20371205,2,159731,159731,1000000,0.5,3988.86,3995.08,0.7126,712644.34,0.0,0,石化ETF
805,20371205,2,159732,159732,1000000,0.5,3806.35,5519.86,0.7627,762686.65,0.0,0,消费电子ETF
806,20371205,2,159735,159735,1000000,1.0,-19.52,1165.28,0.6855,685476.53,0.0,0,港股消费ETF
807,20371205,2,159736,159736,2000000,0.6,-8597.48,-8609.48,0.7275,1455028.52,0.0,0,饮食ETF
808,20371205,2,159738,159738,2000000,0.5,-15103.46,-14941.46,1.0209,2041741.0,0.0,0,云计算ETF沪港深
809,20371205,2,159739,159739,800000,0.5,5742.36,5742.36,0.9768,781461.36,0.0,0,大数据ETF
810,20371205,2,159740,159740,1000000,1.0,-153.19,-151.72,0.6197,619742.05,0.0,0,恒生科技ETF
811,20371205,2,159741,159741,1000000,1.0,8.99,-36.15,0.6218,621834.07,0.0,0,恒生科技ETF基金
812,20371205,2,159742,159742,1000000,1.0,-252.33,-252.33,0.6356,635614.71,0.0,0,恒生科技指数ETF
813,20371205,2,159743,159743,1000000,0.6,118.79,-309.21,0.7823,782256.79,0.0,0,湖北ETF
814,20371205,2,159745,159745,1000000,0.8,202.02,-166.98,0.5962,596207.02,0.0,0,建材ETF
815,20371205,2,159747,159747,1000000,1.0,215.76,464.68,1.1538,1153803.93,0.0,0,香港科技ETF
816,20371205,2,159748,159748,1000000,0.5,10653.35,10659.29,0.575,574975.41,0.0,0,创新药ETF富国
817,20371205,2,159750,159750,1000000,1.0,-61.71,108.11,0.8374,837355.2,0.0,0,香港科技50ETF
818,20371205,2,159751,159751,1000000,1.0,-13.84,1961.61,0.8017,801737.45,0.0,0,港股科技ETF
819,20371205,2,159752,159752,2000000,0.5,7008.46,6924.46,0.4871,974244.46,0.0,0,新能源龙头ETF
820,20371205,2,159755,159755,1000000,0.4,-11911.08,-11995.08,0.6442,644200.92,0.0,0,电池ETF
821,20371205,2,159757,159757,1000000,0.5,-26196.49,-26104.49,0.5307,530714.51,0.0,0,电池30ETF
822,20371205,2,159758,159758,2000000,0.5,16126.33,16126.33,0.9121,1824296.33,0.0,0,红利质量ETF
823,20371205,2,159760,159760,1000000,0.5,19378.39,19366.39,0.6106,610596.39,0.0,0,医疗健康ETF泰康
824,20371205,2,159761,159761,1000000,0.8,12324.44,12268.44,0.4988,498756.44,0.0,0,新材料50ETF
825,20371205,2,159763,159763,1000000,0.5,-656.38,70.62,0.4791,479073.62,0.0,0,新材料ETF基金
826,20371205,2,159766,159766,500000,0.5,8375.13,8375.13,0.6717,335859.13,0.0,0,旅游ETF
827,20371205,2,159767,159767,1000000,0.4,-9043.45,-9127.45,0.5267,526709.55,0.0,0,电池龙头ETF
828,20371205,2,159768,159768,500000,0.5,-1595.27,-1595.27,0.6189,309455.73,0.0,0,房地产ETF
829,20371205,2,159770,159770,1000000,0.6,24767.96,23328.96,0.7162,716223.96,0.0,0,机器人ETF
830,20371205,2,159773,159773,800000,0.5,-9236.07,-8858.07,0.7386,590882.93,0.0,0,创业板科技ETF
831,20371205,2,159775,159775,1000000,0.5,-8263.86,-9044.86,0.5427,542688.14,0.0,0,新能源车电池ETF
832,20371205,2,159776,159776,1000000,1.0,72.98,2139.1,0.8587,858690.9,0.0,0,港股通医药ETF
833,20371205,2,159777,159777,1000000,0.5,-8152.85,-7604.85,0.7071,707130.15,0.0,0,创科技ETF
834,20371205,2,159778,159778,750000,0.5,-6009.73,-6009.73,0.7795,584648.27,0.0,0,工业互联ETF
835,20371205,2,159779,159779,1000000,0.5,40655.36,36499.36,0.7263,726270.36,0.0,0,消费电子50ETF
836,20371205,2,159780,159780,2000000,0.8,-6041.56,-6097.56,0.5675,1134927.44,0.0,0,双创ETF
837,20371205,2,159781,159781,3000000,0.8,4743.06,4659.06,0.5622,1686545.06,0.0,0,科创创业ETF
838,20371205,2,159782,159782,3000000,0.5,23731.17,23647.17,0.5657,1697112.17,0.0,0,双创50ETF
839,20371205,2,159783,159783,2600000,0.5,32540.94,32425.98,0.568,1476776.11,0.0,0,科创创业50ETF
840,20371205,2,159786,159786,1000000,0.5,-381.17,-381.17,0.7834,783357.83,0.0,0,VRETF
841,20371205,2,159787,159787,500000,0.7,8077.25,7428.25,0.6519,325934.25,0.0,0,建材ETF易方达
842,20371205,2,159788,159788,2000000,1.0,81135.5,81980.26,1.0892,2178427.56,0.0,0,港股通100ETF
843,20371205,2,159790,159790,1000000,0.5,8226.91,8212.9,0.5977,597705.31,0.0,0,碳中和ETF
844,20371205,2,159791,159791,2000000,0.5,9560.57,11121.56,0.9469,1893786.19,0.0,0,300ESGETF
845,20371205,2,159792,159792,1000000,1.0,-204.85,8.6,0.7024,702391.68,0.0,0,港股通互联网ETF
846,20371205,2,159793,159793,1000000,0.8,-20053.34,-19439.64,0.7838,783786.49,0.0,0,线上消费ETF平安
847,20371205,2,159795,159795,1000000,0.5,4552.37,4552.37,0.8498,849808.37,0.0,0,智能车ETF基金
848,20371205,2,159796,159796,1000000,0.5,-11268.01,-11201.59,0.5913,591307.93,0.0,0,电池50ETF
849,20371205,2,159797,159797,1000000,0.5,34041.53,34041.53,0.786,786044.53,0.0,0,医疗器械ETF基金
850,20371205,2,159798,159798,1000000,0.7,12754.74,12754.74,0.9825,982542.74,0.0,0,消费50ETF
851,20371205,2,159800,159800,4000000,0.5,24363.76,19358.57,1.1526,4610523.87,0.0,0,中证800ETF
852,20371205,2,159801,159801,3000000,0.4,-9526.34,-9526.34,0.5442,1632504.66,0.0,0,芯片ETF龙头
853,20371205,2,159804,159804,1000000,0.5,-8024.75,-8048.75,1.1259,1125850.25,0.0,0,创中盘88ETF
854,20371205,2,159805,159805,500000,0.5,-600.01,-539.65,0.9674,483691.4,0.0,0,传媒ETF
855,20371205,2,159806,159806,1000000,0.8,3603.89,3616.89,0.5074,507355.89,0.0,0,新能源车ETF
856,20371205,2,159807,159807,1000000,0.7,3823.26,3823.26,0.4955,495477.26,0.0,0,科技ETF
857,20371205,2,159808,159808,2000000,0.42,-20640.91,-20696.91,0.8118,1623568.09,0.0,0,创100ETF融通
858,20371205,2,159810,159810,1000000,0.5,-71309.27,-71298.76,0.8629,862853.05,0.0,0,创业板ETF浦银
859,20371205,2,159811,159811,800000,0.5,160.63,499.63,1.1876,950070.63,0.0,0,5G50ETF
860,20371205,2,159812,159812,300000,1.0,-71041.58,-71041.58,5.7714,1731418.42,0.0,0,黄金基金ETF
861,20371205,2,159813,159813,1000000,0.5,3422.4,3504.3,0.702,702046.9,0.0,0,半导体ETF
862,20371205,2,159814,159814,2000000,0.4,-6723.28,-6779.28,0.4175,835074.72,0.0,0,创业大盘ETF
863,20371205,2,159816,159816,10000,1.0,-413.12,-342.23,111.9321,1119320.82,0.0,0,0-4地债ETF
864,20371205,2,159819,159819,1000000,0.7,-1037.63,-1037.63,0.8476,847560.37,0.0,0,人工智能ETF
865,20371205,2,159820,159820,2500000,0.5,9773.26,8909.26,0.9329,2332333.26,0.0,0,中证500ETF天弘
866,20371205,2,159821,159821,1100000,0.5,5867.49,5839.49,0.8044,884881.49,0.0,0,BOCI创业板ETF
867,20371205,2,159822,159822,500000,1.0,-8.09,-1185.08,0.6817,340849.05,0.0,0,新经济ETF
868,20371205,2,159824,159824,1000000,0.5,21.3,564.34,0.7751,775060.56,0.0,0,新能车ETF
869,20371205,2,159825,159825,1000000,0.5,-945.17,-945.17,0.67,669986.83,0.0,0,农业ETF
870,20371205,2,159827,159827,1000000,0.5,-1503.08,-2513.08,0.7121,712096.92,0.0,0,农业50ETF
871,20371205,2,159828,159828,1000000,0.8,-2248.72,-2248.72,0.4236,423637.28,0.0,0,医疗ETF
872,20371205,2,159830,159830,300000,1.0,-114541.29,-114541.29,5.6321,1689628.71,0.0,0,上海金ETF
873,20371205,2,159831,159831,300000,1.0,-45691.96,-45691.95,5.8616,1758478.04,0.0,0,上海金ETF基金
874,20371205,2,159834,159834,100000,1.0,2915.64,2915.64,6.0431,604305.64,0.0,0,金ETF
875,20371205,2,159835,159835,1000000,0.5,7155.23,7853.23,0.5687,568676.23,0.0,0,创新药50ETF
876,20371205,2,159836,159836,2000000,1.0,9671.91,9615.91,0.8083,1616507.91,0.0,0,创300ETF
877,20371205,2,159837,159837,1000000,0.7,3211.78,3211.78,0.467,466985.78,0.0,0,生物科技ETF
878,20371205,2,159838,159838,1000000,0.5,238.1,-405.9,0.5667,566742.1,0.0,0,医药50ETF
879,20371205,2,159839,159839,1500000,0.5,6361.34,6361.34,0.3617,542613.34,0.0,0,生物药ETF
880,20371205,2,159840,159840,1000000,0.5,-9334.45,-9280.45,0.515,515039.55,0.0,0,锂电池ETF
881,20371205,2,159841,159841,600000,0.5,1247.27,-382.73,1.0204,612245.27,0.0,0,证券ETF
882,20371205,2,159842,159842,1000000,0.5,834.27,2516.27,1.0604,1060393.27,0.0,0,券商ETF
883,20371205,2,159843,159843,1500000,0.5,-11105.13,-11117.13,0.6831,1024710.87,0.0,0,食品饮料ETF
884,20371205,2,159845,159845,2000000,0.5,495.42,1713.83,2.2872,4574415.56,0.0,0,中证1000ETF
885,20371205,2,159847,159847,1000000,0.8,573.65,573.65,0.3955,395539.65,0.0,0,医疗50ETF
886,20371205,2,159848,159848,500000,0.5,2148.75,1506.75,0.8962,448123.75,0.0,0,证券ETF基金
887,20371205,2,159849,159849,1000000,0.5,-6390.12,-6390.12,0.4906,490574.88,0.0,0,生物科技指数ETF
888,20371205,2,159850,159850,1000000,1.0,1578.19,1473.31,0.7594,759430.0,0.0,0,恒生国企ETF
889,20371205,2,159851,159851,500000,0.5,131.02,-429.98,1.2889,644451.02,0.0,0,金融科技ETF
890,20371205,2,159852,159852,1000000,1.0,-4164.0,-4164.0,0.7234,723417.0,0.0,0,软件ETF
891,20371205,2,159855,159855,500000,0.5,-3329.81,-2808.81,0.7358,367884.19,0.0,0,影视ETF
892,20371205,2,159856,159856,1000000,0.8,-17600.71,-17432.08,0.5897,589703.89,0.0,0,互联网龙头ETF
893,20371205,2,159857,159857,1000000,0.5,2111.3,1939.3,0.6644,664367.3,0.0,0,光伏ETF
894,20371205,2,159858,159858,1000000,0.7,-412.29,-412.29,0.5729,572947.71,0.0,0,创新药ETF基金
895,20371205,2,159859,159859,1800000,0.5,-2614.42,-2614.42,0.3857,694271.58,0.0,0,生物医药ETF
896,20371205,2,159861,159861,1000000,0.8,3364.24,3280.24,0.8648,864803.24,0.0,0,碳中和50ETF
897,20371205,2,159862,159862,1500000,0.5,-14305.03,-14252.03,0.7116,1067337.97,0.0,0,食品ETF
898,20371205,2,159863,159863,1000000,0.5,-470.56,-582.11,0.5234,523445.35,0.0,0,光伏ETF基金
899,20371205,2,159864,159864,1000000,0.8,1426.63,1254.63,0.5014,501366.63,0.0,0,光伏50ETF
900,20371205,2,159865,159865,1000000,0.8,-313.85,-313.85,0.5674,567357.15,0.0,0,养殖ETF
901,20371205,2,159866,159866,500000,1.0,135.66,135.66,1.0809,540431.22,0.0,0,日经ETF
902,20371205,2,159867,159867,500000,0.5,-1596.42,-1596.42,0.5741,287070.58,0.0,0,畜牧ETF
903,20371205,2,159869,159869,1000000,0.5,44139.06,44381.06,0.929,929017.06,0.0,0,游戏ETF
904,20371205,2,159870,159870,500000,0.5,323.21,347.18,0.586,292985.46,0.0,0,化工ETF
905,20371205,2,159871,159871,500000,0.5,-1717.7,-1602.7,1.0938,546896.3,0.0,0,有色金属ETF
906,20371205,2,159872,159872,500000,0.5,94.61,98.74,0.843,421481.19,0.0,0,智能网联汽车ETF
907,20371205,2,159873,159873,1000000,0.8,-3573.23,-3573.23,0.5953,595286.77,0.0,0,医疗设备ETF
908,20371205,2,159875,159875,1500000,0.4,13662.83,13606.83,0.4774,716155.83,0.0,0,新能源ETF
909,20371205,2,159876,159876,300000,0.5,7.56,-63.44,1.1242,337271.56,0.0,0,有色龙头ETF
910,20371205,2,159877,159877,1000000,0.8,890.01,-1705.99,0.5991,599123.01,0.0,0,医疗产业ETF
911,20371205,2,159880,159880,500000,0.5,2490.36,2490.36,1.0791,539574.36,0.0,0,有色ETF基金
912,20371205,2,159881,159881,1000000,0.8,-492.32,-492.32,1.046,1045966.68,0.0,0,有色60ETF
913,20371205,2,159883,159883,1000000,0.5,-1258.34,-1258.34,0.51,510024.66,0.0,0,医疗器械ETF
914,20371205,2,159885,159885,1000000,0.5,7027.97,7059.48,0.6212,621204.02,0.0,0,碳中和ETF基金
915,20371205,2,159886,159886,1200000,0.5,-1799.86,-913.86,0.7985,958231.14,0.0,0,机械ETF
916,20371205,2,159887,159887,300000,0.5,-426.66,-426.66,1.1762,352845.34,0.0,0,银行ETF
917,20371205,2,159888,159888,1000000,0.5,2906.36,4143.48,0.9973,997283.8,0.0,0,智能车ETF
918,20371205,2,159889,159889,1000000,0.8,2926.11,2926.11,0.8612,861184.11,0.0,0,智能汽车ETF
919,20371205,2,159890,159890,1000000,0.5,-37955.86,-37955.86,1.0332,1033235.14,0.0,0,云计算ETF
920,20371205,2,159891,159891,1000000,0.5,34537.97,34965.97,0.4518,451781.97,0.0,0,医疗ETF基金
921,20371205,2,159892,159892,1000000,1.0,174.18,85.6,0.5213,521341.06,0.0,0,恒生医药ETF
922,20371205,2,159895,159895,1000000,0.9,10997.03,10997.03,0.8459,845862.03,0.0,0,物联网50ETF
923,20371205,2,159896,159896,1000000,0.8,-896.05,-712.05,0.7887,788659.95,0.0,0,物联网龙头ETF
924,20371205,2,159898,159898,1000000,0.5,-118.59,-2362.59,0.538,538035.41,0.0,0,医疗器械指数ETF
925,20371205,2,159899,159899,1000000,0.5,29628.72,24345.72,0.7167,716697.72,0.0,0,软件龙头ETF
926,20371205,2,159901,159901,700000,1.0,-4390.16,-4390.16,2.804,1962777.84,0.0,0,深证100ETF
927,20371205,2,159902,159902,500000,0.35,21339.58,22900.58,3.3003,1650143.58,0.0,0,中小100ETF
928,20371205,2,159903,159903,3000000,1.0,1417.03,1347.03,1.2374,3712168.03,0.0,0,深成ETF
929,20371205,2,159905,159905,500000,0.2,9374.21,9332.21,1.9545,977226.21,0.0,0,深红利ETF
930,20371205,2,159906,159906,1000000,0.4,-20847.61,-20847.61,0.9094,909435.39,0.0,0,深成长龙头ETF
931,20371205,2,159907,159907,6000000,0.45,24355.48,18291.48,0.6885,4131153.48,0.0,0,2000ETF
932,20371205,2,159908,159908,1000000,0.4,12.24,-71.76,1.9815,1981491.24,0.0,0,创业板ETF博时
933,20371205,2,159909,159909,2500000,0.4,-4724.12,-5421.12,0.6539,1634835.88,0.0,0,TMT50ETF
934,20371205,2,159910,159910,1000000,0.4,221.19,1136.19,2.1568,2156754.19,0.0,0,基本面120ETF
935,20371205,2,159912,159912,2500000,0.5,-41685.07,-42374.07,1.4171,3542625.93,0.0,0,深300ETF
936,20371205,2,159913,159913,300000,0.5,-31024.16,-31077.16,2.208,662499.84,0.0,0,深价值ETF
937,20371205,2,159915,159915,1000000,1.0,116.99,32.99,2.1153,2115284.99,0.0,0,创业板ETF
938,20371205,2,159916,159916,500000,0.4,-16547.89,-14980.89,4.9502,2475080.11,0.0,0,深F60ETF
939,20371205,2,159918,159918,1000000,0.4,2951.93,1122.59,1.7067,1706709.65,0.0,0,中创400ETF
940,20371205,2,159919,159919,900000,0.4,3379.01,14269.59,4.1457,3731172.64,0.0,0,沪深300ETF
941,20371205,2,159920,159920,2000000,1.0,5926.79,3641.08,1.2741,2548279.16,0.0,0,恒生ETF
942,20371205,2,159922,159922,400000,0.7,4317.66,5434.33,5.91,2363983.89,0.0,0,中证500ETF
943,20371205,2,159925,159925,900000,0.4,1975.89,4170.89,3.972,3574758.89,0.0,0,沪深300ETF南方
944,20371205,2,159928,159928,2000000,0.5,2190.89,2190.89,0.843,1685944.89,0.0,0,消费ETF
945,20371205,2,159929,159929,1000000,0.5,-13465.93,-14034.55,1.3365,1336466.43,0.0,0,医药ETF
946,20371205,2,159930,159930,500000,0.5,1016.43,1223.26,1.487,743479.36,0.0,0,能源ETF
947,20371205,2,159931,159931,500000,0.5,4557.56,5324.71,1.8172,908597.56,0.0,0,金融ETF
948,20371205,2,159934,159934,300000,1.0,-84153.98,-84153.98,5.7277,1718306.02,0.0,0,黄金ETF
949,20371205,2,159935,159935,1000000,0.5,25.43,-1124.56,1.752,1752047.43,0.0,0,中证500ETF景顺
950,20371205,2,159936,159936,2000000,0.4,22176.92,22025.92,1.8951,3790107.92,0.0,0,可选消费ETF
951,20371205,2,159937,159937,300000,1.0,-68342.73,-68342.73,5.7804,1734117.27,0.0,0,黄金ETF基金
952,20371205,2,159938,159938,2500000,0.4,25995.69,25939.69,0.6417,1604153.69,0.0,0,医药卫生ETF
953,20371205,2,159939,159939,4000000,0.4,17373.39,17436.39,0.5783,2313343.39,0.0,0,信息技术ETF
954,20371205,2,159940,159940,1000000,0.4,-7213.48,-4525.48,1.1563,1156348.52,0.0,0,金融地产ETF
955,20371205,2,159941,159941,1300000,1.0,-29094.79,-29094.79,1.0889,1415547.8,0.0,0,纳指ETF
956,20371205,2,159943,159943,3000000,0.4,-46492.34,-46562.34,1.0957,3287021.66,0.0,0,深证成指ETF
957,20371205,2,159944,159944,2000000,0.4,-5799.37,-7389.11,0.9425,1884981.04,0.0,0,材料ETF
958,20371205,2,159945,159945,500000,0.4,15426.83,15426.83,1.1959,597965.83,0.0,0,能源ETF基金
959,20371205,2,159948,159948,1000000,1.0,-4356.84,-4440.84,2.3484,2348372.16,0.0,0,创业板ETF南方
960,20371205,2,159949,159949,1000000,0.42,-17082.77,-17082.77,0.9624,962439.23,0.0,0,创业板50ETF
961,20371205,2,159952,159952,1700000,1.0,7701.88,7617.88,1.2913,2195261.88,0.0,0,创业板ETF广发
962,20371205,2,159954,159954,500000,1.0,-381.76,-169.57,0.8531,426555.22,0.0,0,H股ETF
963,20371205,2,159956,159956,1000000,0.85,-43284.13,-42868.13,1.348,1347974.87,0.0,0,创业板ETF建信
964,20371205,2,159957,159957,1000000,0.35,7657.22,7405.22,1.3936,1393618.22,0.0,0,创业板100ETF华夏
965,20371205,2,159958,159958,700000,0.35,16052.2,16024.2,1.2817,897173.2,0.0,0,创业板ETF工银
966,20371205,2,159959,159959,1000000,0.85,5454.4,5495.4,1.4811,1481098.4,0.0,0,央企ETF
967,20371205,2,159960,159960,1000000,1.0,-118.08,-954.17,0.766,766002.82,0.0,0,恒生中国企业ETF
968,20371205,2,159961,159961,1000000,0.4,1423.54,20448.54,1.6765,1676454.54,0.0,0,深100ETF方正富邦
969,20371205,2,159964,159964,2000000,1.0,-21454.67,-18859.67,1.382,2763973.33,0.0,0,创业板ETF平安
970,20371205,2,159966,159966,3300000,0.35,17835.56,14495.56,0.4766,1572643.56,0.0,0,创业板价值ETF
971,20371205,2,159967,159967,3400000,0.35,1993.97,9725.97,0.485,1649010.97,0.0,0,创业板成长ETF
972,20371205,2,159968,159968,400000,0.5,49.49,-3419.51,6.8605,2744206.49,0.0,0,中证500ETF博时
973,20371205,2,159969,159969,1000000,0.5,-17065.72,-16744.72,1.1919,1191908.28,0.0,0,深100ETF银华
974,20371205,2,159970,159970,300000,0.2,3751.44,3751.44,4.7561,1426828.44,0.0,0,深100ETF工银
975,20371205,2,159971,159971,2000000,0.5,-27.45,-139.45,1.4842,2968423.55,0.0,0,创业板ETF富国
976,20371205,2,159972,159972,10000,1.0,-1016.91,-961.86,113.2337,1132336.79,0.0,0,5年地债ETF
977,20371205,2,159973,159973,1000000,0.5,-5309.62,-5334.62,1.3414,1341365.38,0.0,0,民企ETF
978,20371205,2,159974,159974,1000000,0.5,-4510.72,-4745.72,1.6287,1628694.28,0.0,0,央企创新ETF
979,20371205,2,159975,159975,2500000,0.4,5541.59,5541.59,0.575,1437496.59,0.0,0,深100ETF招商
980,20371205,2,159976,159976,1000000,0.8,17474.59,18317.23,1.1056,1105581.49,0.0,0,湾创ETF
981,20371205,2,159977,159977,1000000,1.0,-10024.94,-10108.94,2.2182,2218153.06,0.0,0,创业板ETF天弘
982,20371205,2,159980,159980,1000000,1.0,124996.19,124876.19,1.7228,1722761.19,0.0,0,有色ETF
983,20371205,2,159981,159981,1000000,1.0,-4842.18,-4842.18,1.4701,1470117.82,0.0,0,能源化工ETF
984,20371205,2,159982,159982,2000000,0.5,10314.56,8864.3,1.4069,2813830.83,0.0,0,中证500ETF鹏华
985,20371205,2,159985,159985,1200000,1.0,6218.42,6218.42,1.8944,2273298.42,0.0,0,豆粕ETF
986,20371205,2,159991,159991,2800000,0.4,4320.45,4264.45,0.4691,1313439.45,0.0,0,创大盘ETF
987,20371205,2,159992,159992,600000,0.5,1535.38,1535.38,0.7296,437778.38,0.0,0,创新药ETF
988,20371205,2,159993,159993,500000,0.5,876.82,4750.82,1.1894,594692.82,0.0,0,证券ETF龙头
989,20371205,2,159994,159994,1000000,0.5,21776.59,21776.59,0.9237,923727.59,0.0,0,5GETF
990,20371205,2,159995,159995,1400000,0.5,6912.66,6809.95,1.0941,1531736.2,0.0,0,芯片ETF
991,20371205,2,159996,159996,2000000,0.8,-1352.27,-1352.27,1.2985,2597073.73,0.0,0,家电ETF
992,20371205,2,159997,159997,1000000,0.8,9965.4,9965.4,1.0288,1028779.4,0.0,0,电子ETF
993,20371205,2,159998,159998,1200000,0.8,-7463.63,-7463.63,0.7914,949739.37,0.0,0,计算机ETF
