,status_msg,order_id,status,symbol,amount,trade_amount,trade_price,order_type,direction,offset_flag,price,price_type,datetime,secondary_order_id
0,,1082147323,,603159.SH,9000,9000,10.68,23,48,48,10.68,50,20241016 11:06:03,1082147323
1,,1082147322,,603022.SH,14000,14000,6.93,23,48,48,6.93,50,20241016 11:06:03,1082147322
2,,1082147327,,600137.SH,700,200,13.71,23,48,48,13.71,50,20241016 11:06:04,1082147327
3,,1082147338,,603022.SH,14000,14000,6.93,23,48,48,6.93,50,20241016 11:06:07,1082147338
4,,1082147340,,600137.SH,700,200,13.71,23,48,48,13.71,50,20241016 11:06:07,1082147340
5,,1082147337,,603159.SH,9000,9000,10.68,23,48,48,10.68,50,20241016 11:06:07,1082147337
6,,1082147363,,603022.SH,14000,14000,6.93,23,48,48,6.93,50,20241016 11:06:44,1082147363
7,,1082147367,,600137.SH,700,200,13.72,23,48,48,13.72,50,20241016 11:06:46,1082147367
8,,1082147374,,603159.SH,9000,9000,10.67,23,48,48,10.67,50,20241016 11:06:48,1082147374
9,,1082147379,,600137.SH,700,200,13.72,23,48,48,13.72,50,20241016 11:06:57,1082147379
10,,1082147381,,603022.SH,1400,1400,6.93,23,48,48,6.93,50,20241016 11:06:58,1082147381
11,,1082147533,,600137.SH,700,200,13.72,23,48,48,13.72,50,20241016 11:07:01,1082147533
12,,1082147540,,603022.SH,1400,1400,6.93,23,48,48,6.93,50,20241016 11:07:03,1082147540
13,内部错误，请联,1082147538,内部错误，请联,603159.SH,900,0,0.0,23,48,48,10.67,50,20241016 11:07:04,1082147538
14,,1082147559,,603022.SH,1400,1400,6.93,23,48,48,6.93,50,20241016 11:07:06,1082147559
15,,1082147554,,600137.SH,700,200,13.72,23,48,48,13.72,50,20241016 11:07:06,1082147554
16,内部错误，请联,1082147557,内部错误，请联,603159.SH,900,0,0.0,23,48,48,10.67,50,20241016 11:07:07,1082147557
17,,1082147574,,600137.SH,700,200,13.72,23,48,48,13.72,50,20241016 11:07:09,1082147574
18,内部错误，请联,1082147576,内部错误，请联,603159.SH,900,0,0.0,23,48,48,10.67,50,20241016 11:07:10,1082147576
19,,1082147579,,603022.SH,1400,1400,6.93,23,48,48,6.93,50,20241016 11:07:10,1082147579
20,,1082147590,,600137.SH,700,200,13.72,23,48,48,13.72,50,20241016 11:07:15,1082147590
21,内部错误，请联,1082147592,内部错误，请联,603159.SH,900,0,0.0,23,48,48,10.67,50,20241016 11:07:17,1082147592
22,,1082147595,,603022.SH,1400,1400,6.93,23,48,48,6.93,50,20241016 11:07:16,1082147595
23,,1082147606,,600137.SH,700,200,13.72,23,48,48,13.72,50,20241016 11:07:19,1082147606
24,内部错误，请联,1082147608,内部错误，请联,603159.SH,900,0,0.0,23,48,48,10.67,50,20241016 11:07:19,1082147608
25,,1082147611,,603022.SH,1400,1400,6.93,23,48,48,6.93,50,20241016 11:07:20,1082147611
26,,1082147621,,600137.SH,700,200,13.72,23,48,48,13.72,50,20241016 11:07:24,1082147621
27,内部错误，请联,1082147622,内部错误，请联,603159.SH,900,0,0.0,23,48,48,10.67,50,20241016 11:07:26,1082147622
28,,1082147625,,603022.SH,1400,1400,6.93,23,48,48,6.93,50,20241016 11:07:25,1082147625
29,内部错误，请联,1082147636,内部错误，请联,603159.SH,900,0,0.0,23,48,48,10.67,50,20241016 11:07:30,1082147636
30,,1082147635,,600137.SH,700,200,13.72,23,48,48,13.72,50,20241016 11:07:29,1082147635
31,,1082147639,,603022.SH,1400,1400,6.93,23,48,48,6.93,50,20241016 11:07:29,1082147639
32,,1082147648,,600137.SH,700,200,13.72,23,48,48,13.72,50,20241016 11:07:33,1082147648
33,内部错误，请联,1082147649,内部错误，请联,603159.SH,900,0,0.0,23,48,48,10.67,50,20241016 11:07:34,1082147649
34,,1082147652,,603022.SH,1400,1400,6.93,23,48,48,6.93,50,20241016 11:07:34,1082147652
35,内部错误，请联,1082147662,内部错误，请联,603159.SH,900,0,0.0,23,48,48,10.67,50,20241016 11:07:39,1082147662
36,,1082147661,,600137.SH,700,200,13.72,23,48,48,13.72,50,20241016 11:07:39,1082147661
37,,1082147666,,603022.SH,1400,1400,6.93,23,48,48,6.93,50,20241016 11:07:40,1082147666
38,,1082147676,,600137.SH,700,200,13.72,23,48,48,13.72,50,20241016 11:07:43,1082147676
39,内部错误，请联,1082147677,内部错误，请联,603159.SH,900,0,0.0,23,48,48,10.67,50,20241016 11:07:43,1082147677
40,,1082147680,,603022.SH,1400,1400,6.93,23,48,48,6.93,50,20241016 11:07:45,1082147680
41,,1082147693,,600137.SH,700,200,13.73,23,48,48,13.73,50,20241016 11:07:48,1082147693
42,,1082147697,,603022.SH,1400,1400,6.93,23,48,48,6.93,50,20241016 11:07:49,1082147697
43,内部错误，请联,1082147694,内部错误，请联,603159.SH,900,0,0.0,23,48,48,10.67,50,20241016 11:07:50,1082147694
44,,1082147705,,600137.SH,700,200,13.73,23,48,48,13.73,50,20241016 11:07:51,1082147705
45,内部错误，请联,1082147706,内部错误，请联,603159.SH,900,0,0.0,23,48,48,10.67,50,20241016 11:07:51,1082147706
46,,1082147708,,603022.SH,1400,1400,6.93,23,48,48,6.93,50,20241016 11:07:51,1082147708
47,,1082147716,,600137.SH,700,200,13.73,23,48,48,13.73,50,20241016 11:07:54,1082147716
48,内部错误，请联,1082147717,内部错误，请联,603159.SH,900,0,0.0,23,48,48,10.67,50,20241016 11:07:55,1082147717
49,,1082147719,,603022.SH,1400,1400,6.93,23,48,48,6.93,50,20241016 11:07:54,1082147719
50,,1082147731,,600137.SH,700,200,13.73,23,48,48,13.73,50,20241016 11:08:01,1082147731
51,内部错误，请联,1082147774,内部错误，请联,603159.SH,900,0,0.0,23,48,48,10.67,50,20241016 11:08:03,1082147774
52,,1082147877,,603022.SH,1400,1400,6.93,23,48,48,6.93,50,20241016 11:08:04,1082147877
53,,1082147885,,600137.SH,700,200,13.73,23,48,48,13.73,50,20241016 11:08:05,1082147885
54,内部错误，请联,1082147886,内部错误，请联,603159.SH,900,0,0.0,23,48,48,10.67,50,20241016 11:08:06,1082147886
55,,1082147891,,603022.SH,1400,1400,6.93,23,48,48,6.93,50,20241016 11:08:14,1082147891
56,,1082147898,,600137.SH,700,200,13.73,23,48,48,13.73,50,20241016 11:08:17,1082147898
57,内部错误，请联,1082147900,内部错误，请联,603159.SH,900,0,0.0,23,48,48,10.67,50,20241016 11:08:18,1082147900
58,,1082147902,,603022.SH,1400,1400,6.93,23,48,48,6.93,50,20241016 11:08:18,1082147902
59,,1082147911,,600137.SH,700,200,13.73,23,48,48,13.73,50,20241016 11:08:21,1082147911
60,内部错误，请联,1082147912,内部错误，请联,603159.SH,900,0,0.0,23,48,48,10.67,50,20241016 11:08:21,1082147912
61,,1082147914,,603022.SH,1400,1400,6.93,23,48,48,6.93,50,20241016 11:08:21,1082147914
62,,1082147923,,600137.SH,700,200,13.71,23,48,48,13.71,50,20241016 11:08:25,1082147923
63,内部错误，请联,1082147924,内部错误，请联,603159.SH,900,0,0.0,23,48,48,10.67,50,20241016 11:08:27,1082147924
64,,1082147926,,603022.SH,1400,1400,6.93,23,48,48,6.93,50,20241016 11:08:26,1082147926
65,,1082147934,,600137.SH,700,200,13.71,23,48,48,13.71,50,20241016 11:08:28,1082147934
66,内部错误，请联,1082147935,内部错误，请联,603159.SH,900,0,0.0,23,48,48,10.67,50,20241016 11:08:29,1082147935
67,,1082147937,,603022.SH,1400,1400,6.93,23,48,48,6.93,50,20241016 11:08:29,1082147937
68,,1082147949,,600137.SH,700,200,13.71,23,48,48,13.71,50,20241016 11:08:38,1082147949
69,内部错误，请联,1082147950,内部错误，请联,603159.SH,900,0,0.0,23,48,48,10.67,50,20241016 11:08:38,1082147950
70,,1082147952,,603022.SH,1400,1400,6.93,23,48,48,6.93,50,20241016 11:08:38,1082147952
71,,1082147962,,600137.SH,700,200,13.71,23,48,48,13.71,50,20241016 11:08:42,1082147962
72,内部错误，请联,1082147963,内部错误，请联,603159.SH,900,0,0.0,23,48,48,10.67,50,20241016 11:08:42,1082147963
73,,1082147965,,603022.SH,1400,1400,6.93,23,48,48,6.93,50,20241016 11:08:44,1082147965
74,内部错误，请联,1082149061,内部错误，请联,603159.SH,900,0,0.0,23,48,48,10.69,50,20241016 11:16:04,1082149061
75,内部错误，请联,1082149068,内部错误，请联,603159.SH,900,0,0.0,23,48,48,10.69,50,20241016 11:16:05,1082149068
76,,1082150164,,600857.SH,16000,16000,6.11,24,48,49,6.11,50,20241016 11:34:13,1082150164
77,内部错误，请联,1082150173,内部错误，请联,603159.SH,900,0,0.0,23,48,48,10.67,50,20241016 11:34:17,1082150173
78,,1082150176,,603022.SH,1400,1400,6.93,23,48,48,6.93,50,20241016 11:34:17,1082150176
79,,1082150178,,600857.SH,16000,16000,6.11,24,48,49,6.11,50,20241016 11:34:19,1082150178
80,,1082150188,,603022.SH,1400,1400,6.93,23,48,48,6.93,50,20241016 11:34:21,1082150188
81,,1082150191,,600857.SH,16000,16000,6.11,24,48,49,6.11,50,20241016 11:34:23,1082150191
82,,1082150203,,603022.SH,1400,1400,6.93,23,48,48,6.93,50,20241016 11:34:24,1082150203
83,,1082150208,,600857.SH,1600,1600,6.11,24,48,49,6.11,50,20241016 11:34:27,1082150208
84,,1082150222,,603022.SH,1400,1400,6.93,23,48,48,6.93,50,20241016 11:34:29,1082150222
85,,1082150229,,600857.SH,1600,1600,6.11,24,48,49,6.11,50,20241016 11:34:32,1082150229
86,,1082150243,,603022.SH,1400,1400,6.93,23,48,48,6.93,50,20241016 11:34:34,1082150243
87,,1082150246,,600857.SH,1600,1600,6.11,24,48,49,6.11,50,20241016 11:34:37,1082150246
88,,1082150259,,603022.SH,1400,1400,6.93,23,48,48,6.93,50,20241016 11:34:39,1082150259
89,,1082150262,,600857.SH,1600,1600,6.11,24,48,49,6.11,50,20241016 11:34:41,1082150262
90,,1082150275,,603022.SH,1400,1400,6.93,23,48,48,6.93,50,20241016 11:34:42,1082150275
91,,1082150278,,600857.SH,1600,1600,6.11,24,48,49,6.11,50,20241016 11:34:43,1082150278
92,,1082145775,,128091.SZ,180,180,135.952,24,48,49,135.952,50,20241016 10:52:12,1082145775
93,,1082146527,,123052.SZ,70,70,129.143,24,48,49,129.143,50,20241016 10:59:04,1082146527
94,,1082146528,,123054.SZ,60,0,0.0,24,48,49,143.681,50,20241016 10:59:04,1082146528
95,,1082146529,,001211.SZ,6000,6000,16.46,23,48,48,16.46,50,20241016 10:59:04,1082146529
96,,1082146530,,000638.SZ,22000,22000,4.41,23,48,48,4.41,50,20241016 10:59:04,1082146530
97,,1082146531,,300417.SZ,9000,9000,10.26,23,48,48,10.26,50,20241016 10:59:04,1082146531
98,,1082146532,,300321.SZ,6000,6000,16.54,23,48,48,16.54,50,20241016 10:59:05,1082146532
99,,1082146533,,002853.SZ,12000,12000,8.06,23,48,48,8.06,50,20241016 10:59:05,1082146533
100,,1082146535,,301010.SZ,7000,7000,13.66,23,48,48,13.66,50,20241016 10:59:06,1082146535
101,,1082146534,,300899.SZ,4000,0,0.0,23,48,48,20.98,50,20241016 10:59:05,1082146534
102,,1082146536,,300854.SZ,7000,7000,12.62,23,48,48,12.62,50,20241016 10:59:05,1082146536
103,,1082146537,,300877.SZ,700,200,13.09,23,48,48,13.09,50,20241016 10:59:05,1082146537
104,,1082146539,,123054.SZ,60,0,0.0,24,48,49,143.696,50,20241016 10:59:09,1082146539
105,,1082146541,,123135.SZ,70,70,131.538,24,48,49,131.538,50,20241016 10:59:09,1082146541
106,,1082146549,,002853.SZ,12000,12000,8.06,23,48,48,8.06,50,20241016 10:59:10,1082146549
107,,1082146550,,000638.SZ,22000,22000,4.41,23,48,48,4.41,50,20241016 10:59:10,1082146550
108,,1082146551,,001211.SZ,6000,6000,16.46,23,48,48,16.46,50,20241016 10:59:10,1082146551
109,,1082146552,,300321.SZ,6000,6000,16.54,23,48,48,16.54,50,20241016 10:59:10,1082146552
110,,1082146542,,300417.SZ,9000,9000,10.26,23,48,48,10.26,50,20241016 10:59:11,1082146542
111,,1082146553,,300877.SZ,700,200,13.09,23,48,48,13.09,50,20241016 10:59:10,1082146553
112,,1082146554,,300899.SZ,400,0,0.0,23,48,48,20.98,50,20241016 10:59:10,1082146554
113,,1082146555,,301010.SZ,700,200,13.66,23,48,48,13.66,50,20241016 10:59:11,1082146555
114,,1082146556,,300854.SZ,700,200,12.62,23,48,48,12.62,50,20241016 10:59:11,1082146556
115,,1082146558,,123054.SZ,60,0,0.0,24,48,49,143.696,50,20241016 10:59:13,1082146558
116,,1082146562,,123135.SZ,70,70,131.538,24,48,49,131.538,50,20241016 10:59:14,1082146562
117,,1082146563,,300417.SZ,9000,9000,10.26,23,48,48,10.26,50,20241016 10:59:14,1082146563
118,,1082146564,,002853.SZ,12000,12000,8.06,23,48,48,8.06,50,20241016 10:59:14,1082146564
119,,1082146565,,000638.SZ,22000,22000,4.41,23,48,48,4.41,50,20241016 10:59:14,1082146565
120,,1082146566,,001211.SZ,6000,6000,16.46,23,48,48,16.46,50,20241016 10:59:14,1082146566
121,,1082146567,,300321.SZ,6000,6000,16.54,23,48,48,16.54,50,20241016 10:59:14,1082146567
122,,1082146568,,300877.SZ,700,200,13.09,23,48,48,13.09,50,20241016 10:59:14,1082146568
123,,1082146569,,300899.SZ,400,0,0.0,23,48,48,20.98,50,20241016 10:59:15,1082146569
124,,1082146571,,301010.SZ,700,200,13.66,23,48,48,13.66,50,20241016 10:59:15,1082146571
125,,1082146572,,300854.SZ,700,200,12.62,23,48,48,12.62,50,20241016 10:59:16,1082146572
126,,1082146576,,123054.SZ,60,0,0.0,24,48,49,143.696,50,20241016 10:59:17,1082146576
127,,1082146577,,123135.SZ,70,70,131.538,24,48,49,131.538,50,20241016 10:59:18,1082146577
128,其他错误,1082146579,其他错误,300417.SZ,900,0,0.0,23,48,48,10.26,50,20241016 10:59:19,1082146579
129,,1082146580,,300877.SZ,700,200,13.09,23,48,48,13.09,50,20241016 10:59:18,1082146580
130,,1082146581,,002853.SZ,1200,1200,8.06,23,48,48,8.06,50,20241016 10:59:18,1082146581
131,,1082146583,,001211.SZ,600,600,16.46,23,48,48,16.46,50,20241016 10:59:19,1082146583
132,,1082146582,,000638.SZ,2200,2200,4.41,23,48,48,4.41,50,20241016 10:59:19,1082146582
133,,1082146586,,301010.SZ,700,200,13.66,23,48,48,13.66,50,20241016 10:59:19,1082146586
134,,1082146587,,300854.SZ,700,200,12.62,23,48,48,12.62,50,20241016 10:59:19,1082146587
135,,1082146585,,300899.SZ,400,0,0.0,23,48,48,20.98,50,20241016 10:59:19,1082146585
136,,1082146584,,300321.SZ,600,600,16.54,23,48,48,16.54,50,20241016 10:59:19,1082146584
137,,1082146588,,123054.SZ,60,0,0.0,24,48,49,143.696,50,20241016 10:59:21,1082146588
138,,1082146590,,123135.SZ,70,70,131.538,24,48,49,131.538,50,20241016 10:59:22,1082146590
139,,1082146592,,300877.SZ,700,200,13.09,23,48,48,13.09,50,20241016 10:59:22,1082146592
140,其他错误,1082146591,其他错误,300417.SZ,900,0,0.0,23,48,48,10.26,50,20241016 10:59:23,1082146591
141,,1082146594,,000638.SZ,2200,2200,4.41,23,48,48,4.41,50,20241016 10:59:23,1082146594
142,,1082146595,,001211.SZ,600,600,16.46,23,48,48,16.46,50,20241016 10:59:22,1082146595
143,,1082146597,,300899.SZ,400,0,0.0,23,48,48,20.98,50,20241016 10:59:22,1082146597
144,,1082146596,,300321.SZ,600,600,16.54,23,48,48,16.54,50,20241016 10:59:22,1082146596
145,,1082146598,,301010.SZ,700,200,13.66,23,48,48,13.66,50,20241016 10:59:22,1082146598
146,,1082146593,,002853.SZ,1200,1200,8.06,23,48,48,8.06,50,20241016 10:59:23,1082146593
147,,1082146599,,300854.SZ,700,200,12.62,23,48,48,12.62,50,20241016 10:59:23,1082146599
148,,1082146601,,123054.SZ,60,0,0.0,24,48,49,143.696,50,20241016 10:59:26,1082146601
149,,1082146603,,123135.SZ,70,70,131.538,24,48,49,131.538,50,20241016 10:59:29,1082146603
150,其他错误,1082146604,其他错误,300417.SZ,900,0,0.0,23,48,48,10.26,50,20241016 10:59:30,1082146604
151,,1082146605,,300877.SZ,700,200,13.09,23,48,48,13.09,50,20241016 10:59:29,1082146605
152,,1082146608,,000638.SZ,2200,2200,4.41,23,48,48,4.41,50,20241016 10:59:31,1082146608
153,,1082146610,,300321.SZ,600,600,16.54,23,48,48,16.54,50,20241016 10:59:32,1082146610
154,,1082146609,,001211.SZ,600,600,16.46,23,48,48,16.46,50,20241016 10:59:32,1082146609
155,,1082146606,,002853.SZ,1200,1200,8.06,23,48,48,8.06,50,20241016 10:59:32,1082146606
156,,1082146611,,300899.SZ,400,0,0.0,23,48,48,20.98,50,20241016 10:59:31,1082146611
157,,1082146612,,301010.SZ,700,200,13.66,23,48,48,13.66,50,20241016 10:59:31,1082146612
158,,1082147321,,123135.SZ,70,70,131.602,24,48,49,131.602,50,20241016 11:06:02,1082147321
159,,1082147320,,123054.SZ,60,0,0.0,24,48,49,143.885,50,20241016 11:06:02,1082147320
160,,1082147325,,300899.SZ,4000,0,0.0,23,48,48,20.98,50,20241016 11:06:03,1082147325
161,,1082147329,,002853.SZ,1200,1200,8.06,23,48,48,8.06,50,20241016 11:06:05,1082147329
162,其他错误,1082147328,其他错误,300417.SZ,900,0,0.0,23,48,48,10.27,50,20241016 11:06:04,1082147328
163,,1082147326,,300886.SZ,400,0,0.0,23,48,48,20.39,50,20241016 11:06:04,1082147326
164,,1082147330,,000638.SZ,2200,2200,4.44,23,48,48,4.44,50,20241016 11:06:04,1082147330
165,,1082147332,,001211.SZ,600,600,16.5,23,48,48,16.5,50,20241016 11:06:04,1082147332
166,,1082147333,,300854.SZ,700,200,12.62,23,48,48,12.62,50,20241016 11:06:05,1082147333
167,,1082147335,,123054.SZ,80,80,143.885,24,48,49,143.885,50,20241016 11:06:07,1082147335
168,,1082147336,,123135.SZ,70,70,131.602,24,48,49,131.602,50,20241016 11:06:07,1082147336
169,,1082147339,,300886.SZ,400,0,0.0,23,48,48,20.39,50,20241016 11:06:07,1082147339
170,其他错误,1082147341,其他错误,300417.SZ,900,0,0.0,23,48,48,10.27,50,20241016 11:06:07,1082147341
171,,1082147342,,300899.SZ,400,0,0.0,23,48,48,20.98,50,20241016 11:06:07,1082147342
172,,1082147343,,002853.SZ,1200,1200,8.06,23,48,48,8.06,50,20241016 11:06:07,1082147343
173,,1082147344,,000638.SZ,2200,2200,4.44,23,48,48,4.44,50,20241016 11:06:08,1082147344
174,,1082147345,,001211.SZ,600,600,16.5,23,48,48,16.5,50,20241016 11:06:08,1082147345
175,,1082147346,,300854.SZ,700,200,12.62,23,48,48,12.62,50,20241016 11:06:08,1082147346
176,,1082147362,,123052.SZ,70,70,128.81,24,48,49,128.81,50,20241016 11:06:44,1082147362
177,,1082147364,,300899.SZ,4000,0,0.0,23,48,48,20.98,50,20241016 11:06:44,1082147364
178,,1082147365,,300886.SZ,400,0,0.0,23,48,48,20.39,50,20241016 11:06:44,1082147365
179,,1082147369,,002853.SZ,1200,1200,8.06,23,48,48,8.06,50,20241016 11:06:46,1082147369
180,其他错误,1082147368,其他错误,300417.SZ,900,0,0.0,23,48,48,10.27,50,20241016 11:06:47,1082147368
181,,1082147370,,300854.SZ,700,200,12.61,23,48,48,12.61,50,20241016 11:06:46,1082147370
182,,1082147371,,001211.SZ,600,600,16.5,23,48,48,16.5,50,20241016 11:06:46,1082147371
183,,1082147372,,123052.SZ,70,70,128.81,24,48,49,128.81,50,20241016 11:06:48,1082147372
184,,1082147375,,300886.SZ,400,0,0.0,23,48,48,20.39,50,20241016 11:06:49,1082147375
185,其他错误,1082147380,其他错误,300417.SZ,900,0,0.0,23,48,48,10.27,50,20241016 11:06:59,1082147380
186,,1082147382,,300899.SZ,400,0,0.0,23,48,48,20.98,50,20241016 11:06:58,1082147382
187,,1082147384,,000638.SZ,2200,2200,4.43,23,48,48,4.43,50,20241016 11:06:58,1082147384
188,,1082147385,,002853.SZ,1200,1200,8.06,23,48,48,8.06,50,20241016 11:06:59,1082147385
189,,1082147386,,001211.SZ,600,600,16.5,23,48,48,16.5,50,20241016 11:06:59,1082147386
190,,1082147388,,123052.SZ,70,70,128.767,24,48,49,128.767,50,20241016 11:07:00,1082147388
191,,1082147535,,300877.SZ,700,200,13.15,23,48,48,13.15,50,20241016 11:07:01,1082147535
192,,1082147532,,300886.SZ,400,0,0.0,23,48,48,20.39,50,20241016 11:07:01,1082147532
193,其他错误,1082147539,其他错误,300417.SZ,900,0,0.0,23,48,48,10.27,50,20241016 11:07:03,1082147539
194,,1082147541,,300899.SZ,400,0,0.0,23,48,48,20.98,50,20241016 11:07:03,1082147541
195,,1082147542,,000638.SZ,2200,2200,4.43,23,48,48,4.43,50,20241016 11:07:03,1082147542
196,,1082147543,,300854.SZ,700,200,12.61,23,48,48,12.61,50,20241016 11:07:03,1082147543
197,,1082147544,,002853.SZ,1200,1200,8.06,23,48,48,8.06,50,20241016 11:07:05,1082147544
198,,1082147545,,001211.SZ,600,600,16.52,23,48,48,16.52,50,20241016 11:07:04,1082147545
199,,1082147548,,123052.SZ,70,70,128.767,24,48,49,128.767,50,20241016 11:07:06,1082147548
200,,1082147551,,300886.SZ,400,0,0.0,23,48,48,20.39,50,20241016 11:07:06,1082147551
201,,1082147555,,300877.SZ,700,200,13.15,23,48,48,13.15,50,20241016 11:07:06,1082147555
202,其他错误,1082147558,其他错误,300417.SZ,900,0,0.0,23,48,48,10.27,50,20241016 11:07:07,1082147558
203,,1082147562,,000638.SZ,2200,2200,4.43,23,48,48,4.43,50,20241016 11:07:07,1082147562
204,,1082147560,,300899.SZ,400,0,0.0,23,48,48,20.98,50,20241016 11:07:07,1082147560
205,,1082147564,,300854.SZ,700,200,12.61,23,48,48,12.61,50,20241016 11:07:07,1082147564
206,,1082147565,,002853.SZ,1200,1200,8.06,23,48,48,8.06,50,20241016 11:07:07,1082147565
207,,1082147566,,001211.SZ,600,600,16.52,23,48,48,16.52,50,20241016 11:07:08,1082147566
208,,1082147571,,123052.SZ,70,70,128.767,24,48,49,128.767,50,20241016 11:07:10,1082147571
209,,1082147575,,300877.SZ,700,200,13.15,23,48,48,13.15,50,20241016 11:07:09,1082147575
210,,1082147573,,300886.SZ,400,0,0.0,23,48,48,20.39,50,20241016 11:07:09,1082147573
211,其他错误,1082147577,其他错误,300417.SZ,900,0,0.0,23,48,48,10.27,50,20241016 11:07:10,1082147577
212,,1082147581,,300854.SZ,700,200,12.61,23,48,48,12.61,50,20241016 11:07:10,1082147581
213,,1082147580,,000638.SZ,2200,2200,4.43,23,48,48,4.43,50,20241016 11:07:11,1082147580
214,,1082147578,,300899.SZ,400,0,0.0,23,48,48,20.98,50,20241016 11:07:10,1082147578
215,,1082147582,,002853.SZ,1200,1200,8.06,23,48,48,8.06,50,20241016 11:07:11,1082147582
216,,1082147584,,001211.SZ,600,600,16.52,23,48,48,16.52,50,20241016 11:07:14,1082147584
217,,1082147586,,123052.SZ,70,70,128.767,24,48,49,128.767,50,20241016 11:07:15,1082147586
218,,1082147587,,123135.SZ,70,70,131.621,24,48,49,131.621,50,20241016 11:07:15,1082147587
219,,1082147589,,300886.SZ,400,0,0.0,23,48,48,20.39,50,20241016 11:07:15,1082147589
220,其他错误,1082147593,其他错误,300417.SZ,900,0,0.0,23,48,48,10.27,50,20241016 11:07:17,1082147593
221,,1082147594,,300899.SZ,400,0,0.0,23,48,48,20.98,50,20241016 11:07:16,1082147594
222,,1082147591,,300877.SZ,700,200,13.14,23,48,48,13.14,50,20241016 11:07:16,1082147591
223,,1082147598,,002853.SZ,1200,1200,8.06,23,48,48,8.06,50,20241016 11:07:18,1082147598
224,,1082147596,,000638.SZ,2200,2200,4.43,23,48,48,4.43,50,20241016 11:07:18,1082147596
225,,1082147597,,300854.SZ,700,200,12.61,23,48,48,12.61,50,20241016 11:07:17,1082147597
226,,1082147599,,001211.SZ,600,600,16.52,23,48,48,16.52,50,20241016 11:07:17,1082147599
227,,1082147601,,123052.SZ,70,70,128.767,24,48,49,128.767,50,20241016 11:07:19,1082147601
228,,1082147602,,123135.SZ,70,70,131.621,24,48,49,131.621,50,20241016 11:07:20,1082147602
229,,1082147603,,300886.SZ,400,0,0.0,23,48,48,20.39,50,20241016 11:07:19,1082147603
230,,1082147607,,300877.SZ,700,200,13.14,23,48,48,13.14,50,20241016 11:07:19,1082147607
231,其他错误,1082147609,其他错误,300417.SZ,900,0,0.0,23,48,48,10.27,50,20241016 11:07:19,1082147609
232,,1082147610,,300899.SZ,400,0,0.0,23,48,48,20.98,50,20241016 11:07:20,1082147610
233,,1082147613,,000638.SZ,2200,2200,4.43,23,48,48,4.43,50,20241016 11:07:21,1082147613
234,,1082147616,,001211.SZ,600,600,16.52,23,48,48,16.52,50,20241016 11:07:22,1082147616
235,,1082147615,,002853.SZ,1200,1200,8.06,23,48,48,8.06,50,20241016 11:07:21,1082147615
236,,1082147614,,300854.SZ,700,200,12.61,23,48,48,12.61,50,20241016 11:07:21,1082147614
237,,1082147617,,123052.SZ,70,70,128.768,24,48,49,128.768,50,20241016 11:07:23,1082147617
238,,1082147618,,123135.SZ,70,70,131.621,24,48,49,131.621,50,20241016 11:07:23,1082147618
239,,1082147620,,300886.SZ,400,0,0.0,23,48,48,20.4,50,20241016 11:07:24,1082147620
240,其他错误,1082147623,其他错误,300417.SZ,900,0,0.0,23,48,48,10.26,50,20241016 11:07:25,1082147623
241,,1082147624,,300899.SZ,400,0,0.0,23,48,48,20.98,50,20241016 11:07:25,1082147624
242,,1082147626,,300854.SZ,700,200,12.61,23,48,48,12.61,50,20241016 11:07:25,1082147626
243,,1082147628,,000638.SZ,2200,2200,4.43,23,48,48,4.43,50,20241016 11:07:26,1082147628
244,,1082147630,,001211.SZ,600,600,16.52,23,48,48,16.52,50,20241016 11:07:26,1082147630
245,,1082147629,,002853.SZ,1200,1200,8.06,23,48,48,8.06,50,20241016 11:07:26,1082147629
246,,1082147632,,123052.SZ,70,70,128.768,24,48,49,128.768,50,20241016 11:07:29,1082147632
247,,1082147633,,123135.SZ,70,70,131.621,24,48,49,131.621,50,20241016 11:07:28,1082147633
248,,1082147634,,300886.SZ,400,0,0.0,23,48,48,20.4,50,20241016 11:07:28,1082147634
249,其他错误,1082147637,其他错误,300417.SZ,900,0,0.0,23,48,48,10.26,50,20241016 11:07:29,1082147637
250,,1082147638,,300899.SZ,400,0,0.0,23,48,48,20.98,50,20241016 11:07:29,1082147638
251,,1082147640,,300854.SZ,700,200,12.61,23,48,48,12.61,50,20241016 11:07:29,1082147640
252,,1082147642,,000638.SZ,2200,2200,4.43,23,48,48,4.43,50,20241016 11:07:31,1082147642
253,,1082147643,,002853.SZ,1200,1200,8.06,23,48,48,8.06,50,20241016 11:07:30,1082147643
254,,1082147644,,001211.SZ,600,600,16.52,23,48,48,16.52,50,20241016 11:07:30,1082147644
255,,1082147645,,123052.SZ,70,70,128.767,24,48,49,128.767,50,20241016 11:07:32,1082147645
256,,1082147646,,300886.SZ,400,0,0.0,23,48,48,20.4,50,20241016 11:07:33,1082147646
257,其他错误,1082147651,其他错误,300417.SZ,900,0,0.0,23,48,48,10.26,50,20241016 11:07:34,1082147651
258,,1082147650,,300899.SZ,400,0,0.0,23,48,48,20.98,50,20241016 11:07:34,1082147650
259,,1082147653,,300854.SZ,700,200,12.61,23,48,48,12.61,50,20241016 11:07:34,1082147653
260,,1082147654,,000638.SZ,2200,2200,4.43,23,48,48,4.43,50,20241016 11:07:35,1082147654
261,,1082147655,,002853.SZ,1200,1200,8.06,23,48,48,8.06,50,20241016 11:07:35,1082147655
262,,1082147656,,001211.SZ,600,600,16.52,23,48,48,16.52,50,20241016 11:07:34,1082147656
263,,1082147658,,123052.SZ,70,70,128.767,24,48,49,128.767,50,20241016 11:07:38,1082147658
264,,1082147659,,300886.SZ,400,0,0.0,23,48,48,20.4,50,20241016 11:07:38,1082147659
265,,1082147660,,300321.SZ,600,600,16.55,23,48,48,16.55,50,20241016 11:07:38,1082147660
266,其他错误,1082147665,其他错误,300417.SZ,900,0,0.0,23,48,48,10.26,50,20241016 11:07:39,1082147665
267,,1082147664,,300899.SZ,400,0,0.0,23,48,48,20.98,50,20241016 11:07:39,1082147664
268,,1082147667,,300854.SZ,700,200,12.61,23,48,48,12.61,50,20241016 11:07:40,1082147667
269,,1082147669,,002853.SZ,1200,1200,8.06,23,48,48,8.06,50,20241016 11:07:42,1082147669
270,,1082147668,,000638.SZ,2200,2200,4.43,23,48,48,4.43,50,20241016 11:07:42,1082147668
271,,1082147670,,001211.SZ,600,600,16.52,23,48,48,16.52,50,20241016 11:07:42,1082147670
272,,1082147673,,123052.SZ,70,70,128.767,24,48,49,128.767,50,20241016 11:07:43,1082147673
273,,1082147674,,300886.SZ,400,0,0.0,23,48,48,20.4,50,20241016 11:07:43,1082147674
274,,1082147675,,300321.SZ,600,600,16.55,23,48,48,16.55,50,20241016 11:07:43,1082147675
275,其他错误,1082147679,其他错误,300417.SZ,900,0,0.0,23,48,48,10.26,50,20241016 11:07:44,1082147679
276,,1082147678,,300899.SZ,400,0,0.0,23,48,48,20.98,50,20241016 11:07:43,1082147678
277,,1082147681,,300854.SZ,700,200,12.61,23,48,48,12.61,50,20241016 11:07:44,1082147681
278,,1082147682,,000638.SZ,2200,2200,4.44,23,48,48,4.44,50,20241016 11:07:44,1082147682
279,,1082147683,,002853.SZ,1200,1200,8.06,23,48,48,8.06,50,20241016 11:07:45,1082147683
280,,1082147684,,001211.SZ,600,600,16.52,23,48,48,16.52,50,20241016 11:07:45,1082147684
281,,1082147687,,123052.SZ,90,90,128.767,24,48,49,128.767,50,20241016 11:07:46,1082147687
282,,1082147688,,123135.SZ,90,90,131.678,24,48,49,131.678,50,20241016 11:07:47,1082147688
283,,1082147689,,300886.SZ,400,0,0.0,23,48,48,20.4,50,20241016 11:07:47,1082147689
284,,1082147695,,300899.SZ,400,0,0.0,23,48,48,20.98,50,20241016 11:07:48,1082147695
285,其他错误,1082147696,其他错误,300417.SZ,900,0,0.0,23,48,48,10.26,50,20241016 11:07:48,1082147696
286,,1082147699,,002853.SZ,1200,1200,8.06,23,48,48,8.06,50,20241016 11:07:48,1082147699
287,,1082147698,,000638.SZ,2200,2200,4.44,23,48,48,4.44,50,20241016 11:07:48,1082147698
288,,1082147691,,300321.SZ,600,600,16.55,23,48,48,16.55,50,20241016 11:07:49,1082147691
289,,1082147701,,001211.SZ,600,600,16.52,23,48,48,16.52,50,20241016 11:07:49,1082147701
290,,1082147702,,300886.SZ,400,0,0.0,23,48,48,20.4,50,20241016 11:07:51,1082147702
291,,1082147703,,300321.SZ,600,600,16.55,23,48,48,16.55,50,20241016 11:07:51,1082147703
292,其他错误,1082147707,其他错误,300417.SZ,900,0,0.0,23,48,48,10.26,50,20241016 11:07:51,1082147707
293,,1082147709,,000638.SZ,2200,2200,4.44,23,48,48,4.44,50,20241016 11:07:53,1082147709
294,,1082147710,,002853.SZ,1200,1200,8.06,23,48,48,8.06,50,20241016 11:07:52,1082147710
295,,1082147711,,001211.SZ,600,600,16.52,23,48,48,16.52,50,20241016 11:07:52,1082147711
296,,1082147713,,300886.SZ,400,0,0.0,23,48,48,20.4,50,20241016 11:07:53,1082147713
297,,1082147715,,300321.SZ,600,600,16.55,23,48,48,16.55,50,20241016 11:07:55,1082147715
298,其他错误,1082147718,其他错误,300417.SZ,900,0,0.0,23,48,48,10.26,50,20241016 11:07:54,1082147718
299,,1082147723,,000638.SZ,2200,2200,4.44,23,48,48,4.44,50,20241016 11:07:59,1082147723
300,,1082147725,,001211.SZ,600,600,16.52,23,48,48,16.52,50,20241016 11:08:00,1082147725
301,,1082147724,,002853.SZ,1200,1200,8.06,23,48,48,8.06,50,20241016 11:08:01,1082147724
302,,1082147729,,300321.SZ,600,600,16.55,23,48,48,16.55,50,20241016 11:08:02,1082147729
303,,1082147728,,300886.SZ,400,0,0.0,23,48,48,20.4,50,20241016 11:08:01,1082147728
304,其他错误,1082147876,其他错误,300417.SZ,900,0,0.0,23,48,48,10.26,50,20241016 11:08:03,1082147876
305,,1082147727,,300877.SZ,700,200,13.15,23,48,48,13.15,50,20241016 11:08:02,1082147727
306,,1082147878,,000638.SZ,2200,2200,4.44,23,48,48,4.44,50,20241016 11:08:03,1082147878
307,,1082147881,,001211.SZ,600,600,16.52,23,48,48,16.52,50,20241016 11:08:04,1082147881
308,,1082147880,,002853.SZ,1200,1200,8.06,23,48,48,8.06,50,20241016 11:08:03,1082147880
309,,1082147883,,300886.SZ,400,0,0.0,23,48,48,20.4,50,20241016 11:08:04,1082147883
310,,1082147882,,300877.SZ,700,200,13.17,23,48,48,13.17,50,20241016 11:08:05,1082147882
311,,1082147884,,300321.SZ,600,600,16.55,23,48,48,16.55,50,20241016 11:08:05,1082147884
312,其他错误,1082147888,其他错误,300417.SZ,900,0,0.0,23,48,48,10.26,50,20241016 11:08:07,1082147888
313,,1082147892,,300854.SZ,700,200,12.6,23,48,48,12.6,50,20241016 11:08:14,1082147892
314,,1082147894,,002853.SZ,1200,1200,8.06,23,48,48,8.06,50,20241016 11:08:15,1082147894
315,,1082147895,,001211.SZ,600,600,16.52,23,48,48,16.52,50,20241016 11:08:15,1082147895
316,,1082147896,,300886.SZ,400,0,0.0,23,48,48,20.4,50,20241016 11:08:16,1082147896
317,,1082147897,,300321.SZ,600,600,16.55,23,48,48,16.55,50,20241016 11:08:16,1082147897
318,其他错误,1082147901,其他错误,300417.SZ,900,0,0.0,23,48,48,10.25,50,20241016 11:08:18,1082147901
319,,1082147904,,002853.SZ,1200,1200,8.06,23,48,48,8.06,50,20241016 11:08:18,1082147904
320,,1082147905,,001211.SZ,600,600,16.52,23,48,48,16.52,50,20241016 11:08:19,1082147905
321,,1082147903,,300854.SZ,700,200,12.6,23,48,48,12.6,50,20241016 11:08:19,1082147903
322,,1082147906,,300877.SZ,700,200,13.19,23,48,48,13.19,50,20241016 11:08:20,1082147906
323,,1082147908,,300886.SZ,400,0,0.0,23,48,48,20.4,50,20241016 11:08:20,1082147908
324,,1082147907,,300899.SZ,400,0,0.0,23,48,48,20.98,50,20241016 11:08:21,1082147907
325,,1082147910,,300321.SZ,600,600,16.55,23,48,48,16.55,50,20241016 11:08:22,1082147910
326,其他错误,1082147913,其他错误,300417.SZ,900,0,0.0,23,48,48,10.25,50,20241016 11:08:21,1082147913
327,,1082147915,,300854.SZ,700,200,12.6,23,48,48,12.6,50,20241016 11:08:21,1082147915
328,,1082147917,,001211.SZ,600,600,16.52,23,48,48,16.52,50,20241016 11:08:22,1082147917
329,,1082147916,,002853.SZ,1200,1200,8.06,23,48,48,8.06,50,20241016 11:08:23,1082147916
330,,1082147919,,301010.SZ,700,200,13.66,23,48,48,13.66,50,20241016 11:08:24,1082147919
331,,1082147920,,300899.SZ,400,0,0.0,23,48,48,20.98,50,20241016 11:08:24,1082147920
332,,1082147921,,300886.SZ,400,0,0.0,23,48,48,20.4,50,20241016 11:08:25,1082147921
333,,1082147922,,300321.SZ,600,600,16.55,23,48,48,16.55,50,20241016 11:08:26,1082147922
334,其他错误,1082147925,其他错误,300417.SZ,900,0,0.0,23,48,48,10.25,50,20241016 11:08:26,1082147925
335,,1082147927,,002853.SZ,1200,1200,8.06,23,48,48,8.06,50,20241016 11:08:26,1082147927
336,,1082147928,,001211.SZ,600,600,16.52,23,48,48,16.52,50,20241016 11:08:26,1082147928
337,,1082147931,,300899.SZ,400,0,0.0,23,48,48,20.98,50,20241016 11:08:28,1082147931
338,,1082147930,,301010.SZ,700,200,13.66,23,48,48,13.66,50,20241016 11:08:28,1082147930
339,,1082147932,,300886.SZ,400,0,0.0,23,48,48,20.4,50,20241016 11:08:28,1082147932
340,,1082147933,,300321.SZ,600,600,16.55,23,48,48,16.55,50,20241016 11:08:29,1082147933
341,其他错误,1082147936,其他错误,300417.SZ,900,0,0.0,23,48,48,10.25,50,20241016 11:08:29,1082147936
342,,1082147938,,002853.SZ,1200,1200,8.06,23,48,48,8.06,50,20241016 11:08:29,1082147938
343,,1082147939,,001211.SZ,600,600,16.52,23,48,48,16.52,50,20241016 11:08:29,1082147939
344,,1082147941,,301010.SZ,700,200,13.66,23,48,48,13.66,50,20241016 11:08:32,1082147941
345,,1082147946,,300899.SZ,400,0,0.0,23,48,48,20.98,50,20241016 11:08:38,1082147946
346,,1082147947,,300886.SZ,400,0,0.0,23,48,48,20.4,50,20241016 11:08:38,1082147947
347,,1082147948,,300321.SZ,600,600,16.55,23,48,48,16.55,50,20241016 11:08:39,1082147948
348,其他错误,1082147951,其他错误,300417.SZ,900,0,0.0,23,48,48,10.25,50,20241016 11:08:38,1082147951
349,,1082147953,,000638.SZ,2200,2200,4.43,23,48,48,4.43,50,20241016 11:08:39,1082147953
350,,1082147955,,002853.SZ,1200,1200,8.06,23,48,48,8.06,50,20241016 11:08:39,1082147955
351,,1082147956,,001211.SZ,600,600,16.52,23,48,48,16.52,50,20241016 11:08:40,1082147956
352,,1082147957,,301010.SZ,700,200,13.66,23,48,48,13.66,50,20241016 11:08:40,1082147957
353,,1082147958,,300899.SZ,400,0,0.0,23,48,48,20.98,50,20241016 11:08:40,1082147958
354,,1082147959,,300886.SZ,400,0,0.0,23,48,48,20.4,50,20241016 11:08:41,1082147959
355,,1082147960,,300321.SZ,600,600,16.55,23,48,48,16.55,50,20241016 11:08:41,1082147960
356,其他错误,1082147964,其他错误,300417.SZ,900,0,0.0,23,48,48,10.26,50,20241016 11:08:43,1082147964
357,,1082147966,,000638.SZ,2200,2200,4.43,23,48,48,4.43,50,20241016 11:08:44,1082147966
358,,1082147967,,002853.SZ,1200,1200,8.06,23,48,48,8.06,50,20241016 11:08:43,1082147967
359,,1082147968,,001211.SZ,600,600,16.52,23,48,48,16.52,50,20241016 11:08:44,1082147968
360,,1082147971,,301010.SZ,700,200,13.66,23,48,48,13.66,50,20241016 11:08:45,1082147971
361,,1082147972,,300899.SZ,400,0,0.0,23,48,48,20.98,50,20241016 11:08:45,1082147972
362,,1082148135,,123054.SZ,60,0,0.0,24,48,49,144.057,50,20241016 11:09:19,1082148135
363,,1082148139,,123054.SZ,60,0,0.0,24,48,49,144.057,50,20241016 11:09:21,1082148139
364,,1082148141,,123054.SZ,60,0,0.0,24,48,49,144.057,50,20241016 11:09:23,1082148141
365,,1082148144,,123054.SZ,60,0,0.0,24,48,49,144.057,50,20241016 11:09:24,1082148144
366,,1082148146,,123054.SZ,60,0,0.0,24,48,49,144.057,50,20241016 11:09:27,1082148146
367,,1082148147,,123054.SZ,120,120,144.057,24,48,49,144.057,50,20241016 11:09:29,1082148147
368,,1082148149,,300877.SZ,700,200,13.23,23,48,48,13.23,50,20241016 11:09:31,1082148149
369,,1082148150,,301010.SZ,700,200,13.66,23,48,48,13.66,50,20241016 11:09:31,1082148150
370,,1082149044,,123209.SZ,70,70,126.635,24,48,49,126.635,50,20241016 11:15:56,1082149044
371,,1082149045,,123209.SZ,70,70,126.635,24,48,49,126.635,50,20241016 11:15:57,1082149045
372,,1082149048,,123209.SZ,70,70,126.635,24,48,49,126.635,50,20241016 11:15:59,1082149048
373,,1082149050,,300886.SZ,400,0,0.0,23,48,48,20.45,50,20241016 11:15:59,1082149050
374,其他错误,1082149051,其他错误,300417.SZ,900,0,0.0,23,48,48,10.35,50,20241016 11:16:00,1082149051
375,,1082149054,,123209.SZ,70,70,126.635,24,48,49,126.635,50,20241016 11:16:01,1082149054
376,,1082149055,,300886.SZ,400,0,0.0,23,48,48,20.45,50,20241016 11:16:01,1082149055
377,其他错误,1082149056,其他错误,300417.SZ,900,0,0.0,23,48,48,10.35,50,20241016 11:16:01,1082149056
378,,1082149059,,123209.SZ,70,70,126.635,24,48,49,126.635,50,20241016 11:16:04,1082149059
379,,1082149060,,300886.SZ,400,0,0.0,23,48,48,20.45,50,20241016 11:16:03,1082149060
380,,1082149065,,123209.SZ,150,150,126.635,24,48,49,126.635,50,20241016 11:16:06,1082149065
381,,1082149066,,300886.SZ,400,0,0.0,23,48,48,20.45,50,20241016 11:16:05,1082149066
382,,1082149069,,300877.SZ,700,200,13.14,23,48,48,13.14,50,20241016 11:16:05,1082149069
383,,1082149070,,300899.SZ,400,0,0.0,23,48,48,21.0,50,20241016 11:16:05,1082149070
384,,1082149075,,300886.SZ,400,0,0.0,23,48,48,20.45,50,20241016 11:16:09,1082149075
385,,1082149077,,300877.SZ,700,200,13.14,23,48,48,13.14,50,20241016 11:16:10,1082149077
386,,1082150165,,002921.SZ,9000,9000,10.48,24,48,49,10.48,50,20241016 11:34:13,1082150165
387,,1082150166,,300069.SZ,700,200,14.17,24,48,49,14.17,50,20241016 11:34:12,1082150166
388,,1082150167,,300665.SZ,15000,15000,6.26,24,48,49,6.26,50,20241016 11:34:12,1082150167
389,,1082150168,,300749.SZ,15000,15000,6.28,24,48,49,6.28,50,20241016 11:34:14,1082150168
390,,1082150169,,301167.SZ,700,200,14.24,24,48,49,14.24,50,20241016 11:34:13,1082150169
391,,1082150170,,301273.SZ,5000,5000,17.48,24,48,49,17.48,50,20241016 11:34:13,1082150170
392,,1082150171,,300899.SZ,4000,0,0.0,23,48,48,20.96,50,20241016 11:34:15,1082150171
393,,1082150172,,300955.SZ,600,600,14.64,23,48,48,14.64,50,20241016 11:34:16,1082150172
394,,1082150174,,300877.SZ,700,200,13.1,23,48,48,13.1,50,20241016 11:34:16,1082150174
395,,1082150175,,000638.SZ,2200,2200,4.42,23,48,48,4.42,50,20241016 11:34:16,1082150175
396,,1082150177,,002853.SZ,1200,1200,8.06,23,48,48,8.06,50,20241016 11:34:17,1082150177
397,,1082150179,,002921.SZ,9000,9000,10.48,24,48,49,10.48,50,20241016 11:34:19,1082150179
398,,1082150180,,300665.SZ,15000,15000,6.26,24,48,49,6.26,50,20241016 11:34:19,1082150180
399,,1082150181,,300749.SZ,15000,15000,6.28,24,48,49,6.28,50,20241016 11:34:19,1082150181
400,,1082150182,,301167.SZ,700,200,14.24,24,48,49,14.24,50,20241016 11:34:19,1082150182
401,,1082150183,,301273.SZ,5000,5000,17.48,24,48,49,17.48,50,20241016 11:34:21,1082150183
402,,1082150184,,300955.SZ,600,600,14.64,23,48,48,14.64,50,20241016 11:34:21,1082150184
403,其他错误,1082150185,其他错误,300417.SZ,900,0,0.0,23,48,48,10.28,50,20241016 11:34:21,1082150185
404,,1082150186,,300899.SZ,400,0,0.0,23,48,48,20.96,50,20241016 11:34:20,1082150186
405,,1082150187,,300877.SZ,700,200,13.1,23,48,48,13.1,50,20241016 11:34:20,1082150187
406,,1082150189,,000638.SZ,2200,2200,4.42,23,48,48,4.42,50,20241016 11:34:21,1082150189
407,,1082150190,,002853.SZ,1200,1200,8.06,23,48,48,8.06,50,20241016 11:34:22,1082150190
408,,1082150192,,002921.SZ,9000,9000,10.48,24,48,49,10.48,50,20241016 11:34:23,1082150192
409,,1082150193,,300069.SZ,700,200,14.17,24,48,49,14.17,50,20241016 11:34:22,1082150193
410,,1082150194,,300665.SZ,15000,15000,6.26,24,48,49,6.26,50,20241016 11:34:23,1082150194
411,,1082150195,,300749.SZ,15000,15000,6.28,24,48,49,6.28,50,20241016 11:34:23,1082150195
412,,1082150196,,301273.SZ,5000,5000,17.48,24,48,49,17.48,50,20241016 11:34:24,1082150196
413,,1082150197,,300886.SZ,400,0,0.0,23,48,48,20.37,50,20241016 11:34:23,1082150197
414,,1082150198,,300955.SZ,600,600,14.64,23,48,48,14.64,50,20241016 11:34:24,1082150198
415,其他错误,1082150199,其他错误,300417.SZ,900,0,0.0,23,48,48,10.28,50,20241016 11:34:24,1082150199
416,,1082150200,,300899.SZ,400,0,0.0,23,48,48,20.95,50,20241016 11:34:24,1082150200
417,,1082150201,,300877.SZ,700,200,13.1,23,48,48,13.1,50,20241016 11:34:24,1082150201
418,,1082150205,,001211.SZ,600,600,16.55,23,48,48,16.55,50,20241016 11:34:24,1082150205
419,,1082150204,,000638.SZ,2200,2200,4.42,23,48,48,4.42,50,20241016 11:34:25,1082150204
420,,1082150206,,002853.SZ,1200,1200,8.06,23,48,48,8.06,50,20241016 11:34:24,1082150206
421,其他错误,1082150210,其他错误,002921.SZ,900,0,0.0,24,48,49,10.48,50,20241016 11:34:27,1082150210
422,,1082150211,,300069.SZ,700,200,14.17,24,48,49,14.17,50,20241016 11:34:26,1082150211
423,,1082150212,,300665.SZ,15000,15000,6.26,24,48,49,6.26,50,20241016 11:34:27,1082150212
424,,1082150213,,300749.SZ,15000,15000,6.28,24,48,49,6.28,50,20241016 11:34:27,1082150213
425,,1082150215,,301167.SZ,700,200,14.23,24,48,49,14.23,50,20241016 11:34:27,1082150215
426,,1082150216,,301273.SZ,500,0,0.0,24,48,49,17.48,50,20241016 11:34:27,1082150216
427,,1082150217,,300886.SZ,400,0,0.0,23,48,48,20.37,50,20241016 11:34:27,1082150217
428,,1082150219,,300955.SZ,600,600,14.62,23,48,48,14.62,50,20241016 11:34:28,1082150219
429,其他错误,1082150220,其他错误,300417.SZ,900,0,0.0,23,48,48,10.28,50,20241016 11:34:29,1082150220
430,,1082150221,,300877.SZ,700,200,13.1,23,48,48,13.1,50,20241016 11:34:28,1082150221
431,,1082150224,,000638.SZ,2200,2200,4.42,23,48,48,4.42,50,20241016 11:34:28,1082150224
432,,1082150225,,001211.SZ,600,600,16.55,23,48,48,16.55,50,20241016 11:34:29,1082150225
433,,1082150226,,002853.SZ,1200,1200,8.06,23,48,48,8.06,50,20241016 11:34:30,1082150226
434,其他错误,1082150230,其他错误,002921.SZ,900,0,0.0,24,48,49,10.48,50,20241016 11:34:32,1082150230
435,,1082150232,,300069.SZ,700,200,14.17,24,48,49,14.17,50,20241016 11:34:31,1082150232
436,,1082150233,,300665.SZ,1500,0,0.0,24,48,49,6.26,50,20241016 11:34:31,1082150233
437,,1082150234,,300749.SZ,1500,0,0.0,24,48,49,6.28,50,20241016 11:34:31,1082150234
438,,1082150236,,301273.SZ,500,0,0.0,24,48,49,17.48,50,20241016 11:34:31,1082150236
439,,1082150235,,301167.SZ,700,200,14.23,24,48,49,14.23,50,20241016 11:34:31,1082150235
440,,1082150237,,300886.SZ,400,0,0.0,23,48,48,20.37,50,20241016 11:34:32,1082150237
441,,1082150238,,300955.SZ,600,600,14.62,23,48,48,14.620000000000001,50,20241016 11:34:33,1082150238
442,其他错误,1082150239,其他错误,300417.SZ,900,0,0.0,23,48,48,10.27,50,20241016 11:34:33,1082150239
443,,1082150240,,300899.SZ,400,0,0.0,23,48,48,20.95,50,20241016 11:34:32,1082150240
444,,1082150241,,300877.SZ,700,200,13.1,23,48,48,13.1,50,20241016 11:34:32,1082150241
445,,1082150242,,300321.SZ,500,0,0.0,23,48,48,16.78,50,20241016 11:34:32,1082150242
446,,1082150244,,000638.SZ,2200,2200,4.42,23,48,48,4.42,50,20241016 11:34:33,1082150244
447,,1082150245,,002853.SZ,1200,1200,8.06,23,48,48,8.06,50,20241016 11:34:34,1082150245
448,其他错误,1082150247,其他错误,002921.SZ,900,0,0.0,24,48,49,10.48,50,20241016 11:34:37,1082150247
449,,1082150248,,300665.SZ,1500,0,0.0,24,48,49,6.26,50,20241016 11:34:36,1082150248
450,,1082150249,,300749.SZ,1500,0,0.0,24,48,49,6.28,50,20241016 11:34:36,1082150249
451,,1082150250,,301167.SZ,700,200,14.23,24,48,49,14.23,50,20241016 11:34:36,1082150250
452,,1082150251,,301273.SZ,500,0,0.0,24,48,49,17.48,50,20241016 11:34:36,1082150251
453,,1082150252,,300886.SZ,400,0,0.0,23,48,48,20.37,50,20241016 11:34:37,1082150252
454,,1082150253,,300955.SZ,600,600,14.62,23,48,48,14.620000000000001,50,20241016 11:34:38,1082150253
455,其他错误,1082150254,其他错误,300417.SZ,900,0,0.0,23,48,48,10.27,50,20241016 11:34:38,1082150254
456,,1082150255,,300899.SZ,400,0,0.0,23,48,48,20.95,50,20241016 11:34:37,1082150255
457,,1082150256,,300877.SZ,700,200,13.1,23,48,48,13.1,50,20241016 11:34:37,1082150256
458,,1082150257,,300854.SZ,700,200,12.59,23,48,48,12.59,50,20241016 11:34:38,1082150257
459,,1082150258,,300321.SZ,500,0,0.0,23,48,48,16.78,50,20241016 11:34:38,1082150258
460,,1082150260,,000638.SZ,2200,2200,4.42,23,48,48,4.42,50,20241016 11:34:38,1082150260
461,,1082150261,,002853.SZ,1200,1200,8.06,23,48,48,8.06,50,20241016 11:34:39,1082150261
462,其他错误,1082150263,其他错误,002921.SZ,900,0,0.0,24,48,49,10.48,50,20241016 11:34:41,1082150263
463,,1082150264,,300665.SZ,1500,0,0.0,24,48,49,6.26,50,20241016 11:34:40,1082150264
464,,1082150265,,300749.SZ,1500,0,0.0,24,48,49,6.28,50,20241016 11:34:40,1082150265
465,,1082150266,,301167.SZ,700,200,14.23,24,48,49,14.23,50,20241016 11:34:40,1082150266
466,,1082150267,,301273.SZ,500,0,0.0,24,48,49,17.48,50,20241016 11:34:40,1082150267
467,,1082150268,,300886.SZ,400,0,0.0,23,48,48,20.37,50,20241016 11:34:40,1082150268
468,,1082150269,,300955.SZ,600,600,14.62,23,48,48,14.620000000000001,50,20241016 11:34:41,1082150269
469,其他错误,1082150270,其他错误,300417.SZ,900,0,0.0,23,48,48,10.27,50,20241016 11:34:41,1082150270
470,,1082150271,,300899.SZ,400,0,0.0,23,48,48,20.95,50,20241016 11:34:41,1082150271
471,,1082150272,,300877.SZ,700,200,13.1,23,48,48,13.1,50,20241016 11:34:41,1082150272
472,,1082150273,,300854.SZ,700,200,12.59,23,48,48,12.59,50,20241016 11:34:41,1082150273
473,,1082150274,,300321.SZ,500,0,0.0,23,48,48,16.78,50,20241016 11:34:41,1082150274
474,,1082150276,,000638.SZ,2200,2200,4.42,23,48,48,4.42,50,20241016 11:34:41,1082150276
475,,1082150277,,002853.SZ,1200,1200,8.06,23,48,48,8.06,50,20241016 11:34:43,1082150277
476,[88999][其他错误],1082150279,[88999][其他错误],002921.SZ,900,0,0.0,24,48,49,10.48,50,20241016 11:34:43,1082150279
477,,1082150280,,300665.SZ,1500,0,0.0,24,48,49,6.26,50,20241016 11:34:43,1082150280
478,,1082150281,,300749.SZ,1500,0,0.0,24,48,49,6.28,50,20241016 11:34:43,1082150281
479,,1082150282,,301167.SZ,700,200,14.21,24,48,49,14.21,50,20241016 11:34:44,1082150282
480,,1082150283,,301273.SZ,500,0,0.0,24,48,49,17.48,50,20241016 11:34:44,1082150283
481,,1090539234,,600857.SH,1600,1600,6.11,24,48,49,6.11,50,20241016 13:12:19,1090539234
482,其他错误,1090539235,其他错误,002921.SZ,900,0,0.0,24,48,49,10.49,50,20241016 13:12:19,1090539235
483,,1090539238,,301273.SZ,500,0,0.0,24,48,49,17.44,50,20241016 13:13:55,1090539238
484,,1090539237,,300665.SZ,1500,0,0.0,24,48,49,6.34,50,20241016 13:12:20,1090539237
485,,1090539239,,300955.SZ,600,600,14.59,23,48,48,14.59,50,20241016 13:13:55,1090539239
486,,1090539244,,300877.SZ,700,200,13.08,23,48,48,13.08,50,20241016 13:12:22,1090539244
487,,1090539246,,301010.SZ,700,200,13.67,23,48,48,13.67,50,20241016 13:13:58,1090539246
488,,1090539247,,300854.SZ,700,200,12.63,23,48,48,12.63,50,20241016 13:12:23,1090539247
489,,1090539250,,001211.SZ,600,600,16.59,23,48,48,16.59,50,20241016 13:13:58,1090539250
490,,1090539249,,000638.SZ,2200,2200,4.42,23,48,48,4.42,50,20241016 13:13:58,1090539249
491,,1090539251,,002853.SZ,1200,1200,8.08,23,48,48,8.08,50,20241016 13:12:23,1090539251
492,其他错误,1090539254,其他错误,002921.SZ,900,0,0.0,24,48,49,10.49,50,20241016 13:12:25,1090539254
493,,1090539253,,600857.SH,1600,1600,6.11,24,48,49,6.11,50,20241016 13:12:25,1090539253
494,,1090539255,,300665.SZ,1500,0,0.0,24,48,49,6.34,50,20241016 13:12:25,1090539255
495,,1090539256,,301273.SZ,500,0,0.0,24,48,49,17.44,50,20241016 13:12:26,1090539256
496,,1090539257,,300955.SZ,600,600,14.59,23,48,48,14.59,50,20241016 13:12:26,1090539257
497,,1090539258,,300877.SZ,700,200,13.08,23,48,48,13.08,50,20241016 13:12:26,1090539258
498,,1090539259,,301010.SZ,700,200,13.67,23,48,48,13.67,50,20241016 13:14:01,1090539259
499,,1090539260,,300854.SZ,700,200,12.63,23,48,48,12.63,50,20241016 13:12:27,1090539260
500,,1090539262,,001211.SZ,600,600,16.59,23,48,48,16.59,50,20241016 13:14:02,1090539262
501,,1090539263,,002853.SZ,1200,1200,8.08,23,48,48,8.08,50,20241016 13:12:27,1090539263
502,,1090539261,,000638.SZ,2200,2200,4.42,23,48,48,4.42,50,20241016 13:14:02,1090539261
503,,1090539270,,300665.SZ,1500,0,0.0,24,48,49,6.34,50,20241016 13:12:29,1090539270
504,,1090539267,,600857.SH,1600,1600,6.11,24,48,49,6.11,50,20241016 13:12:29,1090539267
505,其他错误,1090539268,其他错误,002921.SZ,900,0,0.0,24,48,49,10.49,50,20241016 13:12:29,1090539268
506,,1090539271,,301273.SZ,500,0,0.0,24,48,49,17.44,50,20241016 13:12:29,1090539271
507,,1090539272,,300955.SZ,600,600,14.59,23,48,48,14.59,50,20241016 13:12:29,1090539272
508,,1090539273,,300877.SZ,700,200,13.08,23,48,48,13.08,50,20241016 13:12:29,1090539273
509,,1090539274,,301010.SZ,700,200,13.67,23,48,48,13.67,50,20241016 13:12:29,1090539274
510,,1090539275,,300854.SZ,700,200,12.63,23,48,48,12.63,50,20241016 13:14:04,1090539275
511,,1090539276,,000638.SZ,2200,2200,4.42,23,48,48,4.42,50,20241016 13:12:30,1090539276
512,,1090539277,,001211.SZ,600,600,16.59,23,48,48,16.59,50,20241016 13:14:04,1090539277
513,,1090539278,,002853.SZ,1200,1200,8.08,23,48,48,8.08,50,20241016 13:14:05,1090539278
514,,1090539280,,600857.SH,1600,1600,6.11,24,48,49,6.11,50,20241016 13:12:31,1090539280
515,其他错误,1090539283,其他错误,002921.SZ,900,0,0.0,24,48,49,10.49,50,20241016 13:12:32,1090539283
516,,1090539284,,300665.SZ,1500,0,0.0,24,48,49,6.34,50,20241016 13:12:32,1090539284
517,,1090539285,,301273.SZ,500,0,0.0,24,48,49,17.44,50,20241016 13:12:32,1090539285
518,,1090539287,,300955.SZ,600,600,14.59,23,48,48,14.59,50,20241016 13:12:32,1090539287
519,,1090539292,,300877.SZ,700,200,13.08,23,48,48,13.08,50,20241016 13:14:09,1090539292
520,,1090539295,,000638.SZ,2200,2200,4.42,23,48,48,4.42,50,20241016 13:12:34,1090539295
521,,1090539293,,301010.SZ,700,200,13.67,23,48,48,13.67,50,20241016 13:14:09,1090539293
522,,1090539294,,300854.SZ,700,200,12.63,23,48,48,12.63,50,20241016 13:12:34,1090539294
523,,1090539296,,001211.SZ,600,600,16.59,23,48,48,16.59,50,20241016 13:14:09,1090539296
524,,1090539297,,002853.SZ,1200,1200,8.08,23,48,48,8.08,50,20241016 13:12:34,1090539297
525,,1090539298,,600857.SH,1600,1600,6.11,24,48,49,6.11,50,20241016 13:12:36,1090539298
526,,1090539302,,301273.SZ,500,0,0.0,24,48,49,17.44,50,20241016 13:12:36,1090539302
527,,1090539301,,300665.SZ,1500,0,0.0,24,48,49,6.34,50,20241016 13:14:11,1090539301
528,其他错误,1090539299,其他错误,002921.SZ,900,0,0.0,24,48,49,10.49,50,20241016 13:14:11,1090539299
529,,1090539314,,300955.SZ,600,600,14.59,23,48,48,14.59,50,20241016 13:14:12,1090539314
530,,1090539315,,300877.SZ,700,200,13.08,23,48,48,13.08,50,20241016 13:12:37,1090539315
531,,1090539316,,301010.SZ,700,200,13.67,23,48,48,13.67,50,20241016 13:14:12,1090539316
532,,1090539319,,300854.SZ,700,200,12.63,23,48,48,12.63,50,20241016 13:12:39,1090539319
533,,1090539322,,002853.SZ,1200,1200,8.08,23,48,48,8.08,50,20241016 13:14:14,1090539322
534,,1090539321,,001211.SZ,600,600,16.59,23,48,48,16.59,50,20241016 13:14:15,1090539321
535,,1090539320,,000638.SZ,2200,2200,4.42,23,48,48,4.42,50,20241016 13:14:15,1090539320
536,,1090539325,,600857.SH,1600,1600,6.11,24,48,49,6.11,50,20241016 13:12:43,1090539325
537,其他错误,1090539336,其他错误,002921.SZ,900,0,0.0,24,48,49,10.49,50,20241016 13:12:50,1090539336
538,,1090539338,,301273.SZ,500,0,0.0,24,48,49,17.44,50,20241016 13:12:50,1090539338
539,,1090539337,,300665.SZ,1500,0,0.0,24,48,49,6.34,50,20241016 13:12:50,1090539337
540,,1090539339,,300955.SZ,600,600,14.59,23,48,48,14.59,50,20241016 13:14:25,1090539339
541,,1090539340,,300877.SZ,700,200,13.08,23,48,48,13.08,50,20241016 13:12:50,1090539340
542,,1090539341,,301010.SZ,700,200,13.67,23,48,48,13.67,50,20241016 13:14:25,1090539341
543,,1090539342,,300854.SZ,700,200,12.63,23,48,48,12.63,50,20241016 13:14:25,1090539342
544,,1090539343,,000638.SZ,2200,2200,4.42,23,48,48,4.42,50,20241016 13:14:25,1090539343
545,,1090539344,,001211.SZ,600,600,16.59,23,48,48,16.59,50,20241016 13:14:26,1090539344
546,,1090539346,,002853.SZ,1200,1200,8.08,23,48,48,8.08,50,20241016 13:12:51,1090539346
547,,1090539348,,600857.SH,1600,1600,6.11,24,48,49,6.11,50,20241016 13:12:53,1090539348
548,其他错误,1090539349,其他错误,002921.SZ,900,0,0.0,24,48,49,10.49,50,20241016 13:12:53,1090539349
549,,1090539350,,300665.SZ,1500,0,0.0,24,48,49,6.34,50,20241016 13:12:53,1090539350
550,,1090539351,,301273.SZ,500,0,0.0,24,48,49,17.44,50,20241016 13:12:54,1090539351
551,,1090539352,,300955.SZ,600,600,14.59,23,48,48,14.59,50,20241016 13:12:54,1090539352
552,,1090539355,,301010.SZ,700,200,13.67,23,48,48,13.67,50,20241016 13:14:29,1090539355
553,,1090539365,,000638.SZ,2200,2200,4.42,23,48,48,4.42,50,20241016 13:12:54,1090539365
554,,1090539366,,001211.SZ,600,600,16.59,23,48,48,16.59,50,20241016 13:14:29,1090539366
555,,1090539357,,300854.SZ,700,200,12.63,23,48,48,12.63,50,20241016 13:12:54,1090539357
556,,1090539353,,300877.SZ,700,200,13.08,23,48,48,13.08,50,20241016 13:14:29,1090539353
557,,1090539367,,002853.SZ,1200,1200,8.08,23,48,48,8.08,50,20241016 13:12:55,1090539367
558,,1090539369,,600857.SH,1600,1600,6.11,24,48,49,6.11,50,20241016 13:12:56,1090539369
559,其他错误,1090539373,其他错误,002921.SZ,900,0,0.0,24,48,49,10.49,50,20241016 13:12:58,1090539373
560,,1090539374,,300665.SZ,1500,0,0.0,24,48,49,6.34,50,20241016 13:12:58,1090539374
561,,1090539376,,301273.SZ,500,0,0.0,24,48,49,17.44,50,20241016 13:12:59,1090539376
562,,1090539377,,300955.SZ,600,600,14.59,23,48,48,14.59,50,20241016 13:13:00,1090539377
563,,1090539378,,300877.SZ,700,200,13.08,23,48,48,13.08,50,20241016 13:13:00,1090539378
564,,1090539380,,300854.SZ,700,200,12.63,23,48,48,12.63,50,20241016 13:14:35,1090539380
565,,1090539379,,301010.SZ,700,200,13.67,23,48,48,13.67,50,20241016 13:13:00,1090539379
566,,1090539382,,000638.SZ,2200,2200,4.42,23,48,48,4.42,50,20241016 13:13:00,1090539382
567,,1090539383,,001211.SZ,600,600,16.59,23,48,48,16.59,50,20241016 13:14:35,1090539383
568,,1090539384,,002853.SZ,1200,1200,8.08,23,48,48,8.08,50,20241016 13:13:01,1090539384
569,其他错误,1090539387,其他错误,002921.SZ,900,0,0.0,24,48,49,10.49,50,20241016 13:13:03,1090539387
570,,1090539388,,300665.SZ,1500,0,0.0,24,48,49,6.34,50,20241016 13:13:03,1090539388
571,,1090539386,,600857.SH,1600,1600,6.11,24,48,49,6.11,50,20241016 13:13:03,1090539386
572,,1090539391,,301273.SZ,500,0,0.0,24,48,49,17.44,50,20241016 13:13:03,1090539391
573,,1090539392,,300955.SZ,600,600,14.59,23,48,48,14.59,50,20241016 13:14:38,1090539392
574,,1090539393,,300877.SZ,700,200,13.08,23,48,48,13.08,50,20241016 13:14:39,1090539393
575,,1090539395,,301010.SZ,700,200,13.67,23,48,48,13.67,50,20241016 13:14:40,1090539395
576,,1090539396,,300854.SZ,700,200,12.63,23,48,48,12.63,50,20241016 13:14:40,1090539396
577,,1090539398,,001211.SZ,600,600,16.59,23,48,48,16.59,50,20241016 13:13:05,1090539398
578,,1090539397,,000638.SZ,2200,2200,4.42,23,48,48,4.42,50,20241016 13:13:06,1090539397
579,,1090539399,,002853.SZ,1200,1200,8.08,23,48,48,8.08,50,20241016 13:13:06,1090539399
580,,1090539404,,600857.SH,1600,1600,6.11,24,48,49,6.11,50,20241016 13:13:07,1090539404
581,其他错误,1090539405,其他错误,002921.SZ,900,0,0.0,24,48,49,10.49,50,20241016 13:13:07,1090539405
582,,1090539406,,300665.SZ,1500,0,0.0,24,48,49,6.34,50,20241016 13:13:07,1090539406
583,,1090539407,,301273.SZ,500,0,0.0,24,48,49,17.44,50,20241016 13:13:07,1090539407
584,,1090539414,,300955.SZ,600,600,14.59,23,48,48,14.59,50,20241016 13:14:43,1090539414
585,,1090539415,,300877.SZ,700,200,13.08,23,48,48,13.08,50,20241016 13:13:09,1090539415
586,,1090539417,,301010.SZ,700,200,13.67,23,48,48,13.67,50,20241016 13:14:44,1090539417
587,,1090539418,,300854.SZ,700,200,12.63,23,48,48,12.63,50,20241016 13:13:09,1090539418
588,,1090539419,,000638.SZ,2200,2200,4.42,23,48,48,4.42,50,20241016 13:14:44,1090539419
589,,1090539420,,001211.SZ,600,600,16.59,23,48,48,16.59,50,20241016 13:14:44,1090539420
590,,1090539421,,002853.SZ,1200,1200,8.08,23,48,48,8.08,50,20241016 13:13:11,1090539421
591,,1090539422,,600857.SH,1600,1600,6.11,24,48,49,6.11,50,20241016 13:13:11,1090539422
592,其他错误,1090539423,其他错误,002921.SZ,900,0,0.0,24,48,49,10.49,50,20241016 13:13:11,1090539423
593,,1090539425,,300665.SZ,1500,0,0.0,24,48,49,6.34,50,20241016 13:13:11,1090539425
594,,1090539428,,301273.SZ,500,0,0.0,24,48,49,17.44,50,20241016 13:13:13,1090539428
595,,1090539430,,300955.SZ,600,600,14.59,23,48,48,14.59,50,20241016 13:13:13,1090539430
596,,1090539432,,301010.SZ,700,200,13.67,23,48,48,13.67,50,20241016 13:14:47,1090539432
597,,1090539431,,300877.SZ,700,200,13.08,23,48,48,13.08,50,20241016 13:13:13,1090539431
598,,1090539434,,300854.SZ,700,200,12.63,23,48,48,12.63,50,20241016 13:13:13,1090539434
599,,1090539435,,000638.SZ,2200,2200,4.42,23,48,48,4.42,50,20241016 13:13:13,1090539435
600,,1090539436,,001211.SZ,600,600,16.59,23,48,48,16.59,50,20241016 13:14:48,1090539436
601,,1090539437,,002853.SZ,2300,2300,8.08,23,48,48,8.08,50,20241016 13:13:14,1090539437
602,,1090539438,,600857.SH,1600,1600,6.11,24,48,49,6.11,50,20241016 13:13:15,1090539438
603,其他错误,1090539439,其他错误,002921.SZ,900,0,0.0,24,48,49,10.49,50,20241016 13:13:15,1090539439
604,,1090539441,,300665.SZ,1500,0,0.0,24,48,49,6.34,50,20241016 13:13:15,1090539441
605,,1090539442,,301273.SZ,500,0,0.0,24,48,49,17.44,50,20241016 13:13:15,1090539442
606,,1090539446,,300955.SZ,600,600,14.59,23,48,48,14.59,50,20241016 13:14:51,1090539446
607,,1090539447,,300877.SZ,700,200,13.08,23,48,48,13.08,50,20241016 13:13:16,1090539447
608,,1090539448,,301010.SZ,700,200,13.67,23,48,48,13.67,50,20241016 13:13:16,1090539448
609,,1090539452,,300854.SZ,700,200,12.63,23,48,48,12.63,50,20241016 13:13:16,1090539452
610,,1090539456,,000638.SZ,2200,2200,4.42,23,48,48,4.42,50,20241016 13:13:16,1090539456
611,,1090539457,,001211.SZ,600,600,16.59,23,48,48,16.59,50,20241016 13:13:17,1090539457
612,,1090539460,,600857.SH,1600,1600,6.11,24,48,49,6.11,50,20241016 13:13:19,1090539460
613,,1090539462,,300665.SZ,1500,0,0.0,24,48,49,6.34,50,20241016 13:13:20,1090539462
614,其他错误,1090539461,其他错误,002921.SZ,900,0,0.0,24,48,49,10.49,50,20241016 13:13:20,1090539461
615,,1090539463,,301273.SZ,500,0,0.0,24,48,49,17.44,50,20241016 13:13:20,1090539463
616,,1090539469,,300955.SZ,600,600,14.59,23,48,48,14.59,50,20241016 13:15:00,1090539469
617,,1090539470,,300877.SZ,700,200,13.08,23,48,48,13.08,50,20241016 13:13:25,1090539470
618,,1090539471,,301010.SZ,700,200,13.67,23,48,48,13.67,50,20241016 13:13:26,1090539471
619,,1090539472,,300854.SZ,700,200,12.63,23,48,48,12.63,50,20241016 13:15:00,1090539472
620,,1090539480,,000638.SZ,2200,2200,4.42,23,48,48,4.42,50,20241016 13:15:00,1090539480
621,,1090539481,,001211.SZ,600,600,16.59,23,48,48,16.59,50,20241016 13:15:01,1090539481
622,,1090539483,,600857.SH,1600,1600,6.11,24,48,49,6.11,50,20241016 13:13:27,1090539483
623,其他错误,1090539484,其他错误,002921.SZ,900,0,0.0,24,48,49,10.49,50,20241016 13:13:28,1090539484
624,,1090539486,,300665.SZ,1500,0,0.0,24,48,49,6.34,50,20241016 13:13:28,1090539486
625,,1090539487,,301273.SZ,500,0,0.0,24,48,49,17.44,50,20241016 13:13:28,1090539487
626,,1090539489,,300955.SZ,600,600,14.59,23,48,48,14.59,50,20241016 13:15:05,1090539489
627,,1090539490,,300877.SZ,700,200,13.08,23,48,48,13.08,50,20241016 13:15:05,1090539490
628,,1090539494,,001211.SZ,1100,500,16.59,23,48,48,16.59,50,20241016 13:15:05,1090539494
629,,1090539492,,300854.SZ,700,200,12.63,23,48,48,12.63,50,20241016 13:13:31,1090539492
630,,1090539493,,000638.SZ,2200,2200,4.42,23,48,48,4.42,50,20241016 13:15:05,1090539493
631,,1090539491,,301010.SZ,700,200,13.67,23,48,48,13.67,50,20241016 13:15:05,1090539491
632,,1090539500,,600857.SH,1600,1600,6.11,24,48,49,6.11,50,20241016 13:13:31,1090539500
633,其他错误,1090539501,其他错误,002921.SZ,900,0,0.0,24,48,49,10.49,50,20241016 13:13:31,1090539501
634,,1090539502,,300665.SZ,1500,0,0.0,24,48,49,6.34,50,20241016 13:13:32,1090539502
635,,1090539503,,301273.SZ,500,0,0.0,24,48,49,17.44,50,20241016 13:13:32,1090539503
636,,1090539505,,300877.SZ,700,200,13.08,23,48,48,13.08,50,20241016 13:15:08,1090539505
637,,1090539506,,301010.SZ,700,200,13.67,23,48,48,13.67,50,20241016 13:13:33,1090539506
638,,1090539508,,000638.SZ,2200,2200,4.42,23,48,48,4.42,50,20241016 13:15:08,1090539508
639,,1090539507,,300854.SZ,700,200,12.63,23,48,48,12.63,50,20241016 13:15:08,1090539507
640,,1090539504,,300955.SZ,600,600,14.59,23,48,48,14.59,50,20241016 13:13:33,1090539504
641,,1090539512,,600857.SH,1600,1600,6.11,24,48,49,6.11,50,20241016 13:13:34,1090539512
642,其他错误,1090539514,其他错误,002921.SZ,900,0,0.0,24,48,49,10.49,50,20241016 13:13:35,1090539514
643,,1090539515,,300665.SZ,1500,0,0.0,24,48,49,6.34,50,20241016 13:13:35,1090539515
644,,1090539516,,301273.SZ,500,0,0.0,24,48,49,17.44,50,20241016 13:13:35,1090539516
645,,1090539517,,300955.SZ,600,600,14.59,23,48,48,14.59,50,20241016 13:15:10,1090539517
646,,1090539518,,300877.SZ,700,200,13.08,23,48,48,13.08,50,20241016 13:13:37,1090539518
647,,1090539527,,300854.SZ,700,200,12.63,23,48,48,12.63,50,20241016 13:15:12,1090539527
648,,1090539519,,301010.SZ,700,200,13.67,23,48,48,13.67,50,20241016 13:15:12,1090539519
649,,1090539530,,000638.SZ,2200,2200,4.42,23,48,48,4.42,50,20241016 13:13:37,1090539530
650,,1090539531,,600857.SH,1600,1600,6.11,24,48,49,6.11,50,20241016 13:13:37,1090539531
651,其他错误,1090539532,其他错误,002921.SZ,900,0,0.0,24,48,49,10.49,50,20241016 13:13:38,1090539532
652,,1090539533,,300665.SZ,1500,0,0.0,24,48,49,6.34,50,20241016 13:13:38,1090539533
653,,1090539534,,301273.SZ,500,0,0.0,24,48,49,17.44,50,20241016 13:13:38,1090539534
654,,1090539535,,300955.SZ,600,600,14.59,23,48,48,14.59,50,20241016 13:13:39,1090539535
655,,1090539536,,300877.SZ,700,200,13.08,23,48,48,13.08,50,20241016 13:13:39,1090539536
656,,1090539538,,301010.SZ,700,200,13.67,23,48,48,13.67,50,20241016 13:13:39,1090539538
657,,1090539540,,300854.SZ,700,200,12.63,23,48,48,12.63,50,20241016 13:15:14,1090539540
658,,1090539541,,000638.SZ,3900,3900,4.42,23,48,48,4.42,50,20241016 13:13:39,1090539541
659,,1090539547,,300665.SZ,1500,0,0.0,24,48,49,6.34,50,20241016 13:13:42,1090539547
660,,1090539545,,600857.SH,1600,1600,6.11,24,48,49,6.11,50,20241016 13:13:42,1090539545
661,其他错误,1090539546,其他错误,002921.SZ,900,0,0.0,24,48,49,10.49,50,20241016 13:15:16,1090539546
662,,1090539548,,301273.SZ,500,0,0.0,24,48,49,17.44,50,20241016 13:13:42,1090539548
663,,1090539550,,300955.SZ,600,600,14.59,23,48,48,14.59,50,20241016 13:15:17,1090539550
664,,1090539551,,300877.SZ,700,200,13.08,23,48,48,13.08,50,20241016 13:15:17,1090539551
665,,1090539558,,301010.SZ,700,200,13.67,23,48,48,13.67,50,20241016 13:15:17,1090539558
666,,1090539559,,300854.SZ,700,200,12.63,23,48,48,12.63,50,20241016 13:15:17,1090539559
667,其他错误,1090539562,其他错误,002921.SZ,900,0,0.0,24,48,49,10.49,50,20241016 13:13:46,1090539562
668,,1090539560,,600857.SH,1600,1600,6.11,24,48,49,6.11,50,20241016 13:13:46,1090539560
669,,1090539564,,300665.SZ,1500,0,0.0,24,48,49,6.34,50,20241016 13:13:46,1090539564
670,,1090539565,,301273.SZ,500,0,0.0,24,48,49,17.44,50,20241016 13:13:46,1090539565
671,,1090539567,,300877.SZ,700,200,13.08,23,48,48,13.08,50,20241016 13:13:46,1090539567
672,,1090539568,,301010.SZ,700,200,13.67,23,48,48,13.67,50,20241016 13:15:21,1090539568
673,,1090539569,,300854.SZ,700,200,12.63,23,48,48,12.63,50,20241016 13:13:46,1090539569
674,,1090539566,,300955.SZ,600,600,14.59,23,48,48,14.59,50,20241016 13:15:21,1090539566
675,,1090539572,,600857.SH,1600,1600,6.11,24,48,49,6.11,50,20241016 13:13:49,1090539572
676,其他错误,1090539573,其他错误,002921.SZ,900,0,0.0,24,48,49,10.49,50,20241016 13:13:49,1090539573
677,,1090539574,,300665.SZ,1500,0,0.0,24,48,49,6.34,50,20241016 13:13:49,1090539574
678,,1090539575,,301273.SZ,500,0,0.0,24,48,49,17.44,50,20241016 13:13:50,1090539575
679,,1090539576,,300955.SZ,600,600,14.59,23,48,48,14.59,50,20241016 13:13:50,1090539576
680,,1090539577,,300877.SZ,700,200,13.08,23,48,48,13.08,50,20241016 13:15:25,1090539577
681,,1090539578,,301010.SZ,700,200,13.67,23,48,48,13.67,50,20241016 13:15:25,1090539578
682,,1090539579,,300854.SZ,700,200,12.63,23,48,48,12.63,50,20241016 13:13:50,1090539579
683,,1090539587,,600857.SH,1600,1600,6.11,24,48,49,6.11,50,20241016 13:13:53,1090539587
684,,1090539590,,301273.SZ,500,0,0.0,24,48,49,17.44,50,20241016 13:13:53,1090539590
685,,1090539589,,300665.SZ,1500,0,0.0,24,48,49,6.34,50,20241016 13:13:53,1090539589
686,其他错误,1090539588,其他错误,002921.SZ,900,0,0.0,24,48,49,10.49,50,20241016 13:13:53,1090539588
687,,1090539591,,300955.SZ,600,600,14.59,23,48,48,14.59,50,20241016 13:15:28,1090539591
688,,1090539592,,300877.SZ,700,200,13.08,23,48,48,13.08,50,20241016 13:13:53,1090539592
689,,1090539595,,301010.SZ,700,200,13.67,23,48,48,13.67,50,20241016 13:13:53,1090539595
690,,1090539596,,300854.SZ,700,200,12.63,23,48,48,12.63,50,20241016 13:13:53,1090539596
691,,1090539600,,600857.SH,1600,1600,6.11,24,48,49,6.11,50,20241016 13:13:54,1090539600
692,其他错误,1090539601,其他错误,002921.SZ,900,0,0.0,24,48,49,10.49,50,20241016 13:13:56,1090539601
693,,1090539604,,300665.SZ,1500,0,0.0,24,48,49,6.34,50,20241016 13:13:58,1090539604
694,,1090539605,,301273.SZ,500,0,0.0,24,48,49,17.44,50,20241016 13:13:59,1090539605
695,,1090539610,,300854.SZ,700,200,12.63,23,48,48,12.63,50,20241016 13:13:59,1090539610
696,,1090539607,,300877.SZ,700,200,13.08,23,48,48,13.08,50,20241016 13:15:34,1090539607
697,,1090539608,,301010.SZ,700,200,13.67,23,48,48,13.67,50,20241016 13:14:00,1090539608
698,,1090539606,,300955.SZ,600,600,14.59,23,48,48,14.59,50,20241016 13:15:35,1090539606
699,,1090539614,,600857.SH,1600,1600,6.11,24,48,49,6.11,50,20241016 13:14:00,1090539614
700,其他错误,1090539615,其他错误,002921.SZ,900,0,0.0,24,48,49,10.49,50,20241016 13:14:00,1090539615
701,,1090539617,,300665.SZ,1500,0,0.0,24,48,49,6.34,50,20241016 13:14:00,1090539617
702,,1090539618,,301273.SZ,500,0,0.0,24,48,49,17.44,50,20241016 13:14:00,1090539618
703,,1090539619,,300955.SZ,600,600,14.59,23,48,48,14.59,50,20241016 13:15:35,1090539619
704,,1090539620,,300877.SZ,700,200,13.08,23,48,48,13.08,50,20241016 13:14:01,1090539620
705,,1090539621,,301010.SZ,700,200,13.67,23,48,48,13.67,50,20241016 13:14:01,1090539621
706,,1090539622,,300854.SZ,700,200,12.63,23,48,48,12.63,50,20241016 13:15:37,1090539622
707,,1090539629,,600857.SH,1600,1600,6.11,24,48,49,6.11,50,20241016 13:14:03,1090539629
708,其他错误,1090539630,其他错误,002921.SZ,900,0,0.0,24,48,49,10.49,50,20241016 13:14:03,1090539630
709,,1090539633,,300665.SZ,1500,0,0.0,24,48,49,6.34,50,20241016 13:14:04,1090539633
710,,1090539634,,301273.SZ,500,0,0.0,24,48,49,17.44,50,20241016 13:14:04,1090539634
711,,1090539635,,300955.SZ,600,600,14.59,23,48,48,14.59,50,20241016 13:15:40,1090539635
712,,1090539636,,300877.SZ,700,200,13.08,23,48,48,13.08,50,20241016 13:14:05,1090539636
713,,1090539637,,301010.SZ,700,200,13.67,23,48,48,13.67,50,20241016 13:15:40,1090539637
714,,1090539638,,300854.SZ,700,200,12.63,23,48,48,12.63,50,20241016 13:15:40,1090539638
715,,1090539643,,300665.SZ,1500,0,0.0,24,48,49,6.34,50,20241016 13:15:42,1090539643
716,,1090539641,,600857.SH,1600,1600,6.11,24,48,49,6.11,50,20241016 13:15:42,1090539641
717,其他错误,1090539642,其他错误,002921.SZ,900,0,0.0,24,48,49,10.49,50,20241016 13:14:07,1090539642
718,,1090539645,,301273.SZ,500,0,0.0,24,48,49,17.44,50,20241016 13:14:07,1090539645
719,,1090539646,,300955.SZ,600,600,14.59,23,48,48,14.59,50,20241016 13:15:42,1090539646
720,,1090539647,,300877.SZ,700,200,13.08,23,48,48,13.08,50,20241016 13:14:07,1090539647
721,,1090539648,,301010.SZ,700,200,13.67,23,48,48,13.67,50,20241016 13:15:42,1090539648
722,,1090539649,,300854.SZ,700,200,12.63,23,48,48,12.63,50,20241016 13:14:10,1090539649
723,其他错误,1090539654,其他错误,002921.SZ,900,0,0.0,24,48,49,10.49,50,20241016 13:14:10,1090539654
724,,1090539653,,600857.SH,1600,1600,6.11,24,48,49,6.11,50,20241016 13:14:10,1090539653
725,,1090539655,,300665.SZ,1500,0,0.0,24,48,49,6.34,50,20241016 13:14:10,1090539655
726,,1090539669,,301273.SZ,500,0,0.0,24,48,49,17.44,50,20241016 13:14:14,1090539669
727,,1090539670,,300955.SZ,600,600,14.59,23,48,48,14.59,50,20241016 13:15:49,1090539670
728,,1090539671,,300877.SZ,700,200,13.08,23,48,48,13.08,50,20241016 13:14:15,1090539671
729,,1090539677,,301273.SZ,500,0,0.0,24,48,49,17.44,50,20241016 13:14:17,1090539677
730,其他错误,1090539675,其他错误,002921.SZ,900,0,0.0,24,48,49,10.49,50,20241016 13:14:17,1090539675
731,,1090539676,,300665.SZ,1500,0,0.0,24,48,49,6.34,50,20241016 13:14:17,1090539676
732,,1090539674,,600857.SH,1600,1600,6.11,24,48,49,6.11,50,20241016 13:14:17,1090539674
733,,1090539679,,600857.SH,1600,1600,6.11,24,48,49,6.11,50,20241016 13:14:19,1090539679
734,其他错误,1090539691,其他错误,002921.SZ,900,0,0.0,24,48,49,10.49,50,20241016 13:14:19,1090539691
735,,1090539692,,300665.SZ,1500,0,0.0,24,48,49,6.34,50,20241016 13:14:20,1090539692
736,,1090539694,,301273.SZ,500,0,0.0,24,48,49,17.44,50,20241016 13:14:20,1090539694
737,,1090539698,,300877.SZ,700,200,13.08,23,48,48,13.08,50,20241016 13:15:56,1090539698
738,,1090539696,,300955.SZ,600,600,14.59,23,48,48,14.59,50,20241016 13:15:56,1090539696
739,,1090539701,,600857.SH,1600,1600,6.11,24,48,49,6.11,50,20241016 13:14:23,1090539701
740,其他错误,1090539702,其他错误,002921.SZ,900,0,0.0,24,48,49,10.49,50,20241016 13:14:23,1090539702
741,,1090539703,,300665.SZ,1500,0,0.0,24,48,49,6.34,50,20241016 13:14:23,1090539703
742,,1090539704,,301273.SZ,500,0,0.0,24,48,49,17.44,50,20241016 13:14:25,1090539704
743,,1090539708,,600857.SH,1600,1600,6.11,24,48,49,6.11,50,20241016 13:14:25,1090539708
744,其他错误,1090539709,其他错误,002921.SZ,900,0,0.0,24,48,49,10.49,50,20241016 13:14:25,1090539709
745,,1090539710,,300665.SZ,1500,0,0.0,24,48,49,6.34,50,20241016 13:14:25,1090539710
746,,1090539711,,301273.SZ,500,0,0.0,24,48,49,17.44,50,20241016 13:14:26,1090539711
747,,1090539712,,300955.SZ,600,600,14.59,23,48,48,14.59,50,20241016 13:16:01,1090539712
748,,1090539719,,300665.SZ,1500,0,0.0,24,48,49,6.34,50,20241016 13:14:29,1090539719
749,,1090539724,,300955.SZ,600,600,14.59,23,48,48,14.59,50,20241016 13:14:29,1090539724
750,,1090539716,,600857.SH,1600,1600,6.11,24,48,49,6.11,50,20241016 13:14:29,1090539716
751,,1090539720,,301273.SZ,500,0,0.0,24,48,49,17.44,50,20241016 13:14:29,1090539720
752,其他错误,1090539717,其他错误,002921.SZ,900,0,0.0,24,48,49,10.49,50,20241016 13:14:29,1090539717
753,,1090539729,,300665.SZ,1500,0,0.0,24,48,49,6.34,50,20241016 13:14:31,1090539729
754,其他错误,1090539728,其他错误,002921.SZ,900,0,0.0,24,48,49,10.49,50,20241016 13:14:31,1090539728
755,,1090539730,,301273.SZ,500,0,0.0,24,48,49,17.44,50,20241016 13:14:31,1090539730
756,,1090539727,,600857.SH,1600,1600,6.11,24,48,49,6.11,50,20241016 13:14:31,1090539727
757,,1090539731,,300955.SZ,600,600,14.59,23,48,48,14.59,50,20241016 13:14:32,1090539731
758,,1090539738,,600857.SH,1600,1600,6.11,24,48,49,6.11,50,20241016 13:14:33,1090539738
759,,1090539741,,301273.SZ,500,0,0.0,24,48,49,17.44,50,20241016 13:14:35,1090539741
760,其他错误,1090539739,其他错误,002921.SZ,900,0,0.0,24,48,49,10.49,50,20241016 13:14:35,1090539739
761,,1090539742,,300955.SZ,600,600,14.59,23,48,48,14.59,50,20241016 13:16:09,1090539742
762,,1090539740,,300665.SZ,1500,0,0.0,24,48,49,6.34,50,20241016 13:14:35,1090539740
763,,1090539745,,300854.SZ,700,200,12.63,23,48,48,12.63,50,20241016 13:14:35,1090539745
764,,1090539746,,600857.SH,1600,1600,6.11,24,48,49,6.11,50,20241016 13:14:36,1090539746
765,其他错误,1090539747,其他错误,002921.SZ,900,0,0.0,24,48,49,10.49,50,20241016 13:14:37,1090539747
766,,1090539757,,300665.SZ,1500,0,0.0,24,48,49,6.34,50,20241016 13:14:37,1090539757
767,,1090539759,,301273.SZ,500,0,0.0,24,48,49,17.44,50,20241016 13:14:37,1090539759
768,,1090539760,,300955.SZ,600,600,14.59,23,48,48,14.59,50,20241016 13:16:12,1090539760
769,,1090539764,,600857.SH,1600,1600,6.11,24,48,49,6.11,50,20241016 13:14:38,1090539764
770,其他错误,1090539765,其他错误,002921.SZ,900,0,0.0,24,48,49,10.49,50,20241016 13:16:13,1090539765
771,,1090539766,,300665.SZ,1500,0,0.0,24,48,49,6.34,50,20241016 13:14:39,1090539766
772,,1090539768,,301273.SZ,500,0,0.0,24,48,49,17.44,50,20241016 13:14:39,1090539768
773,,1090539769,,300955.SZ,600,600,14.59,23,48,48,14.59,50,20241016 13:14:39,1090539769
774,,1090539771,,301010.SZ,700,200,13.67,23,48,48,13.67,50,20241016 13:16:15,1090539771
775,,1090539777,,600857.SH,1600,1600,6.11,24,48,49,6.11,50,20241016 13:14:42,1090539777
776,其他错误,1090539778,其他错误,002921.SZ,900,0,0.0,24,48,49,10.49,50,20241016 13:14:42,1090539778
777,,1090539780,,300665.SZ,1500,0,0.0,24,48,49,6.34,50,20241016 13:14:44,1090539780
778,,1090539781,,301273.SZ,500,0,0.0,24,48,49,17.44,50,20241016 13:14:44,1090539781
779,其他错误,1090539783,其他错误,002921.SZ,900,0,0.0,24,48,49,10.49,50,20241016 13:14:44,1090539783
780,,1090539782,,600857.SH,2300,2300,6.11,24,48,49,6.11,50,20241016 13:14:44,1090539782
781,,1090539784,,300665.SZ,1500,0,0.0,24,48,49,6.34,50,20241016 13:14:45,1090539784
782,,1090539788,,301273.SZ,500,0,0.0,24,48,49,17.44,50,20241016 13:14:47,1090539788
783,,1090539789,,300955.SZ,600,600,14.59,23,48,48,14.59,50,20241016 13:14:48,1090539789
784,,1090539790,,300877.SZ,700,200,13.08,23,48,48,13.08,50,20241016 13:14:48,1090539790
785,其他错误,1090539794,其他错误,002921.SZ,900,0,0.0,24,48,49,10.49,50,20241016 13:14:49,1090539794
786,,1090539796,,300665.SZ,1500,0,0.0,24,48,49,6.34,50,20241016 13:14:51,1090539796
787,,1090539797,,301273.SZ,500,0,0.0,24,48,49,17.44,50,20241016 13:14:52,1090539797
788,其他错误,1090539808,其他错误,002921.SZ,900,0,0.0,24,48,49,10.49,50,20241016 13:14:53,1090539808
789,,1090539811,,300665.SZ,1500,0,0.0,24,48,49,6.34,50,20241016 13:16:30,1090539811
790,,1090539812,,301273.SZ,500,0,0.0,24,48,49,17.44,50,20241016 13:14:55,1090539812
791,其他错误,1090539816,其他错误,002921.SZ,900,0,0.0,24,48,49,10.49,50,20241016 13:14:58,1090539816
792,,1090539818,,300665.SZ,1500,0,0.0,24,48,49,6.34,50,20241016 13:14:59,1090539818
793,,1090539819,,301273.SZ,500,0,0.0,24,48,49,17.44,50,20241016 13:14:59,1090539819
794,,1090539832,,300665.SZ,2300,2300,6.34,24,48,49,6.34,50,20241016 13:15:01,1090539832
795,其他错误,1090539831,其他错误,002921.SZ,900,0,0.0,24,48,49,10.49,50,20241016 13:15:01,1090539831
796,,1090539834,,301273.SZ,500,0,0.0,24,48,49,17.44,50,20241016 13:15:01,1090539834
797,,1090539839,,301273.SZ,500,0,0.0,24,48,49,17.44,50,20241016 13:15:03,1090539839
798,其他错误,1090539835,其他错误,002921.SZ,900,0,0.0,24,48,49,10.49,50,20241016 13:15:03,1090539835
799,,1090539840,,300955.SZ,600,600,14.59,23,48,48,14.59,50,20241016 13:15:04,1090539840
800,,1090539841,,300877.SZ,700,200,13.08,23,48,48,13.08,50,20241016 13:15:04,1090539841
801,其他错误,1090539845,其他错误,002921.SZ,900,0,0.0,24,48,49,10.49,50,20241016 13:15:07,1090539845
802,,1090539847,,301273.SZ,500,0,0.0,24,48,49,17.44,50,20241016 13:15:07,1090539847
803,其他错误,1090539848,其他错误,002921.SZ,900,0,0.0,24,48,49,10.49,50,20241016 13:15:07,1090539848
804,,1090539849,,301273.SZ,500,0,0.0,24,48,49,17.44,50,20241016 13:15:08,1090539849
805,其他错误,1090539851,其他错误,002921.SZ,900,0,0.0,24,48,49,10.49,50,20241016 13:15:09,1090539851
806,,1090539856,,301273.SZ,500,0,0.0,24,48,49,17.44,50,20241016 13:16:48,1090539856
807,,1090539859,,301273.SZ,500,0,0.0,24,48,49,17.44,50,20241016 13:15:15,1090539859
808,其他错误,1090539857,其他错误,002921.SZ,900,0,0.0,24,48,49,10.49,50,20241016 13:15:15,1090539857
809,其他错误,1090539862,其他错误,002921.SZ,900,0,0.0,24,48,49,10.49,50,20241016 13:15:16,1090539862
810,其他错误,1090539865,其他错误,301273.SZ,900,0,0.0,24,48,49,17.44,50,20241016 13:15:17,1090539865
811,其他错误,1090539867,其他错误,002921.SZ,900,0,0.0,24,48,49,10.49,50,20241016 13:15:18,1090539867
812,其他错误,1090539874,其他错误,002921.SZ,900,0,0.0,24,48,49,10.49,50,20241016 13:15:21,1090539874
813,其他错误,1090539881,其他错误,301273.SZ,900,0,0.0,24,48,49,17.44,50,20241016 13:15:24,1090539881
814,其他错误,1090539885,其他错误,002921.SZ,900,0,0.0,24,48,49,10.49,50,20241016 13:15:25,1090539885
815,其他错误,1090539889,其他错误,301273.SZ,900,0,0.0,24,48,49,17.44,50,20241016 13:15:26,1090539889
816,其他错误,1090539888,其他错误,002921.SZ,900,0,0.0,24,48,49,10.49,50,20241016 13:15:26,1090539888
817,其他错误,1090539891,其他错误,002921.SZ,900,0,0.0,24,48,49,10.49,50,20241016 13:15:28,1090539891
818,其他错误,1090539893,其他错误,002921.SZ,900,0,0.0,24,48,49,10.49,50,20241016 13:15:29,1090539893
819,其他错误,1090539909,其他错误,002921.SZ,900,0,0.0,24,48,49,10.49,50,20241016 13:17:06,1090539909
820,其他错误,1090539910,其他错误,301273.SZ,900,0,0.0,24,48,49,17.44,50,20241016 13:15:32,1090539910
821,其他错误,1090539911,其他错误,002921.SZ,900,0,0.0,24,48,49,10.49,50,20241016 13:15:32,1090539911
822,其他错误,1090539912,其他错误,301273.SZ,900,0,0.0,24,48,49,17.44,50,20241016 13:15:33,1090539912
823,其他错误,1090539914,其他错误,002921.SZ,900,0,0.0,24,48,49,10.49,50,20241016 13:15:35,1090539914
824,其他错误,1090539916,其他错误,301273.SZ,900,0,0.0,24,48,49,17.44,50,20241016 13:15:35,1090539916
825,其他错误,1090539925,其他错误,301273.SZ,900,0,0.0,24,48,49,17.44,50,20241016 13:15:37,1090539925
826,其他错误,1090539924,其他错误,002921.SZ,900,0,0.0,24,48,49,10.49,50,20241016 13:15:37,1090539924
827,其他错误,1090539926,其他错误,002921.SZ,900,0,0.0,24,48,49,10.49,50,20241016 13:15:38,1090539926
828,其他错误,1090539928,其他错误,002921.SZ,900,0,0.0,24,48,49,10.49,50,20241016 13:15:39,1090539928
829,其他错误,1090539930,其他错误,301273.SZ,900,0,0.0,24,48,49,17.44,50,20241016 13:15:41,1090539930
