,交易日,SecurityID,交易所代码,SecurityName,PreClosePrice,OpenPrice,Volume,Turnover,TradingCount,LastPrice,BidPrice1,BidVolume1,AskPrice1,AskVolume1,BidPrice2,BidVolume2,AskPrice2,AskVolume2,BidPrice3,BidVolume3,AskPrice3,AskVolume3,UpperLimitPrice,LowerLimitPrice,PreCloseIOPV,IOPV
0,20241022,510050,1,50ETF   ,2.79,2.789,484825000,1357931397.5998876,0,2.798,2.797,9400,2.798,2513600,2.7960000000000003,367700,2.799,758900,2.795,253200,2.8000000000000003,1428900,3.069,2.511,0.0,0.0
1,20241022,510100,1,SZ50ETF ,1.364,1.364,258019800,353131611.0999928,0,1.368,1.367,5144500,1.369,2875000,1.366,2329000,1.37,3452600,1.365,2652200,1.371,1821300,1.5,1.228,0.0,0.0
2,20241022,510150,1,消费ETF ,0.521,0.52,62016500,32719018.499999486,0,0.528,0.528,1643300,0.529,2744900,0.527,10627700,0.53,8541400,0.526,13491900,0.531,8024700,0.5730000000000001,0.46900000000000003,0.0,0.0
3,20241022,510210,1,综指ETF ,0.798,0.796,138538400,110858596.29998605,0,0.803,0.802,21197100,0.803,28557000,0.801,17844500,0.804,15127000,0.8,7006600,0.805,12609500,0.878,0.718,0.0,0.0
4,20241022,510300,1,300ETF  ,4.016,4.002,544336000,2190710685.9999304,0,4.035,4.035,220900,4.0360000000000005,1053500,4.034,214800,4.037,1043800,4.033,18900,4.038,2225800,4.418,3.614,0.0,0.0
5,20241022,510310,1,HS300ETF,3.859,3.845,426701100,1648948458.4999678,0,3.874,3.874,101800,3.875,234400,3.873,103000,3.876,58900,3.872,146500,3.8770000000000002,538700,4.245,3.473,0.0,0.0
6,20241022,510330,1,华夏300 ,4.11,4.1,369138500,1520572951.3000145,0,4.131,4.1290000000000004,11400,4.132,4500,4.128,50100,4.133,52900,4.126,53500,4.134,49600,4.521,3.6990000000000003,0.0,0.0
7,20241022,510500,1,500ETF  ,5.793,5.78,271290400,1576110690.4000103,0,5.857,5.856,64700,5.8580000000000005,192300,5.854,17500,5.859,62300,5.853,101200,5.86,660700,6.372,5.214,0.0,0.0
8,20241022,510760,1,上证ETF ,1.071,1.067,67377500,72362684.89999981,0,1.077,1.076,6143700,1.077,1509400,1.075,7561000,1.078,4433800,1.074,4043800,1.079,2819800,1.178,0.964,0.0,0.0
9,20241022,510880,1,红利ETF ,3.232,3.232,38317100,124084775.70000505,0,3.246,3.245,56700,3.246,90000,3.244,501700,3.247,123200,3.243,5200,3.248,189500,3.555,2.9090000000000003,0.0,0.0
10,20241022,510900,1,H股ETF  ,0.94,0.9410000000000001,-1031573948,1054730925.1000043,0,0.9460000000000001,0.9460000000000001,327900,0.9470000000000001,6822200,0.9450000000000001,1052900,0.9480000000000001,6525000,0.9440000000000001,984600,0.9490000000000001,4371500,1.034,0.846,0.0,0.0
11,20241022,511010,1,国债ETF ,138.519,138.51500000000001,984400,136343385.59999952,0,138.477,138.476,100,138.477,1200,138.475,800,138.48,200,138.474,2800,138.481,600,152.371,124.667,0.0,0.0
12,20241022,511020,1,活跃国债,113.272,113.349,68700,7783619.699999995,0,113.27,113.269,70000,113.271,77000,113.267,2700,113.273,600,113.266,300,113.291,300,124.599,101.94500000000001,0.0,0.0
13,20241022,511030,1,公司债  ,10.542,10.544,25598900,269863798.99999994,0,10.542,10.542,113700,10.543000000000001,6011500,10.541,4421800,10.544,5211500,10.540000000000001,5007700,10.545,5335700,11.596,9.488,0.0,0.0
14,20241022,511060,1,5年地债 ,105.945,106.013,46700,4951263.1,0,105.958,105.94,4900,105.977,600,105.933,30200,105.999,30100,105.916,30100,106.005,5100,116.54,95.351,0.0,0.0
15,20241022,511090,1,30年国债,117.067,117.054,7798200,912764357.899993,0,117.002,117.002,36500,117.003,6900,117.001,2000,117.005,6300,117.0,74600,117.006,1500,128.774,105.36,0.0,0.0
16,20241022,511100,1,基准国债,104.857,104.874,600900,63020175.99999987,0,104.83500000000001,104.822,500,104.83500000000001,8100,104.81,5100,104.852,5600,104.809,10200,104.857,10200,115.343,94.371,0.0,0.0
17,20241022,511130,1,国债30年,106.436,106.435,7590600,807740286.900004,0,106.374,106.373,400,106.375,12000,106.372,500,106.38,11000,106.371,2000,106.382,300,117.08,95.792,0.0,0.0
18,20241022,511180,1,上证转债,10.792,10.793000000000001,12594100,135855515.0000007,0,10.801,10.801,7000,10.802,200,10.8,49200,10.803,2200,10.799,24800,10.804,2100,11.871,9.713000000000001,0.0,0.0
19,20241022,511220,1,城投ETF ,10.206,10.214,22924100,233931853.70000374,0,10.201,10.201,914000,10.202,3211000,10.200000000000001,1032500,10.203,343200,10.199,1017800,10.204,4447600,11.227,9.185,0.0,0.0
20,20241022,511260,1,十年国债,131.012,131.013,1179800,154555142.59999865,0,130.991,130.986,2400,130.991,700,130.985,5400,130.993,1200,130.983,700,130.994,1200,144.113,117.911,0.0,0.0
21,20241022,511270,1,10年地债,114.553,114.69500000000001,168400,19300816.399999965,0,114.581,114.57300000000001,200,114.587,100,114.572,400,114.607,200,114.571,10100,114.617,4700,126.008,103.098,0.0,0.0
22,20241022,511360,1,短融ETF ,110.605,110.60900000000001,51490600,5695372702.900364,0,110.60900000000001,110.60900000000001,1440800,110.61,503000,110.608,122200,110.611,531500,110.607,33500,110.61200000000001,166000,121.666,99.545,0.0,0.0
23,20241022,511380,1,转债ETF ,11.128,11.14,70223700,782619280.0999922,0,11.16,11.159,76800,11.16,43400,11.158,134000,11.161,674600,11.157,95400,11.162,579800,12.241,10.015,0.0,0.0
24,20241022,511520,1,政金债  ,110.931,110.961,21162400,2347690845.3999624,0,110.919,110.917,1600,110.919,10000,110.916,1300,110.921,200,110.915,4000,110.924,8100,122.024,99.83800000000001,0.0,0.0
25,20241022,511580,1,国债政金,107.166,107.175,5500,589462.8,0,107.18,107.17,400,107.18,300,107.168,6100,107.184,20100,107.167,13600,107.185,500,117.883,96.449,0.0,0.0
26,20241022,511620,1,货币基金,100.012,100.011,19400,1940211.2000000014,0,100.012,100.012,3400,100.014,100,100.01,12700,100.015,100,100.006,11200,100.016,11100,110.013,90.011,0.0,0.0
27,20241022,511660,1,建信添益,100.004,100.001,1354900,135488542.70000613,0,100.0,99.999,30200,100.0,249900,99.998,323800,100.001,73900,99.997,103700,100.002,24800,110.004,90.004,0.0,0.0
28,20241022,511690,1,交易货币,100.015,100.015,105300,10531180.299999988,0,100.011,100.011,1400,100.014,500,100.01,10200,100.015,2600,100.009,1800,100.016,20100,110.017,90.014,0.0,0.0
29,20241022,511700,1,场内货币,100.005,100.002,206700,20670755.099999882,0,100.003,100.003,55800,100.004,107000,100.002,24300,100.005,23300,100.001,26100,100.006,42300,110.006,90.005,0.0,0.0
30,20241022,511810,1,理财金H ,100.004,100.002,352600,35260391.29999972,0,99.999,99.998,16400,99.999,700,99.997,12200,100.0,55400,99.996,11400,100.001,29500,110.004,90.004,0.0,0.0
31,20241022,511850,1,财富宝E ,100.001,100.0,347300,34729646.19999989,0,100.0,99.999,48300,100.0,96000,99.998,58800,100.001,52800,99.997,24700,100.002,15500,110.001,90.001,0.0,0.0
32,20241022,511880,1,银华日利,101.348,101.351,12373900,1254107941.6002057,0,101.352,101.352,1623000,101.35300000000001,224300,101.351,367600,101.354,813700,101.35000000000001,225500,101.355,475900,111.483,91.21300000000001,0.0,0.0
33,20241022,511900,1,富国货币,100.0,100.0,38800,3880035.1999999965,0,100.001,100.0,4800,100.001,200,99.999,21700,100.002,12000,99.998,10400,100.003,400,110.0,90.0,0.0,0.0
34,20241022,511990,1,华宝添益,100.007,100.001,25741000,2574063557.599981,0,99.999,99.998,4137900,99.999,1234700,99.997,2883300,100.0,1862100,99.996,2967500,100.001,326700,110.008,90.006,0.0,0.0
35,20241022,512000,1,券商ETF ,1.088,1.083,199282600,216973752.90000406,0,1.092,1.092,1268100,1.093,1650900,1.091,618600,1.094,1773800,1.09,407600,1.095,8872600,1.197,0.979,0.0,0.0
36,20241022,512010,1,医药ETF ,0.377,0.375,505240500,192060092.1000187,0,0.381,0.38,19425700,0.381,26941600,0.379,86972000,0.382,37805800,0.378,47449300,0.383,50977400,0.41500000000000004,0.339,0.0,0.0
37,20241022,512040,1,国信价值,0.944,0.9440000000000001,104243700,99063120.29999971,0,0.9550000000000001,0.9540000000000001,619900,0.9560000000000001,1049200,0.9530000000000001,562700,0.9570000000000001,831800,0.9520000000000001,462800,0.9580000000000001,592900,1.038,0.85,0.0,0.0
38,20241022,512070,1,证券保险,0.821,0.8200000000000001,134129800,110397786.39999965,0,0.8230000000000001,0.8220000000000001,1743300,0.8240000000000001,5729600,0.8210000000000001,5652800,0.8250000000000001,1038000,0.8200000000000001,1023000,0.8260000000000001,395000,0.903,0.739,0.0,0.0
39,20241022,512100,1,1000ETF ,2.379,2.373,540691800,1287935769.7999659,0,2.4050000000000002,2.404,52900,2.4050000000000002,12800,2.403,1800,2.406,167300,2.402,47400,2.407,147900,2.617,2.141,0.0,0.0
40,20241022,512170,1,医疗ETF ,0.34,0.338,340679800,116254966.40002465,0,0.34400000000000003,0.343,13658200,0.34400000000000003,49542300,0.342,35071900,0.34500000000000003,75587300,0.341,37115400,0.34600000000000003,46962200,0.374,0.306,0.0,0.0
41,20241022,512200,1,地产ETF ,1.512,1.5,104102800,157927741.1000078,0,1.5190000000000001,1.5190000000000001,171000,1.52,18300,1.518,53700,1.5210000000000001,597900,1.5170000000000001,3313000,1.522,491200,1.663,1.361,0.0,0.0
42,20241022,512290,1,生物医药,0.954,0.9520000000000001,51308700,49211100.10000051,0,0.961,0.96,3373500,0.961,241700,0.9590000000000001,1133100,0.962,575600,0.9580000000000001,672700,0.963,1590800,1.049,0.859,0.0,0.0
43,20241022,512400,1,有色ETF ,1.061,1.059,138734800,147123408.5999997,0,1.065,1.064,20000,1.065,242400,1.063,198200,1.066,347300,1.062,493000,1.067,84500,1.167,0.9550000000000001,0.0,0.0
44,20241022,512480,1,半导体  ,1.007,0.994,534869600,533046758.39999247,0,1.0,0.999,1019700,1.0,3132000,0.998,5951000,1.0010000000000001,679100,0.997,3068200,1.002,537500,1.108,0.906,0.0,0.0
45,20241022,512500,1,中证500 ,3.12,3.122,205464500,643849052.7999991,0,3.156,3.156,800,3.157,110400,3.153,5400,3.158,6100,3.1470000000000002,63700,3.1590000000000003,1100,3.432,2.8080000000000003,0.0,0.0
46,20241022,512560,1,中证军工,0.652,0.657,55395900,35714149.699999645,0,0.646,0.645,1953900,0.647,1666300,0.644,4226900,0.648,2452800,0.643,952500,0.649,1132200,0.717,0.587,0.0,0.0
47,20241022,512660,1,军工ETF ,1.085,1.085,166775200,177450924.0000104,0,1.067,1.066,38400,1.067,265300,1.065,290100,1.068,192700,1.064,1463400,1.069,962500,1.194,0.977,0.0,0.0
48,20241022,512670,1,国防ETF ,0.74,0.741,107797200,78442840.00000012,0,0.733,0.732,1736900,0.733,272400,0.731,2229300,0.734,836600,0.73,2695100,0.735,1307700,0.8140000000000001,0.666,0.0,0.0
49,20241022,512680,1,军工基金,1.113,1.125,64792200,70851451.8000003,0,1.094,1.092,1015000,1.094,547800,1.091,4663700,1.095,21900,1.09,1562700,1.096,1436200,1.224,1.002,0.0,0.0
50,20241022,512690,1,酒ETF   ,0.616,0.613,330503400,205896714.39998466,0,0.625,0.625,900800,0.626,13495800,0.624,14636700,0.627,5815000,0.623,14636500,0.628,9829000,0.678,0.554,0.0,0.0
51,20241022,512700,1,银行基金,1.428,1.427,53325400,76073232.10000007,0,1.422,1.421,176500,1.422,1101300,1.42,700100,1.423,1060100,1.419,1507100,1.424,1171200,1.571,1.285,0.0,0.0
52,20241022,512710,1,军工龙头,0.657,0.659,115968800,75301997.89999379,0,0.654,0.653,264200,0.654,373500,0.652,1143900,0.655,913900,0.651,3118700,0.656,1484200,0.723,0.591,0.0,0.0
53,20241022,512720,1,计算机  ,1.01,1.002,67523200,66742248.90000014,0,0.995,0.994,933100,0.995,436400,0.993,418700,0.996,491800,0.992,400100,0.997,400400,1.111,0.909,0.0,0.0
54,20241022,512760,1,芯片ETF ,1.122,1.103,228748300,253937930.70000336,0,1.114,1.113,57300,1.114,224500,1.112,88300,1.115,20800,1.111,568300,1.116,276800,1.234,1.01,0.0,0.0
55,20241022,512800,1,银行ETF ,1.419,1.414,79810600,113157864.0999973,0,1.412,1.411,374900,1.412,184400,1.41,517300,1.413,1123900,1.409,5094700,1.414,223000,1.561,1.2770000000000001,0.0,0.0
56,20241022,512820,1,银行股基,1.373,1.371,28488500,39168237.699999936,0,1.368,1.366,249400,1.368,223800,1.365,457400,1.369,146300,1.364,209900,1.37,301100,1.51,1.236,0.0,0.0
57,20241022,512880,1,证券ETF ,1.137,1.1340000000000001,305374600,347920449.8999911,0,1.143,1.143,3681000,1.1440000000000001,2920900,1.1420000000000001,3226200,1.145,7817300,1.141,3215200,1.1460000000000001,4631600,1.2510000000000001,1.0230000000000001,0.0,0.0
58,20241022,512890,1,红利低波,1.092,1.088,46463600,50848619.00000052,0,1.095,1.095,2500,1.096,422400,1.094,492100,1.097,370700,1.093,1855800,1.098,388300,1.201,0.983,0.0,0.0
59,20241022,512900,1,证券基金,1.124,1.121,79181300,89046882.09999987,0,1.129,1.1280000000000001,541700,1.129,38800,1.127,831500,1.1300000000000001,1790100,1.1260000000000001,881700,1.131,1062000,1.236,1.012,0.0,0.0
60,20241022,512980,1,传媒ETF ,0.742,0.742,99511300,75947682.1999999,0,0.775,0.775,8999100,0.776,13169600,0.774,7055600,0.777,2371400,0.773,560400,0.778,1253000,0.8160000000000001,0.668,0.0,0.0
61,20241022,513010,1,港股科技,0.621,0.624,-667263548,926595679.4999865,0,0.629,0.628,944400,0.629,15383500,0.627,2230800,0.63,31240400,0.626,4885300,0.631,10520400,0.683,0.559,0.0,0.0
62,20241022,513020,1,科技HK  ,0.85,0.85,78888400,67642074.80000001,0,0.86,0.859,45900,0.861,2233800,0.858,480600,0.862,1463200,0.857,116100,0.863,783300,0.935,0.765,0.0,0.0
63,20241022,513040,1,HK互联网,1.116,1.117,76731100,85954792.50000067,0,1.124,1.123,160900,1.125,1535100,1.122,488500,1.1260000000000001,345800,1.121,301100,1.127,382200,1.228,1.004,0.0,0.0
64,20241022,513050,1,中概互联,1.215,1.222,-664153648,1812692465.6000915,0,1.223,1.222,2067500,1.223,5045300,1.221,4335600,1.224,8877500,1.22,3321800,1.225,12315400,1.337,1.094,0.0,0.0
65,20241022,513060,1,恒生医疗,0.417,0.41600000000000004,-926328448,512151968.8000214,0,0.419,0.419,29807000,0.42,44436600,0.418,53263900,0.421,40656600,0.417,56099300,0.422,49902200,0.459,0.375,0.0,0.0
66,20241022,513090,1,香港证券,1.443,1.448,996482100,1449793294.399963,0,1.456,1.458,823600,1.459,290300,1.457,3412500,1.46,7005300,1.456,2030500,1.461,2640800,1.587,1.299,0.0,0.0
67,20241022,513100,1,纳指ETF ,1.461,1.464,37110100,54275840.40000114,0,1.462,1.461,6427300,1.462,7228900,1.46,4923900,1.463,26384200,1.459,2919300,1.464,6133200,1.607,1.315,0.0,0.0
68,20241022,513120,1,HK创新药,0.791,0.789,-1023879648,893735015.2999418,0,0.795,0.795,2443900,0.796,7366200,0.794,5338100,0.797,9114600,0.793,4941900,0.798,15586800,0.87,0.712,0.0,0.0
69,20241022,513130,1,恒生科技,0.602,0.605,-496484448,1002018748.800005,0,0.61,0.609,35744900,0.61,53341900,0.608,18935800,0.611,58937100,0.607,22495300,0.612,42171600,0.662,0.542,0.0,0.0
70,20241022,513160,1,科技30  ,0.901,0.905,80644800,72688212.60000093,0,0.903,0.902,9900,0.904,1156100,0.901,97800,0.905,811100,0.9,100300,0.906,1071900,0.991,0.811,0.0,0.0
71,20241022,513180,1,恒指科技,0.609,0.612,-328304248,1116408364.3000364,0,0.617,0.616,5587400,0.617,71706700,0.615,22513700,0.618,90355000,0.614,33286100,0.619,54088600,0.67,0.548,0.0,0.0
72,20241022,513200,1,港股医药,0.734,0.732,106588500,78855238.000001,0,0.74,0.739,219400,0.74,1423700,0.738,685700,0.741,871800,0.737,1303700,0.742,864600,0.807,0.661,0.0,0.0
73,20241022,513220,1,互联网30,1.103,1.106,74608100,82940502.40000023,0,1.114,1.113,192100,1.114,553300,1.112,27000,1.115,923600,1.111,58700,1.116,764400,1.213,0.993,0.0,0.0
74,20241022,513260,1,恒科技  ,1.158,1.162,225825000,263680443.40000176,0,1.171,1.171,138200,1.172,518200,1.17,45700,1.173,319700,1.169,15500,1.174,1448300,1.274,1.042,0.0,0.0
75,20241022,513280,1,恒生生物,0.73,0.727,41109500,30290588.700000398,0,0.735,0.734,241300,0.736,300500,0.733,284600,0.737,804600,0.732,142300,0.738,203900,0.803,0.657,0.0,0.0
76,20241022,513290,1,纳指生物,1.25,1.234,38529000,47617427.60000015,0,1.236,1.235,7947400,1.237,2008500,1.234,2076800,1.238,754200,1.233,2053600,1.239,1259600,1.375,1.125,0.0,0.0
77,20241022,513300,1,纳斯达克,1.846,1.847,28121700,51971170.09999687,0,1.849,1.848,404600,1.85,1779000,1.847,729100,1.851,2184100,1.846,2288700,1.852,1137900,2.031,1.661,0.0,0.0
78,20241022,513310,1,中韩芯片,1.478,1.479,509311900,749593592.8999829,0,1.473,1.472,1100600,1.473,2002800,1.471,1470800,1.474,1480400,1.47,1374600,1.475,2101200,1.6260000000000001,1.33,0.0,0.0
79,20241022,513330,1,恒生互联,0.434,0.436,-417283448,754691872.8999934,0,0.437,0.437,19337300,0.438,192217700,0.436,84605600,0.439,149445900,0.435,118672100,0.44,104129700,0.47700000000000004,0.391,0.0,0.0
80,20241022,513360,1,教育ETF ,0.526,0.53,350110900,188398559.40000293,0,0.543,0.542,2055800,0.543,4542300,0.541,2593600,0.544,4796200,0.54,2739900,0.545,5369200,0.579,0.47300000000000003,0.0,0.0
81,20241022,513380,1,科技恒生,1.108,1.114,478402800,534367480.5000082,0,1.12,1.119,116100,1.121,2438700,1.118,334100,1.122,1085100,1.117,46100,1.123,1662200,1.219,0.997,0.0,0.0
82,20241022,513400,1,道琼斯  ,1.104,1.096,73997900,81132674.99999759,0,1.098,1.097,8238400,1.098,1722300,1.096,1488900,1.099,597200,1.095,3717800,1.1,949100,1.214,0.994,0.0,0.0
83,20241022,513500,1,标普500 ,2.018,2.015,49739000,99948494.70000784,0,2.009,2.008,325100,2.009,997600,2.007,2573100,2.0100000000000002,1096200,2.0060000000000002,2168900,2.011,1273100,2.22,1.816,0.0,0.0
84,20241022,513520,1,日经ETF ,1.43,1.41,23186000,32677645.69999747,0,1.409,1.408,85500,1.409,233500,1.407,2446500,1.41,1505500,1.4060000000000001,2455300,1.411,555700,1.573,1.287,0.0,0.0
85,20241022,513530,1,港股红利,1.431,1.43,45379800,65347011.399999976,0,1.439,1.439,294600,1.44,116800,1.438,599400,1.441,458600,1.436,41100,1.442,1378700,1.574,1.288,0.0,0.0
86,20241022,513550,1,港股通50,0.888,0.887,84204700,74955771.70000072,0,0.891,0.89,1718200,0.891,607400,0.889,949200,0.892,2549800,0.888,33400,0.893,2598500,0.977,0.799,0.0,0.0
87,20241022,513580,1,HS科技  ,0.606,0.608,531399000,324830859.7000041,0,0.613,0.612,3027600,0.614,3960800,0.611,1444200,0.615,11317800,0.61,2125200,0.616,2416200,0.667,0.545,0.0,0.0
88,20241022,513590,1,香港消费,0.768,0.77,22921600,17897860.100000095,0,0.778,0.778,42000,0.779,624700,0.777,360200,0.78,462900,0.776,344000,0.781,433000,0.845,0.6910000000000001,0.0,0.0
89,20241022,513600,1,恒指ETF ,2.309,2.309,130054300,301435858.3999992,0,2.32,2.319,17000,2.32,570300,2.318,39700,2.321,402300,2.317,59400,2.322,261500,2.54,2.078,0.0,0.0
90,20241022,513630,1,香港红利,1.267,1.2670000000000001,34053600,43284547.20000032,0,1.2710000000000001,1.27,602600,1.2710000000000001,58400,1.2690000000000001,697100,1.272,463400,1.268,413700,1.2730000000000001,776100,1.3940000000000001,1.1400000000000001,0.0,0.0
91,20241022,513660,1,恒生通  ,2.462,2.464,135110300,334265294.19999504,0,2.478,2.477,15100,2.478,345500,2.476,45500,2.479,198300,2.475,149000,2.48,229100,2.708,2.216,0.0,0.0
92,20241022,513690,1,恒生股息,0.896,0.899,42207300,37933185.39999902,0,0.899,0.898,500,0.899,1189700,0.897,1205500,0.9,4348700,0.896,1508500,0.901,3670800,0.986,0.806,0.0,0.0
93,20241022,513700,1,香港医药,0.441,0.441,124008500,55133294.50000226,0,0.444,0.444,1176700,0.445,4107200,0.443,5769500,0.446,7009400,0.442,4473200,0.447,6821300,0.485,0.397,0.0,0.0
94,20241022,513750,1,港股非银,1.231,1.227,58056200,71561627.30000049,0,1.227,1.227,337100,1.228,269700,1.226,327500,1.229,270700,1.225,57300,1.23,148500,1.354,1.108,0.0,0.0
95,20241022,513770,1,港股互联,0.844,0.845,488943000,414967964.6999988,0,0.852,0.851,819400,0.852,2650400,0.85,321800,0.853,2703500,0.849,380900,0.854,2436400,0.928,0.76,0.0,0.0
96,20241022,513860,1,HKC科技 ,0.548,0.549,155812900,86021930.60000072,0,0.553,0.553,1609400,0.554,2807900,0.552,1628700,0.555,2426500,0.551,1177900,0.556,4323000,0.603,0.493,0.0,0.0
97,20241022,513890,1,HK科技  ,0.913,0.915,163235300,150892649.39999896,0,0.926,0.925,12800,0.926,778700,0.924,219800,0.927,385700,0.923,282700,0.928,767600,1.004,0.8220000000000001,0.0,0.0
98,20241022,513910,1,红利央企,1.297,1.298,22634100,29487078.399999563,0,1.3,1.3,7900,1.301,221600,1.299,120300,1.302,296200,1.298,21100,1.303,378100,1.427,1.167,0.0,0.0
99,20241022,513920,1,央企40  ,1.329,1.326,24028900,32084631.60000049,0,1.335,1.334,41000,1.335,139400,1.333,36800,1.336,498700,1.332,42400,1.337,412400,1.462,1.196,0.0,0.0
100,20241022,513970,1,恒生消费,0.837,0.838,42402200,35858196.8999998,0,0.845,0.845,259900,0.846,252200,0.844,1594500,0.847,1519800,0.843,915500,0.848,2105400,0.921,0.753,0.0,0.0
101,20241022,513980,1,科技港股,0.547,0.548,602676000,332241541.0000029,0,0.554,0.553,2410700,0.554,5086900,0.552,2427000,0.555,11094800,0.551,3830700,0.556,5305200,0.602,0.492,0.0,0.0
102,20241022,515000,1,科技ETF ,1.298,1.298,40155600,51830371.79999994,0,1.297,1.295,64100,1.298,281400,1.294,1100,1.299,160300,1.293,15300,1.3,509200,1.428,1.168,0.0,0.0
103,20241022,515010,1,华夏证券,1.294,1.293,44524400,57610273.29999971,0,1.296,1.296,185100,1.297,7900,1.295,374400,1.298,206300,1.294,702100,1.299,479100,1.423,1.165,0.0,0.0
104,20241022,515030,1,新汽车  ,1.181,1.173,85660200,101271757.99999921,0,1.189,1.188,33800,1.189,721200,1.187,540100,1.19,713900,1.186,1524000,1.191,1365800,1.299,1.063,0.0,0.0
105,20241022,515060,1,华夏地产,0.721,0.72,84120200,60869774.29999978,0,0.725,0.725,350300,0.726,277700,0.724,468600,0.727,248800,0.723,1051300,0.728,486000,0.793,0.649,0.0,0.0
106,20241022,515070,1,AI智能  ,1.149,1.1500000000000001,205822600,234631395.80000144,0,1.145,1.145,5444100,1.1460000000000001,29400,1.143,210100,1.147,5100,1.1400000000000001,39100,1.1480000000000001,360800,1.264,1.034,0.0,0.0
107,20241022,515080,1,中证红利,1.533,1.53,52996400,81190657.80000076,0,1.537,1.537,362400,1.538,1699400,1.536,1607300,1.539,590600,1.5350000000000001,319400,1.54,2077200,1.686,1.3800000000000001,0.0,0.0
108,20241022,515100,1,红利100 ,1.426,1.42,34852500,49777926.39999981,0,1.429,1.428,1256900,1.43,1461300,1.427,2866800,1.431,440600,1.426,3009500,1.432,554400,1.569,1.283,0.0,0.0
109,20241022,515120,1,创新药  ,0.548,0.547,226988400,124792932.09999521,0,0.551,0.55,2438200,0.551,10401500,0.549,3522000,0.552,913700,0.548,3139800,0.553,2981800,0.603,0.493,0.0,0.0
110,20241022,515170,1,食品饮料,0.583,0.582,86891500,51171982.00000081,0,0.591,0.59,16000,0.591,159200,0.589,756100,0.592,776400,0.588,1587200,0.593,909100,0.641,0.525,0.0,0.0
111,20241022,515180,1,100红利 ,1.337,1.33,26938300,35993335.200000286,0,1.341,1.341,25300,1.342,70500,1.34,258600,1.343,808000,1.339,240800,1.344,2079200,1.471,1.203,0.0,0.0
112,20241022,515210,1,钢铁ETF ,1.188,1.187,34989500,41308351.60000028,0,1.183,1.183,237800,1.184,544300,1.182,273500,1.185,507500,1.181,207300,1.186,648900,1.307,1.069,0.0,0.0
113,20241022,515220,1,煤炭ETF ,1.199,1.202,64250700,77053533.60000274,0,1.202,1.201,150000,1.202,236300,1.2,500100,1.203,1041300,1.199,1063400,1.204,2312000,1.319,1.079,0.0,0.0
114,20241022,515230,1,软件ETF ,0.791,0.782,83366300,64772654.0999991,0,0.779,0.778,1073200,0.779,376000,0.777,437300,0.78,799200,0.776,483200,0.781,511900,0.87,0.712,0.0,0.0
115,20241022,515290,1,银行    ,1.263,1.262,25283500,31974469.90000003,0,1.256,1.256,547300,1.2570000000000001,150100,1.2550000000000001,1062500,1.258,1831200,1.254,600400,1.2590000000000001,504300,1.389,1.137,0.0,0.0
116,20241022,515400,1,大数据  ,0.792,0.789,59628300,46573328.9000006,0,0.787,0.786,2020100,0.787,23700,0.785,19700,0.788,881100,0.784,870100,0.789,1056100,0.871,0.713,0.0,0.0
117,20241022,515790,1,光伏ETF ,0.8,0.788,178321600,140069012.1999972,0,0.793,0.792,203400,0.793,1151900,0.791,693800,0.794,671100,0.79,1703800,0.795,1674500,0.88,0.72,0.0,0.0
118,20241022,515880,1,通信ETF ,1.389,1.41,108890500,151043283.59999895,0,1.4000000000000001,1.399,200100,1.4000000000000001,34000,1.3980000000000001,243700,1.401,99400,1.397,200600,1.4020000000000001,166200,1.528,1.25,0.0,0.0
119,20241022,515980,1,人工智能,0.964,0.9590000000000001,87658800,83749422.80000132,0,0.963,0.962,627200,0.963,68000,0.961,10100,0.964,718800,0.96,2800,0.965,282300,1.06,0.868,0.0,0.0
120,20241022,516010,1,游戏ETF ,1.031,1.031,90249400,93943111.80000031,0,1.055,1.055,1020900,1.056,166900,1.054,976200,1.057,51200,1.053,2300100,1.058,1070800,1.1340000000000001,0.928,0.0,0.0
121,20241022,516090,1,新能源E ,0.39,0.39,78116600,30368763.8999993,0,0.39,0.39,3428100,0.391,3167800,0.389,3395100,0.392,1777800,0.388,995400,0.393,3492500,0.429,0.35100000000000003,0.0,0.0
122,20241022,516160,1,新能源  ,2.026,2.037,50648200,101890361.69999863,0,2.027,2.0260000000000002,5300,2.027,168400,2.025,3300,2.028,165500,2.024,159700,2.029,172800,2.229,1.823,0.0,0.0
123,20241022,516350,1,芯片50  ,0.821,0.8210000000000001,58097700,46962551.09999794,0,0.8150000000000001,0.8140000000000001,32200,0.8150000000000001,100200,0.8130000000000001,57100,0.8160000000000001,84900,0.812,44200,0.8170000000000001,266700,0.903,0.739,0.0,0.0
124,20241022,516510,1,云计算  ,1.091,1.085,131031300,141047970.20000017,0,1.083,1.083,200900,1.084,4500,1.081,300100,1.085,345800,1.08,305100,1.086,340100,1.2,0.982,0.0,0.0
125,20241022,516820,1,医疗创新,0.351,0.35000000000000003,29159200,10230441.999999516,0,0.354,0.353,6650700,0.354,2324800,0.352,6666200,0.355,7205400,0.35100000000000003,2231600,0.356,6478300,0.386,0.316,0.0,0.0
126,20241022,516950,1,基建ETF ,1.089,1.081,54019700,58503466.89999829,0,1.086,1.086,249400,1.087,302800,1.085,785600,1.088,741500,1.083,1703500,1.089,1885600,1.198,0.98,0.0,0.0
127,20241022,516970,1,基建50  ,1.147,1.1440000000000001,74404800,84733468.0999999,0,1.143,1.1420000000000001,11000,1.1440000000000001,657500,1.1400000000000001,865500,1.145,328400,1.139,515300,1.1460000000000001,291800,1.262,1.032,0.0,0.0
128,20241022,517180,1,中国国企,1.545,1.544,17710800,27275944.899999946,0,1.543,1.542,23500,1.543,11900,1.541,2100,1.544,444500,1.54,400100,1.545,117700,1.7,1.391,0.0,0.0
129,20241022,517520,1,黄金股  ,1.263,1.258,47973700,60271865.000000834,0,1.258,1.2570000000000001,41100,1.258,600,1.256,12400,1.2590000000000001,213700,1.2550000000000001,31800,1.26,2500,1.389,1.137,0.0,0.0
130,20241022,518880,1,黄金ETF ,6.02,6.018,56051800,337049583.80002457,0,6.021,6.021,80700,6.022,1366000,6.0200000000000005,1196600,6.023,271100,6.019,537500,6.024,207200,6.622,5.418,0.0,0.0
131,20241022,520830,1,沙特ETF ,0.984,0.991,35832300,35652351.800001994,0,0.997,0.996,1988100,0.997,68100,0.995,1797900,0.998,2111200,0.994,1663000,0.999,2155100,1.082,0.886,0.0,0.0
132,20241022,520900,1,红利香港,0.925,0.923,14531700,13538551.700000007,0,0.931,0.931,299400,0.932,100,0.93,741200,0.933,148800,0.929,400400,0.934,340800,1.018,0.833,0.0,0.0
133,20241022,520990,1,国新红利,0.92,0.922,10158900,9412611.099999905,0,0.928,0.928,67300,0.929,1183600,0.927,1121600,0.93,1023100,0.926,347900,0.931,360200,1.012,0.8280000000000001,0.0,0.0
134,20241022,560010,1,1000基金,2.38,2.37,250628100,596872004.0000021,0,2.408,2.408,1300,2.4090000000000003,13700,2.407,500100,2.41,245600,2.406,491800,2.411,203100,2.618,2.142,0.0,0.0
135,20241022,560080,1,中药ETF ,1.107,1.108,37234400,41637099.600000545,0,1.123,1.124,400,1.125,114200,1.123,26200,1.1260000000000001,3051600,1.122,2040500,1.127,2540200,1.218,0.996,0.0,0.0
136,20241022,560090,1,证券指数,1.224,1.215,31163500,38063311.60000061,0,1.225,1.224,331900,1.225,33900,1.223,500100,1.226,132500,1.222,79800,1.227,79500,1.346,1.102,0.0,0.0
137,20241022,560170,1,央企科技,0.886,0.88,40179500,35127854.69999966,0,0.878,0.878,60000,0.88,148000,0.877,71600,0.881,110100,0.876,3600,0.882,91700,0.975,0.797,0.0,0.0
138,20241022,560350,1,A50指数 ,1.128,1.1280000000000001,235275100,266587974.39999616,0,1.135,1.1340000000000001,64900,1.135,630400,1.133,500100,1.1360000000000001,2430800,1.1320000000000001,667300,1.137,1618200,1.241,1.0150000000000001,0.0,0.0
139,20241022,560530,1,A500ETF ,0.984,0.986,279234000,275850973.3000058,0,0.992,0.991,105200,0.992,3321600,0.99,1177800,0.993,1343300,0.989,784800,0.994,375500,1.082,0.886,0.0,0.0
140,20241022,560610,1,A500指数,0.954,0.9500000000000001,348241600,333045474.1999957,0,0.961,0.96,249900,0.961,542900,0.9590000000000001,381000,0.962,877300,0.9580000000000001,280300,0.963,473700,1.049,0.859,0.0,0.0
141,20241022,562500,1,机器人  ,0.725,0.721,40766700,29375569.499999866,0,0.73,0.729,29300,0.73,372200,0.728,2481500,0.731,519100,0.727,2958200,0.732,478900,0.798,0.653,0.0,0.0
142,20241022,562510,1,旅游ETF ,0.695,0.6950000000000001,67995700,47182129.50000045,0,0.6970000000000001,0.6960000000000001,2257900,0.6970000000000001,199100,0.6950000000000001,1730000,0.6980000000000001,806500,0.6940000000000001,570200,0.6990000000000001,2835700,0.765,0.626,0.0,0.0
143,20241022,562800,1,稀有金属,0.491,0.49,40261600,19744002.50000034,0,0.493,0.492,456700,0.493,720200,0.491,2922900,0.494,2167700,0.49,1210600,0.495,443800,0.54,0.442,0.0,0.0
144,20241022,563080,1,中证A50E,1.154,1.1480000000000001,211062200,244490399.89999935,0,1.158,1.158,1216900,1.159,1509900,1.157,4669400,1.16,4775400,1.156,4706600,1.161,1486200,1.2690000000000001,1.039,0.0,0.0
145,20241022,563220,1,A500富国,0.991,0.991,299353800,297325418.4000025,0,0.998,0.997,594300,0.998,2053200,0.996,317400,0.999,1165500,0.995,438800,1.0,6452500,1.09,0.892,0.0,0.0
146,20241022,563300,1,中证2000,0.961,0.9530000000000001,119552000,115584804.90000291,0,0.976,0.975,3098500,0.976,11034400,0.974,474000,0.977,3172900,0.973,364100,0.978,2650100,1.057,0.865,0.0,0.0
147,20241022,563360,1,A500基金,1.011,1.008,464433000,470660944.90000254,0,1.0170000000000001,1.016,419200,1.018,13500700,1.0150000000000001,560100,1.0190000000000001,679500,1.014,3311900,1.02,760400,1.112,0.91,0.0,0.0
148,20241022,588000,1,科创50  ,1.05,1.031,998064700,1035415858.3000116,0,1.042,1.041,3630300,1.042,1664100,1.04,10020600,1.043,3707800,1.039,3442300,1.044,7207600,1.26,0.84,0.0,0.0
149,20241022,588030,1,科创指基,0.906,0.899,202024300,181388408.00000232,0,0.903,0.903,1217500,0.904,150900,0.902,6352100,0.905,544600,0.901,6237400,0.906,1166500,1.087,0.725,0.0,0.0
150,20241022,588050,1,科创ETF ,1.028,1.01,238542000,242027433.399998,0,1.0190000000000001,1.018,2178300,1.0190000000000001,492400,1.0170000000000001,895300,1.02,3470500,1.016,1917800,1.0210000000000001,398800,1.234,0.8220000000000001,0.0,0.0
151,20241022,588060,1,上证科创,0.638,0.626,215920000,135860025.90000725,0,0.633,0.632,395400,0.633,624200,0.631,1135700,0.634,761400,0.63,4913600,0.635,1973900,0.766,0.51,0.0,0.0
152,20241022,588080,1,科创板50,1.024,1.0050000000000001,625873300,631629462.5999922,0,1.014,1.014,2233000,1.0150000000000001,1493000,1.0130000000000001,1949600,1.016,683600,1.012,2114500,1.0170000000000001,682400,1.229,0.8190000000000001,0.0,0.0
153,20241022,588090,1,科创板  ,1.034,1.014,116142700,118081507.50000224,0,1.0210000000000001,1.02,3665000,1.022,375700,1.0190000000000001,3471800,1.0230000000000001,14900,1.018,674600,1.024,2485000,1.241,0.8270000000000001,0.0,0.0
154,20241022,588120,1,科100ETF,0.911,0.901,228577300,205952054.89999878,0,0.908,0.907,10100,0.908,498700,0.906,442900,0.909,907400,0.905,528100,0.91,618600,1.093,0.729,0.0,0.0
155,20241022,588180,1,科创50基,0.647,0.636,69284500,44137224.60000061,0,0.64,0.639,253400,0.64,244200,0.638,373100,0.641,1021800,0.637,3522500,0.642,95900,0.776,0.518,0.0,0.0
156,20241022,588190,1,科创100 ,0.905,0.897,217071000,194611715.79999995,0,0.902,0.901,20100,0.902,264800,0.9,8646000,0.903,204600,0.899,8534100,0.904,662600,1.086,0.724,0.0,0.0
157,20241022,588200,1,科创芯片,1.426,1.4000000000000001,784214300,1102058293.1999836,0,1.415,1.416,199000,1.417,2422400,1.415,2190300,1.418,1038300,1.414,4291000,1.419,980800,1.711,1.141,0.0,0.0
158,20241022,588220,1,科创100F,0.91,0.901,188281400,169810382.40000015,0,0.907,0.906,220400,0.907,212600,0.905,1606800,0.908,863600,0.904,5780000,0.909,2727600,1.092,0.728,0.0,0.0
159,20241022,588290,1,芯片科创,1.397,1.37,159869800,220090658.799997,0,1.3820000000000001,1.381,14900,1.3820000000000001,1100,1.3800000000000001,916300,1.385,25200,1.379,215500,1.3860000000000001,17000,1.676,1.118,0.0,0.0
160,20241022,588330,1,双创龙头,0.597,0.586,36366600,21460393.09999998,0,0.594,0.593,134900,0.594,67700,0.592,61300,0.595,736400,0.591,284500,0.596,1104200,0.716,0.47800000000000004,0.0,0.0
161,20241022,588380,1,创50ETF ,0.602,0.597,100441200,59972820.90000036,0,0.599,0.599,332800,0.6,2737100,0.598,11194200,0.601,1387800,0.597,11540900,0.602,1517000,0.722,0.482,0.0,0.0
162,20241022,588500,1,科创100Z,1.289,1.2750000000000001,25339800,32307286.10000001,0,1.282,1.282,446900,1.283,117500,1.28,260100,1.284,1000,1.278,973400,1.286,10100,1.547,1.031,0.0,0.0
163,20241022,588800,1,科创100C,0.877,0.868,188769100,163836264.20000073,0,0.875,0.874,203700,0.875,118400,0.873,305100,0.876,248500,0.872,56200,0.877,1005500,1.052,0.7020000000000001,0.0,0.0
164,20241022,159001,2,保证金,100.001,100.0,538500,53849955.39999844,0,100.0,100.0,728500,100.001,772700,99.999,1738400,100.002,31200,99.998,200,100.003,200,110.001,90.001,0.0,0.0
165,20241022,159003,2,招商快线,100.0,100.0,21600,2159993.6999999955,0,99.999,99.999,64600,100.0,40900,99.995,300,100.001,10000,99.994,200,100.018,2500,110.0,90.0,0.0,0.0
166,20241022,159329,2,沙特ETF,0.989,0.995,33090600,33076442.200002424,0,1.0030000000000001,1.002,1491200,1.0030000000000001,1734500,1.0010000000000001,3168500,1.004,2393700,1.0,1349700,1.0050000000000001,2135900,1.088,0.89,0.0,0.0
167,20241022,159335,2,央企科创,1.193,1.194,8451100,10018858.399999961,0,1.191,1.19,100,1.191,38000,1.189,16600,1.192,72900,1.188,19800,1.193,7000,1.312,1.074,0.0,0.0
168,20241022,159338,2,中证A500,0.955,0.9550000000000001,331283100,317277000.00001657,0,0.962,0.961,2781900,0.962,6539900,0.96,1956800,0.963,4403200,0.9590000000000001,1502300,0.964,3656500,1.051,0.86,0.0,0.0
169,20241022,159339,2,A500,0.963,0.96,147133700,142085707.99999613,0,0.969,0.969,809000,0.97,1266100,0.968,386900,0.971,2629200,0.967,4343100,0.972,1404400,1.059,0.867,0.0,0.0
170,20241022,159350,2,深证50,1.194,1.19,66704400,79909444.29999906,0,1.204,1.203,240800,1.204,72200,1.202,234500,1.205,787100,1.201,44100,1.206,402900,1.313,1.075,0.0,0.0
171,20241022,159351,2,A500中证,0.975,0.978,382801600,374654264.0,0,0.983,0.983,100100,0.984,910700,0.982,385400,0.985,1024500,0.981,419200,0.986,136700,1.073,0.878,0.0,0.0
172,20241022,159352,2,A500基金,1.004,1.004,300972400,302603427.90000117,0,1.01,1.0070000000000001,407700,1.01,5273000,1.006,2072700,1.0110000000000001,770100,1.0050000000000001,225200,1.012,1207000,1.104,0.904,0.0,0.0
173,20241022,159353,2,景顺A500,0.973,0.973,288168400,281194001.7999977,0,0.979,0.979,509100,0.98,435400,0.978,740000,0.981,7314900,0.977,2412000,0.982,984500,1.07,0.876,0.0,0.0
174,20241022,159501,2,纳指基金,1.356,1.358,9614000,13073285.700000169,0,1.36,1.36,23600,1.361,4026600,1.359,639500,1.362,656100,1.358,470200,1.363,1214100,1.492,1.22,0.0,0.0
175,20241022,159506,2,恒生医疗,0.881,0.878,173436300,154083380.9999987,0,0.89,0.889,691400,0.891,299700,0.888,627100,0.892,995500,0.887,133800,0.893,493800,0.969,0.793,0.0,0.0
176,20241022,159509,2,纳指科技,1.562,1.573,187991900,295081188.20002234,0,1.567,1.566,2452000,1.567,59800,1.565,4357600,1.568,2550000,1.564,4478600,1.569,4044800,1.718,1.4060000000000001,0.0,0.0
177,20241022,159513,2,纳指大成,1.217,1.221,14092800,17218022.499999914,0,1.222,1.222,882300,1.223,1872500,1.221,1647300,1.224,1790800,1.22,1988000,1.225,2875600,1.339,1.095,0.0,0.0
178,20241022,159516,2,半导设备,1.05,1.043,95911300,99581462.09999828,0,1.047,1.047,300100,1.048,55400,1.046,318000,1.049,300100,1.045,333500,1.05,339700,1.155,0.9450000000000001,0.0,0.0
179,20241022,159567,2,HK创新药,1.036,1.035,87119700,90813932.9999993,0,1.043,1.043,86200,1.044,460400,1.042,172100,1.045,519400,1.041,461600,1.046,719500,1.1400000000000001,0.932,0.0,0.0
180,20241022,159570,2,创新药HK,1.04,1.04,40400000,42247379.40000036,0,1.044,1.044,104500,1.046,74300,1.043,162000,1.047,282500,1.042,82300,1.048,14400,1.1440000000000001,0.936,0.0,0.0
181,20241022,159591,2,中证A50,1.145,1.1340000000000001,67399200,77391662.70000058,0,1.149,1.149,1541200,1.1500000000000001,87500,1.1480000000000001,167300,1.151,1443800,1.147,67600,1.1520000000000001,90000,1.26,1.031,0.0,0.0
182,20241022,159592,2,中证50,1.137,1.1300000000000001,165410600,188706042.99999934,0,1.1400000000000001,1.1400000000000001,81500,1.141,1000,1.139,952700,1.1420000000000001,39400,1.1380000000000001,1169600,1.143,308500,1.2510000000000001,1.0230000000000001,0.0,0.0
183,20241022,159593,2,A50指数,1.155,1.156,131983700,153022825.40000194,0,1.159,1.159,2047200,1.161,281400,1.158,201700,1.162,365700,1.157,8700,1.163,444000,1.2710000000000001,1.04,0.0,0.0
184,20241022,159595,2,A50基金,1.154,1.157,200098800,232083185.70000088,0,1.159,1.158,394800,1.161,402700,1.157,402700,1.162,412800,1.156,23500,1.163,1069000,1.2690000000000001,1.039,0.0,0.0
185,20241022,159596,2,A50华宝,1.11,1.108,108767200,121410342.79999949,0,1.117,1.116,1582300,1.118,522400,1.115,1591000,1.119,492600,1.114,1110700,1.12,281800,1.221,0.999,0.0,0.0
186,20241022,159605,2,互联中概,0.943,0.9470000000000001,994655600,944062787.5000063,0,0.9490000000000001,0.9490000000000001,611300,0.9500000000000001,9198000,0.9480000000000001,3419900,0.9510000000000001,7355200,0.9470000000000001,7025800,0.9520000000000001,7835400,1.037,0.849,0.0,0.0
187,20241022,159607,2,中概互联,0.935,0.937,521149000,490385007.0999903,0,0.9420000000000001,0.9410000000000001,742500,0.9420000000000001,4592400,0.9400000000000001,539800,0.9430000000000001,6552400,0.9390000000000001,2252300,0.9440000000000001,3921900,1.029,0.842,0.0,0.0
188,20241022,159611,2,电力ETF,0.992,0.993,50205000,50200556.099999905,0,1.004,1.004,154000,1.0050000000000001,2634700,1.0030000000000001,586800,1.006,1817700,1.002,463200,1.0070000000000001,2676800,1.091,0.893,0.0,0.0
189,20241022,159615,2,生科ETF,0.748,0.745,78183600,59023023.600000545,0,0.755,0.755,283400,0.756,500700,0.754,178000,0.757,500,0.753,498100,0.758,1625400,0.8230000000000001,0.673,0.0,0.0
190,20241022,159629,2,1000ETF,2.378,2.37,115057800,273713004.39999866,0,2.4050000000000002,2.4010000000000002,104900,2.4050000000000002,19900,2.4,146700,2.406,10400,2.3930000000000002,24300,2.407,151600,2.616,2.14,0.0,0.0
191,20241022,159632,2,纳斯达克,1.654,1.6560000000000001,7683900,12731182.799999766,0,1.6580000000000001,1.657,42100,1.6580000000000001,2901100,1.6560000000000001,1649400,1.659,616400,1.655,1034500,1.6600000000000001,898600,1.819,1.489,0.0,0.0
192,20241022,159633,2,ZZ1000,2.395,2.394,97892200,234558962.90000293,0,2.419,2.418,98200,2.419,16300,2.4170000000000003,168100,2.42,220600,2.416,100100,2.4210000000000003,197700,2.6350000000000002,2.156,0.0,0.0
193,20241022,159636,2,港科技30,1.002,1.002,140158900,140859496.9000002,0,1.008,1.006,49400,1.008,179900,1.0050000000000001,200,1.0090000000000001,536100,1.004,300,1.01,1325400,1.102,0.902,0.0,0.0
194,20241022,159647,2,中药ETF,1.024,1.025,29216200,30248912.10000028,0,1.041,1.04,27400,1.041,700,1.039,42700,1.042,155600,1.038,319700,1.043,118900,1.1260000000000001,0.922,0.0,0.0
195,20241022,159649,2,国开债,106.373,106.377,863800,91875707.10000028,0,106.35300000000001,106.35300000000001,1500,106.35900000000001,31200,106.352,3100,106.361,30400,106.351,500,106.366,800,117.01,95.736,0.0,0.0
196,20241022,159650,2,国开ETF,105.215,105.217,4975200,523456979.29999036,0,105.224,105.22,10100,105.22500000000001,10300,105.215,17900,105.226,4800,105.214,10100,105.227,1000,115.73700000000001,94.694,0.0,0.0
197,20241022,159651,2,国开0-3,104.823,104.83200000000001,1418900,148726922.19999826,0,104.818,104.818,900,104.819,1000,104.81700000000001,1100,104.82000000000001,9100,104.816,1600,104.822,9000,115.305,94.34100000000001,0.0,0.0
198,20241022,159682,2,创业五零,0.956,0.9530000000000001,87774400,83831656.2999945,0,0.9570000000000001,0.9570000000000001,261900,0.9580000000000001,3777200,0.9560000000000001,778700,0.9590000000000001,2607100,0.9550000000000001,1211200,0.96,6917100,1.147,0.765,0.0,0.0
199,20241022,159687,2,亚太精选,1.277,1.2730000000000001,4611700,5839495.29999998,0,1.2650000000000001,1.264,216000,1.2650000000000001,231600,1.2630000000000001,365600,1.266,915400,1.262,655000,1.2670000000000001,317500,1.405,1.149,0.0,0.0
200,20241022,159688,2,恒生互联,0.886,0.891,215188600,191397063.09999788,0,0.891,0.891,313200,0.892,1551700,0.89,120400,0.893,2834500,0.889,130200,0.894,1237600,0.975,0.797,0.0,0.0
201,20241022,159691,2,高股息HK,1.126,1.1260000000000001,69104400,78286836.00000083,0,1.135,1.1340000000000001,101100,1.1360000000000001,916500,1.133,157400,1.137,456100,1.1320000000000001,105700,1.1380000000000001,832700,1.239,1.0130000000000001,0.0,0.0
202,20241022,159699,2,恒生消费,0.918,0.917,41596400,38568407.8999995,0,0.926,0.926,673800,0.928,590600,0.925,128600,0.929,1037900,0.924,83700,0.93,714000,1.01,0.8260000000000001,0.0,0.0
203,20241022,159707,2,地产ETF,0.685,0.678,40394300,27691425.29999984,0,0.685,0.684,2932000,0.685,393000,0.683,6860800,0.686,125100,0.682,2273000,0.687,296000,0.754,0.617,0.0,0.0
204,20241022,159718,2,港股医药,0.626,0.624,48031000,30306275.700000156,0,0.631,0.63,122100,0.632,178800,0.629,223800,0.633,391600,0.628,322500,0.634,256700,0.6890000000000001,0.5630000000000001,0.0,0.0
205,20241022,159726,2,恒生红利,1.061,1.063,29764400,31816783.60000022,0,1.07,1.068,206600,1.07,889100,1.067,84900,1.071,1301700,1.066,332300,1.072,1147700,1.167,0.9550000000000001,0.0,0.0
206,20241022,159732,2,消费电子,0.793,0.791,90739700,71801467.19999783,0,0.802,0.801,335000,0.802,46500,0.8,242900,0.803,564300,0.799,16800,0.804,947100,0.872,0.714,0.0,0.0
207,20241022,159735,2,港股消费,0.665,0.665,31316000,21008543.30000037,0,0.672,0.671,30000,0.672,2938700,0.67,51800,0.673,1679100,0.669,499000,0.674,1043600,0.732,0.599,0.0,0.0
208,20241022,159740,2,恒生科技,0.601,0.604,1013470800,614290302.2999846,0,0.608,0.607,3065500,0.608,36566500,0.606,7254500,0.609,34338600,0.605,14822100,0.61,23725500,0.661,0.541,0.0,0.0
209,20241022,159741,2,港股科技,0.602,0.605,299515700,181846704.60000366,0,0.609,0.608,619200,0.609,4000700,0.607,670100,0.61,3956300,0.606,931500,0.611,7011500,0.662,0.542,0.0,0.0
210,20241022,159742,2,恒指科技,0.616,0.618,477719000,296601124.5000098,0,0.622,0.622,780000,0.623,4599300,0.621,2773600,0.624,5896500,0.62,3749800,0.625,6287900,0.678,0.554,0.0,0.0
211,20241022,159745,2,建材ETF,0.593,0.587,23745500,14128490.699999867,0,0.6,0.6,28600,0.601,340000,0.599,3404000,0.602,598600,0.598,203300,0.603,1170100,0.652,0.534,0.0,0.0
212,20241022,159747,2,香港科技,1.117,1.122,88017100,98978969.80000018,0,1.127,1.125,500,1.1280000000000001,946700,1.124,28800,1.129,101800,1.123,378400,1.1300000000000001,532000,1.229,1.0050000000000001,0.0,0.0
213,20241022,159750,2,科技HK50,0.813,0.8140000000000001,64902800,52997593.099999964,0,0.8170000000000001,0.8170000000000001,47900,0.8180000000000001,575700,0.8150000000000001,68500,0.8190000000000001,777100,0.8140000000000001,372000,0.8200000000000001,892300,0.894,0.732,0.0,0.0
214,20241022,159751,2,港科技,0.794,0.795,35283000,28232307.90000004,0,0.801,0.8,103100,0.801,178900,0.799,158700,0.802,2481700,0.798,412700,0.803,961800,0.873,0.715,0.0,0.0
215,20241022,159755,2,电池ETF,0.652,0.646,134670200,87697938.70000161,0,0.654,0.654,795100,0.655,333700,0.653,4894200,0.656,861700,0.652,389100,0.657,1115400,0.717,0.587,0.0,0.0
216,20241022,159766,2,旅游ETF,0.69,0.6950000000000001,62140700,42750163.500000715,0,0.6910000000000001,0.6900000000000001,568800,0.6910000000000001,809200,0.6890000000000001,597800,0.6920000000000001,897600,0.6880000000000001,468100,0.6930000000000001,380200,0.759,0.621,0.0,0.0
217,20241022,159768,2,地产龙头,0.617,0.613,26756800,16496686.70000036,0,0.615,0.614,188800,0.615,573200,0.613,4758000,0.616,2640400,0.612,386400,0.617,2457600,0.679,0.555,0.0,0.0
218,20241022,159773,2,创科技,0.758,0.75,23014700,17379250.200000335,0,0.757,0.755,327900,0.757,10000,0.754,17100,0.758,522500,0.753,12700,0.759,408500,0.91,0.606,0.0,0.0
219,20241022,159777,2,创科技E,0.728,0.719,13527400,9792431.999999903,0,0.728,0.727,34300,0.728,298300,0.726,58100,0.729,314600,0.725,1005100,0.73,104100,0.874,0.582,0.0,0.0
220,20241022,159780,2,双创ETF,0.59,0.583,90898900,53122437.60000098,0,0.586,0.586,229300,0.587,1401700,0.585,1030600,0.588,453700,0.584,180500,0.589,1084500,0.708,0.47200000000000003,0.0,0.0
221,20241022,159781,2,科创创业,0.584,0.579,112931300,65374638.10000104,0,0.581,0.581,1051900,0.582,2811100,0.58,6431200,0.583,3267500,0.579,3334600,0.584,2672800,0.7010000000000001,0.467,0.0,0.0
222,20241022,159783,2,双创基金,0.59,0.585,58487400,34214556.0999993,0,0.587,0.587,322900,0.588,51900,0.586,514300,0.589,1369700,0.585,405100,0.59,1485300,0.708,0.47200000000000003,0.0,0.0
223,20241022,159792,2,互联网,0.687,0.6890000000000001,1067260200,737074308.9000446,0,0.6930000000000001,0.6920000000000001,847500,0.6930000000000001,16208300,0.6910000000000001,1930400,0.6940000000000001,10158100,0.6900000000000001,4135200,0.6950000000000001,7103800,0.756,0.618,0.0,0.0
224,20241022,159801,2,芯片基金,0.601,0.596,99645900,59183439.69999887,0,0.598,0.597,354900,0.598,335000,0.596,1596700,0.599,2298100,0.595,1338200,0.6,495000,0.661,0.541,0.0,0.0
225,20241022,159805,2,传媒ETF,1.034,1.04,56798100,60123026.89999969,0,1.083,1.082,162600,1.083,83500,1.08,17600,1.084,6000,1.079,9300,1.085,1800,1.137,0.931,0.0,0.0
226,20241022,159807,2,科技50,0.516,0.512,36542100,18675868.500000454,0,0.513,0.513,565600,0.514,1212700,0.512,741300,0.515,1186300,0.511,955800,0.516,2078800,0.5680000000000001,0.464,0.0,0.0
227,20241022,159813,2,芯片,0.776,0.769,187689800,144457012.59999397,0,0.772,0.772,152200,0.773,1237600,0.771,212900,0.774,360000,0.77,300600,0.775,507500,0.854,0.6980000000000001,0.0,0.0
228,20241022,159814,2,创业大盘,0.427,0.422,34971300,14877997.900000094,0,0.428,0.427,1502300,0.428,1034700,0.426,10300,0.429,879800,0.425,189300,0.43,1348400,0.512,0.342,0.0,0.0
229,20241022,159819,2,AI智能,0.899,0.896,183080300,163413210.89999875,0,0.898,0.898,516800,0.899,1889300,0.897,205800,0.9,6042500,0.896,225900,0.901,1420300,0.989,0.809,0.0,0.0
230,20241022,159825,2,农业ETF,0.668,0.667,44639700,29802376.69999957,0,0.671,0.67,363400,0.671,226600,0.669,718100,0.672,1346700,0.668,353000,0.673,902400,0.735,0.601,0.0,0.0
231,20241022,159828,2,医疗ETF,0.421,0.419,55620200,23451352.39999835,0,0.425,0.424,982800,0.425,6095200,0.423,1948600,0.426,5418300,0.422,8093800,0.427,2493000,0.463,0.379,0.0,0.0
232,20241022,159840,2,锂电池50,0.521,0.52,53664700,27960505.899999864,0,0.524,0.523,566000,0.524,676100,0.522,630700,0.525,1580800,0.521,782800,0.526,748400,0.5730000000000001,0.46900000000000003,0.0,0.0
233,20241022,159841,2,证券ETF,1.03,1.029,75290600,77732492.39999913,0,1.036,1.035,766900,1.036,1119700,1.034,40700,1.037,567900,1.033,528100,1.038,511800,1.133,0.927,0.0,0.0
234,20241022,159842,2,券商ETF,1.07,1.069,35897100,38509527.40000035,0,1.075,1.076,30100,1.077,446200,1.075,198400,1.078,262400,1.074,245500,1.079,1154300,1.177,0.963,0.0,0.0
235,20241022,159845,2,中证1000,2.386,2.382,455558600,1088072783.5000052,0,2.4090000000000003,2.407,41700,2.412,149600,2.404,42000,2.4130000000000003,5000,2.4,5100,2.414,51300,2.625,2.1470000000000002,0.0,0.0
236,20241022,159847,2,中证医疗,0.391,0.392,23733100,9368717.099999962,0,0.398,0.397,800,0.398,1038100,0.396,2254600,0.399,1069800,0.395,509100,0.4,644300,0.43,0.352,0.0,0.0
237,20241022,159850,2,H股50,0.74,0.74,75260900,55946044.19999925,0,0.743,0.743,303300,0.744,556600,0.742,616400,0.745,2224100,0.741,579600,0.746,3619300,0.8140000000000001,0.666,0.0,0.0
238,20241022,159851,2,金科ETF,1.436,1.425,80032400,112172586.00000012,0,1.4040000000000001,1.403,281700,1.4040000000000001,30300,1.4020000000000001,91400,1.405,55700,1.401,30000,1.4060000000000001,117500,1.58,1.292,0.0,0.0
239,20241022,159852,2,软件ETF,0.776,0.773,83309700,63646420.6000003,0,0.768,0.768,281100,0.769,214200,0.767,1843800,0.77,309300,0.766,1775800,0.771,112700,0.854,0.6980000000000001,0.0,0.0
240,20241022,159857,2,光伏ETF,0.675,0.67,65033700,43045611.69999935,0,0.668,0.667,190200,0.668,208300,0.666,487700,0.669,882800,0.665,270400,0.67,808600,0.743,0.608,0.0,0.0
241,20241022,159859,2,生物药30,0.386,0.386,72456900,28142368.899999753,0,0.391,0.39,50600,0.391,3581200,0.389,3025900,0.392,4055200,0.388,3895300,0.393,4237600,0.425,0.34700000000000003,0.0,0.0
242,20241022,159865,2,养殖ETF,0.563,0.561,54079200,30459645.000001036,0,0.5670000000000001,0.5660000000000001,1090000,0.5670000000000001,2081700,0.5650000000000001,576600,0.5680000000000001,2868900,0.5640000000000001,1397300,0.5690000000000001,3060500,0.619,0.507,0.0,0.0
243,20241022,159866,2,日经ETF,1.068,1.049,20641400,21651593.399998687,0,1.048,1.047,1336500,1.048,222900,1.046,1974900,1.049,776200,1.045,1406800,1.05,1040300,1.175,0.961,0.0,0.0
244,20241022,159867,2,畜牧ETF,0.57,0.5710000000000001,32006800,18264536.100000024,0,0.5740000000000001,0.5730000000000001,37500,0.5740000000000001,390900,0.5720000000000001,59400,0.5750000000000001,908700,0.5710000000000001,45200,0.5760000000000001,731500,0.627,0.513,0.0,0.0
245,20241022,159869,2,游戏ETF,1.038,1.046,199137900,208906997.69999528,0,1.066,1.065,8100,1.066,328600,1.064,30100,1.067,195500,1.063,787900,1.068,497000,1.1420000000000001,0.934,0.0,0.0
246,20241022,159870,2,化工ETF,0.578,0.577,23976500,13903113.500000197,0,0.582,0.581,861800,0.583,1411800,0.58,105500,0.584,1738200,0.579,703200,0.585,1998500,0.636,0.52,0.0,0.0
247,20241022,159875,2,新能源,0.482,0.47800000000000004,33207800,15875623.299999893,0,0.482,0.481,182200,0.482,285200,0.48,731300,0.483,684100,0.47900000000000004,717500,0.484,419200,0.53,0.434,0.0,0.0
248,20241022,159883,2,医疗器械,0.506,0.504,27947000,14251037.600000188,0,0.512,0.512,118000,0.513,1450700,0.511,490700,0.514,1140900,0.51,184600,0.515,1950000,0.557,0.455,0.0,0.0
249,20241022,159887,2,银行ETF,1.155,1.1500000000000001,17633100,20360104.099999353,0,1.1500000000000001,1.149,51500,1.1500000000000001,1600,1.1480000000000001,259800,1.151,73300,1.147,314300,1.1520000000000001,182700,1.2710000000000001,1.04,0.0,0.0
250,20241022,159892,2,恒生生物,0.52,0.519,536385300,280693850.2999959,0,0.524,0.523,6217300,0.524,7529300,0.522,8827000,0.525,9057800,0.521,6529900,0.526,11437400,0.5720000000000001,0.468,0.0,0.0
251,20241022,159901,2,深100ETF,2.801,2.799,116482600,327270045.2999985,0,2.825,2.824,600,2.826,25200,2.822,288000,2.827,98100,2.821,164200,2.828,243900,3.081,2.521,0.0,0.0
252,20241022,159905,2,深红利,1.897,1.887,18423700,35352462.59999968,0,1.923,1.923,325400,1.924,1400,1.922,336700,1.925,117200,1.921,485000,1.926,111400,2.087,1.707,0.0,0.0
253,20241022,159915,2,创业板,2.167,2.158,477591800,1034182471.7000031,0,2.176,2.176,1711400,2.177,5055300,2.1750000000000003,1167600,2.178,4702800,2.174,1540200,2.179,3805200,2.6,1.734,0.0,0.0
254,20241022,159919,2,沪深300,4.117,4.1,220522600,909985570.4000039,0,4.1370000000000005,4.1370000000000005,282100,4.138,180600,4.135,2600,4.139,103200,4.134,1100,4.14,552700,4.529,3.705,0.0,0.0
255,20241022,159920,2,恒生ETF,1.245,1.245,891644800,1114821106.5000255,0,1.2510000000000001,1.2510000000000001,238800,1.252,10036700,1.25,3016800,1.2530000000000001,6481200,1.249,2013000,1.254,8064500,1.37,1.121,0.0,0.0
256,20241022,159922,2,500ETF,6.016,6.008,187465400,1129335148.6999915,0,6.07,6.061,201000,6.074,34300,6.0600000000000005,200,6.075,1500,6.046,1200,6.0760000000000005,300,6.618,5.414,0.0,0.0
257,20241022,159925,2,南方300,3.942,3.932,108891300,430345580.1000045,0,3.962,3.96,114900,3.963,1500,3.959,112900,3.964,49900,3.958,39900,3.9650000000000003,44000,4.336,3.548,0.0,0.0
258,20241022,159928,2,消费ETF,0.818,0.8180000000000001,134704200,110711114.40001217,0,0.8250000000000001,0.8240000000000001,327400,0.8250000000000001,191000,0.8230000000000001,1396300,0.8260000000000001,722800,0.8220000000000001,1111600,0.8270000000000001,796800,0.9,0.736,0.0,0.0
259,20241022,159929,2,医药ETF,1.326,1.321,36890000,49197176.800000094,0,1.339,1.339,147900,1.34,82700,1.338,1200,1.341,64600,1.337,55100,1.342,330700,1.459,1.193,0.0,0.0
260,20241022,159934,2,黄金ETF,5.958,5.957,31145500,185439205.2999923,0,5.9590000000000005,5.958,288600,5.9590000000000005,500,5.957,52500,5.96,21800,5.956,10500,5.961,256000,6.554,5.362,0.0,0.0
261,20241022,159937,2,黄金9999,6.011,6.0120000000000005,21252500,127675280.59999907,0,6.013,6.0120000000000005,1700,6.013,3700,6.011,50100,6.014,54200,6.01,96500,6.015000000000001,60200,6.612,5.41,0.0,0.0
262,20241022,159941,2,纳指ETF,1.099,1.102,198210300,218252190.3000258,0,1.102,1.101,513200,1.102,34339900,1.1,41323400,1.103,21063600,1.099,35672200,1.104,11105700,1.209,0.989,0.0,0.0
263,20241022,159949,2,创业板50,0.987,0.983,394515900,389491181.6999729,0,0.992,0.991,4283400,0.992,9280600,0.99,4459800,0.993,8406600,0.989,1768400,0.994,7204900,1.184,0.79,0.0,0.0
264,20241022,159952,2,创业ETF,1.324,1.32,170317800,225159933.40000156,0,1.328,1.328,191300,1.329,656900,1.327,316600,1.33,2778600,1.326,1336600,1.331,462200,1.589,1.059,0.0,0.0
265,20241022,159957,2,创业板HX,1.43,1.415,63378400,90444215.79999955,0,1.433,1.433,181100,1.434,34100,1.432,200700,1.435,338600,1.43,10100,1.436,239700,1.716,1.1440000000000001,0.0,0.0
266,20241022,159967,2,创成长,0.499,0.498,137853900,68911215.9999977,0,0.502,0.501,7832000,0.502,2295000,0.5,10489600,0.503,4534600,0.499,9372900,0.504,8980300,0.599,0.399,0.0,0.0
267,20241022,159972,2,5年地债,113.287,113.343,443100,50208720.30000002,0,113.305,113.305,200,113.325,5100,113.3,100,113.32600000000001,600,113.287,1200,113.32900000000001,200,124.616,101.958,0.0,0.0
268,20241022,159977,2,创业板TH,2.273,2.2600000000000002,68805000,156166060.3999993,0,2.282,2.2800000000000002,144200,2.282,47700,2.279,14700,2.283,10800,2.2760000000000002,1000,2.2840000000000003,17200,2.728,1.818,0.0,0.0
269,20241022,159980,2,有色ETF,1.709,1.692,24157900,40852634.00000048,0,1.694,1.694,38300,1.695,1339300,1.693,326500,1.696,270900,1.692,325100,1.697,263800,1.8800000000000001,1.538,0.0,0.0
270,20241022,159985,2,豆粕ETF,1.895,1.8920000000000001,45703800,86299062.80000302,0,1.8920000000000001,1.8900000000000001,79700,1.8920000000000001,1123000,1.889,91600,1.893,234600,1.8880000000000001,191500,1.8940000000000001,294500,2.085,1.706,0.0,0.0
271,20241022,159992,2,创新药,0.732,0.727,167827300,123298230.10000058,0,0.736,0.736,2139800,0.737,1141000,0.735,1851100,0.738,1178500,0.734,1000000,0.739,2347400,0.805,0.659,0.0,0.0
272,20241022,159993,2,龙头券商,1.203,1.197,27329100,32937174.0999998,0,1.207,1.207,317900,1.209,39000,1.206,239200,1.21,411500,1.205,68200,1.211,48800,1.323,1.083,0.0,0.0
273,20241022,159995,2,芯片ETF,1.208,1.188,412879900,493721778.5000038,0,1.201,1.2,7374700,1.201,7504200,1.199,11714900,1.202,2354600,1.198,6985800,1.203,2320800,1.329,1.087,0.0,0.0
274,20241022,159998,2,计算机,0.844,0.842,39155400,32502013.799999993,0,0.835,0.833,80100,0.836,86100,0.8320000000000001,494000,0.837,40400,0.8310000000000001,22100,0.838,8500,0.928,0.76,0.0,0.0
