,order_status,order_id,status_msg,symbol,amount,trade_amount,trade_price,order_type,direction,offset_flag,price,price_type,datetime,secondary_order_id
0,56,1082142773,,123054.SZ,300,300,146.04,24,48,49,146.04,50,20241017 11:14:58,1082142773
1,56,1082143660,,002921.SZ,1900,1900,10.48,24,48,49,10.48,50,20241017 11:18:25,1082143660
2,56,1082143662,,300665.SZ,3200,3200,6.23,24,48,49,6.23,50,20241017 11:18:25,1082143662
3,56,1082143666,,300749.SZ,6000,6000,6.23,24,48,49,6.23,50,20241017 11:18:26,1082143666
4,55,1082143669,,301273.SZ,1100,500,17.41,24,48,49,17.41,50,20241017 11:18:26,1082143669
5,56,1082143670,,603159.SH,1800,1800,10.62,23,48,48,10.62,50,20241017 11:18:25,1082143670
6,56,1082143671,,300417.SZ,1700,1700,11.55,23,48,48,11.55,50,20241017 11:18:25,1082143671
7,56,1082143673,,603022.SH,2800,2800,6.94,23,48,48,6.94,50,20241017 11:18:26,1082143673
8,56,1082143694,,002921.SZ,1900,1900,10.47,24,48,49,10.47,50,20241017 11:18:28,1082143694
9,56,1082143695,,300069.SZ,1300,1300,14.71,24,48,49,14.71,50,20241017 11:18:28,1082143695
10,55,1082143696,,300535.SZ,1100,500,16.92,24,48,49,16.92,50,20241017 11:18:28,1082143696
11,56,1082143697,,300665.SZ,3200,3200,6.23,24,48,49,6.23,50,20241017 11:18:28,1082143697
12,55,1082143698,,301273.SZ,1100,500,17.41,24,48,49,17.41,50,20241017 11:18:28,1082143698
13,56,1082143700,,603159.SH,1800,1800,10.62,23,48,48,10.620000000000001,50,20241017 11:18:28,1082143700
14,56,1082143701,,300417.SZ,1700,1700,11.55,23,48,48,11.55,50,20241017 11:18:28,1082143701
15,56,1082143702,,603022.SH,2800,2800,6.94,23,48,48,6.94,50,20241017 11:18:28,1082143702
16,56,1082143705,,002921.SZ,1900,1900,10.47,24,48,49,10.47,50,20241017 11:18:30,1082143705
17,56,1082143709,,300069.SZ,1300,1300,14.71,24,48,49,14.71,50,20241017 11:18:30,1082143709
18,55,1082143711,,300535.SZ,1100,500,16.92,24,48,49,16.92,50,20241017 11:18:30,1082143711
19,56,1082143716,,300665.SZ,3200,3200,6.23,24,48,49,6.23,50,20241017 11:18:31,1082143716
20,55,1082143717,,301273.SZ,1100,500,17.41,24,48,49,17.41,50,20241017 11:18:31,1082143717
21,56,1082143718,,603159.SH,1800,1800,10.62,23,48,48,10.62,50,20241017 11:18:30,1082143718
22,56,1082143720,,300417.SZ,1700,1700,11.55,23,48,48,11.55,50,20241017 11:18:31,1082143720
23,56,1082143725,,603022.SH,2800,2800,6.94,23,48,48,6.94,50,20241017 11:18:30,1082143725
24,56,1082143730,,002921.SZ,1900,1900,10.47,24,48,49,10.47,50,20241017 11:18:33,1082143730
25,56,1082143732,,300069.SZ,1300,1300,14.71,24,48,49,14.71,50,20241017 11:18:33,1082143732
26,55,1082143733,,300535.SZ,1100,500,16.92,24,48,49,16.92,50,20241017 11:18:33,1082143733
27,56,1082143740,,300665.SZ,3200,3200,6.23,24,48,49,6.23,50,20241017 11:18:33,1082143740
28,55,1082143744,,301273.SZ,1100,500,17.41,24,48,49,17.41,50,20241017 11:18:34,1082143744
29,56,1082143745,,603159.SH,1800,1800,10.62,23,48,48,10.62,50,20241017 11:18:33,1082143745
30,56,1082143746,,300417.SZ,1700,1700,11.55,23,48,48,11.55,50,20241017 11:18:33,1082143746
31,56,1082143747,,603022.SH,3200,3200,6.94,23,48,48,6.94,50,20241017 11:18:33,1082143747
32,56,1082143750,,002921.SZ,1900,1900,10.47,24,48,49,10.47,50,20241017 11:18:36,1082143750
33,55,1082143753,,300535.SZ,1100,500,16.92,24,48,49,16.92,50,20241017 11:18:36,1082143753
34,56,1082143752,,300069.SZ,1300,1300,14.71,24,48,49,14.71,50,20241017 11:18:36,1082143752
35,56,1082143759,,300665.SZ,3200,3200,6.23,24,48,49,6.23,50,20241017 11:18:36,1082143759
36,55,1082143761,,301273.SZ,1100,500,17.41,24,48,49,17.41,50,20241017 11:18:37,1082143761
37,56,1082143762,,603159.SH,1800,1800,10.62,23,48,48,10.620000000000001,50,20241017 11:18:37,1082143762
38,56,1082143764,,300417.SZ,1700,1700,11.55,23,48,48,11.55,50,20241017 11:18:36,1082143764
39,56,1082143768,,002921.SZ,1900,1900,10.47,24,48,49,10.47,50,20241017 11:18:39,1082143768
40,55,1082143769,,300535.SZ,1100,500,16.92,24,48,49,16.92,50,20241017 11:18:39,1082143769
41,56,1082143771,,300665.SZ,3200,3200,6.23,24,48,49,6.23,50,20241017 11:18:39,1082143771
42,55,1082143775,,301273.SZ,1100,500,17.41,24,48,49,17.41,50,20241017 11:18:40,1082143775
43,56,1082143777,,603159.SH,1800,1800,10.62,23,48,48,10.620000000000001,50,20241017 11:18:40,1082143777
44,56,1082143780,,300417.SZ,1700,1700,11.55,23,48,48,11.55,50,20241017 11:18:40,1082143780
45,56,1082143782,,002921.SZ,1900,1900,10.47,24,48,49,10.47,50,20241017 11:18:41,1082143782
46,55,1082143785,,300535.SZ,1100,500,16.92,24,48,49,16.92,50,20241017 11:18:42,1082143785
47,56,1082143786,,300665.SZ,3200,3200,6.23,24,48,49,6.23,50,20241017 11:18:42,1082143786
48,55,1082143787,,301273.SZ,1100,500,17.41,24,48,49,17.41,50,20241017 11:18:42,1082143787
49,56,1082143790,,603159.SH,1800,1800,10.62,23,48,48,10.620000000000001,50,20241017 11:18:42,1082143790
50,56,1082143791,,300417.SZ,1700,1700,11.55,23,48,48,11.55,50,20241017 11:18:42,1082143791
51,56,1082143795,,002921.SZ,1900,1900,10.47,24,48,49,10.47,50,20241017 11:18:44,1082143795
52,55,1082143797,,300535.SZ,1100,500,16.92,24,48,49,16.92,50,20241017 11:18:44,1082143797
53,56,1082143798,,300665.SZ,3200,3200,6.23,24,48,49,6.23,50,20241017 11:18:44,1082143798
54,55,1082143799,,301273.SZ,1100,500,17.41,24,48,49,17.41,50,20241017 11:18:44,1082143799
55,56,1082143800,,603159.SH,1800,1800,10.62,23,48,48,10.62,50,20241017 11:18:43,1082143800
56,56,1082143801,,300417.SZ,1700,1700,11.55,23,48,48,11.55,50,20241017 11:18:43,1082143801
57,56,1082143823,,002921.SZ,1900,1900,10.47,24,48,49,10.47,50,20241017 11:18:47,1082143823
58,55,1082143824,,300535.SZ,1100,500,16.92,24,48,49,16.92,50,20241017 11:18:47,1082143824
59,56,1082143825,,300665.SZ,3200,3200,6.23,24,48,49,6.23,50,20241017 11:18:47,1082143825
60,55,1082143826,,301273.SZ,1100,500,17.41,24,48,49,17.41,50,20241017 11:18:47,1082143826
61,56,1082143829,,603159.SH,1800,1800,10.62,23,48,48,10.62,50,20241017 11:18:47,1082143829
62,56,1082143830,,300417.SZ,1700,1700,11.55,23,48,48,11.55,50,20241017 11:18:47,1082143830
63,56,1082143843,,002921.SZ,1900,1900,10.47,24,48,49,10.47,50,20241017 11:18:49,1082143843
64,55,1082143844,,300535.SZ,1100,500,16.92,24,48,49,16.92,50,20241017 11:18:50,1082143844
65,56,1082143846,,300665.SZ,3200,3200,6.23,24,48,49,6.23,50,20241017 11:18:50,1082143846
66,55,1082143847,,301273.SZ,1100,500,17.41,24,48,49,17.41,50,20241017 11:18:50,1082143847
67,56,1082143848,,603159.SH,1800,1800,10.62,23,48,48,10.62,50,20241017 11:18:49,1082143848
68,56,1082143849,,300417.SZ,1700,1700,11.55,23,48,48,11.55,50,20241017 11:18:49,1082143849
69,56,1082143858,,002921.SZ,1900,1900,10.47,24,48,49,10.47,50,20241017 11:18:52,1082143858
70,55,1082143861,,300535.SZ,1100,500,16.92,24,48,49,16.92,50,20241017 11:18:52,1082143861
71,56,1082143864,,300665.SZ,3200,3200,6.23,24,48,49,6.23,50,20241017 11:18:52,1082143864
72,55,1082143865,,301273.SZ,1100,500,17.41,24,48,49,17.41,50,20241017 11:18:52,1082143865
73,56,1082143867,,603159.SH,1800,1800,10.62,23,48,48,10.62,50,20241017 11:18:52,1082143867
74,56,1082143868,,300417.SZ,1700,1700,11.55,23,48,48,11.55,50,20241017 11:18:52,1082143868
75,56,1082143873,,002921.SZ,1900,1900,10.47,24,48,49,10.47,50,20241017 11:18:54,1082143873
76,55,1082143877,,300535.SZ,1100,500,16.92,24,48,49,16.92,50,20241017 11:18:54,1082143877
77,56,1082143879,,300665.SZ,3200,3200,6.22,24,48,49,6.22,50,20241017 11:18:54,1082143879
78,55,1082143882,,301273.SZ,1100,500,17.41,24,48,49,17.41,50,20241017 11:18:55,1082143882
79,56,1082143884,,300899.SZ,9000,9000,20.98,23,48,48,20.98,50,20241017 11:18:56,1082143884
80,56,1082143885,,603159.SH,1800,1800,10.62,23,48,48,10.620000000000001,50,20241017 11:18:56,1082143885
81,56,1082143886,,300417.SZ,1700,1700,11.55,23,48,48,11.55,50,20241017 11:18:56,1082143886
82,56,1082143889,,002921.SZ,1900,1900,10.47,24,48,49,10.47,50,20241017 11:18:57,1082143889
83,55,1082143892,,300535.SZ,1100,500,16.92,24,48,49,16.92,50,20241017 11:18:57,1082143892
84,56,1082143896,,300665.SZ,3200,3200,6.22,24,48,49,6.22,50,20241017 11:18:58,1082143896
85,55,1082143899,,301273.SZ,1100,500,17.41,24,48,49,17.41,50,20241017 11:18:58,1082143899
86,57,1082143900,[88999][其他错误],300899.SZ,900,0,0.0,23,48,48,20.98,50,20241017 11:18:57,1082143900
87,56,1082143901,,603159.SH,1800,1800,10.62,23,48,48,10.620000000000001,50,20241017 11:18:58,1082143901
88,56,1082143902,,300417.SZ,1700,1700,11.55,23,48,48,11.55,50,20241017 11:18:57,1082143902
89,56,1082143920,,002921.SZ,1900,1900,10.47,24,48,49,10.47,50,20241017 11:19:02,1082143920
90,55,1082143921,,300535.SZ,1100,500,16.93,24,48,49,16.93,50,20241017 11:19:02,1082143921
91,56,1082143922,,300665.SZ,3200,3200,6.22,24,48,49,6.22,50,20241017 11:19:02,1082143922
92,55,1082143925,,301273.SZ,1100,500,17.41,24,48,49,17.41,50,20241017 11:19:03,1082143925
93,56,1082143926,,600137.SH,1400,1400,13.64,23,48,48,13.64,50,20241017 11:19:02,1082143926
94,50,1082143927,,300877.SZ,1500,0,0.0,23,48,48,12.99,50,20241017 11:19:02,1082143927
95,56,1082143928,,301010.SZ,1400,1400,13.41,23,48,48,13.41,50,20241017 11:19:03,1082143928
96,57,1082143929,其他错误,300899.SZ,900,0,0.0,23,48,48,20.98,50,20241017 11:19:03,1082143929
97,56,1082143932,,603159.SH,1800,1800,10.62,23,48,48,10.620000000000001,50,20241017 11:19:03,1082143932
98,56,1082143933,,300417.SZ,1700,1700,11.55,23,48,48,11.55,50,20241017 11:19:04,1082143933
99,56,1082143938,,002921.SZ,1900,1900,10.47,24,48,49,10.47,50,20241017 11:19:05,1082143938
100,56,1082143954,,300535.SZ,1700,1700,16.93,24,48,49,16.93,50,20241017 11:19:06,1082143954
101,56,1082143955,,300665.SZ,3200,3200,6.22,24,48,49,6.22,50,20241017 11:19:07,1082143955
102,55,1082143959,,301273.SZ,1100,500,17.41,24,48,49,17.41,50,20241017 11:19:07,1082143959
103,56,1082143968,,600137.SH,1400,1400,13.64,23,48,48,13.64,50,20241017 11:19:07,1082143968
104,50,1082143969,,300877.SZ,1500,0,0.0,23,48,48,12.99,50,20241017 11:19:07,1082143969
105,56,1082143970,,301010.SZ,1400,1400,13.41,23,48,48,13.41,50,20241017 11:19:08,1082143970
106,57,1082143971,其他错误,300899.SZ,900,0,0.0,23,48,48,20.98,50,20241017 11:19:08,1082143971
107,56,1082143973,,603159.SH,1800,1800,10.62,23,48,48,10.620000000000001,50,20241017 11:19:09,1082143973
108,56,1082143974,,300417.SZ,1700,1700,11.55,23,48,48,11.55,50,20241017 11:19:09,1082143974
109,56,1082143986,,002921.SZ,1900,1900,10.47,24,48,49,10.47,50,20241017 11:19:10,1082143986
110,56,1082143987,,300665.SZ,3200,3200,6.22,24,48,49,6.22,50,20241017 11:19:10,1082143987
111,55,1082143988,,301273.SZ,1100,500,17.41,24,48,49,17.41,50,20241017 11:19:10,1082143988
112,56,1082143989,,600137.SH,1400,1400,13.64,23,48,48,13.64,50,20241017 11:19:10,1082143989
113,50,1082143991,,300877.SZ,1500,0,0.0,23,48,48,12.99,50,20241017 11:19:11,1082143991
114,56,1082143992,,301010.SZ,1400,1400,13.41,23,48,48,13.41,50,20241017 11:19:11,1082143992
115,57,1082143993,其他错误,300899.SZ,900,0,0.0,23,48,48,20.98,50,20241017 11:19:11,1082143993
116,56,1082143995,,603159.SH,1800,1800,10.62,23,48,48,10.620000000000001,50,20241017 11:19:12,1082143995
117,56,1082143997,,300417.SZ,1700,1700,11.55,23,48,48,11.55,50,20241017 11:19:11,1082143997
118,56,1082144009,,002921.SZ,1900,1900,10.47,24,48,49,10.47,50,20241017 11:19:13,1082144009
119,56,1082144010,,300665.SZ,3200,3200,6.22,24,48,49,6.22,50,20241017 11:19:13,1082144010
120,55,1082144012,,301273.SZ,1100,500,17.41,24,48,49,17.41,50,20241017 11:19:13,1082144012
121,56,1082144020,,600137.SH,1400,1400,13.64,23,48,48,13.64,50,20241017 11:19:12,1082144020
122,50,1082144021,,300877.SZ,1500,0,0.0,23,48,48,12.99,50,20241017 11:19:13,1082144021
123,56,1082144022,,301010.SZ,1400,1400,13.41,23,48,48,13.41,50,20241017 11:19:14,1082144022
124,57,1082144024,其他错误,300899.SZ,900,0,0.0,23,48,48,20.98,50,20241017 11:19:13,1082144024
125,56,1082144025,,603159.SH,1800,1800,10.62,23,48,48,10.620000000000001,50,20241017 11:19:14,1082144025
126,56,1082144026,,300417.SZ,1700,1700,11.55,23,48,48,11.55,50,20241017 11:19:13,1082144026
127,56,1082144036,,002921.SZ,1900,1900,10.47,24,48,49,10.47,50,20241017 11:19:15,1082144036
128,56,1082144038,,300665.SZ,3200,3200,6.22,24,48,49,6.22,50,20241017 11:19:16,1082144038
129,55,1082144039,,301273.SZ,1100,500,17.41,24,48,49,17.41,50,20241017 11:19:16,1082144039
130,56,1082144040,,600137.SH,1400,1400,13.64,23,48,48,13.64,50,20241017 11:19:16,1082144040
131,50,1082144041,,300877.SZ,1500,0,0.0,23,48,48,12.99,50,20241017 11:19:15,1082144041
132,56,1082144042,,301010.SZ,1400,1400,13.41,23,48,48,13.41,50,20241017 11:19:16,1082144042
133,57,1082144044,其他错误,300899.SZ,900,0,0.0,23,48,48,20.98,50,20241017 11:19:17,1082144044
134,56,1082144046,,300417.SZ,1700,1700,11.55,23,48,48,11.55,50,20241017 11:19:16,1082144046
135,56,1082144045,,603159.SH,1800,1800,10.62,23,48,48,10.62,50,20241017 11:19:16,1082144045
136,56,1082144049,,002921.SZ,1900,1900,10.47,24,48,49,10.47,50,20241017 11:19:18,1082144049
137,56,1082144053,,300665.SZ,5400,5400,6.22,24,48,49,6.22,50,20241017 11:19:18,1082144053
138,55,1082144062,,301273.SZ,1100,500,17.41,24,48,49,17.41,50,20241017 11:19:20,1082144062
139,57,1082144064,其他错误,300886.SZ,900,0,0.0,23,48,48,20.27,50,20241017 11:19:19,1082144064
140,56,1082144065,,600137.SH,1400,1400,13.64,23,48,48,13.64,50,20241017 11:19:20,1082144065
141,50,1082144066,,300877.SZ,1500,0,0.0,23,48,48,12.99,50,20241017 11:19:19,1082144066
142,56,1082144067,,301010.SZ,1400,1400,13.41,23,48,48,13.41,50,20241017 11:19:20,1082144067
143,57,1082144069,其他错误,300899.SZ,900,0,0.0,23,48,48,20.98,50,20241017 11:19:20,1082144069
144,56,1082144070,,603159.SH,1800,1800,10.62,23,48,48,10.620000000000001,50,20241017 11:19:21,1082144070
145,56,1082144072,,300417.SZ,1700,1700,11.55,23,48,48,11.55,50,20241017 11:19:20,1082144072
146,56,1082144082,,002921.SZ,1900,1900,10.47,24,48,49,10.47,50,20241017 11:19:23,1082144082
147,56,1082144093,,300069.SZ,1300,1300,14.69,24,48,49,14.69,50,20241017 11:19:25,1082144093
148,57,1082144094,其他错误,300886.SZ,900,0,0.0,23,48,48,20.27,50,20241017 11:19:24,1082144094
149,56,1082144095,,600137.SH,1400,1400,13.64,23,48,48,13.64,50,20241017 11:19:25,1082144095
150,50,1082144097,,300877.SZ,1500,0,0.0,23,48,48,12.99,50,20241017 11:19:25,1082144097
151,56,1082144099,,603159.SH,1800,1800,10.62,23,48,48,10.62,50,20241017 11:19:25,1082144099
152,57,1082144098,其他错误,300899.SZ,900,0,0.0,23,48,48,20.98,50,20241017 11:19:25,1082144098
153,56,1082144102,,300417.SZ,1700,1700,11.55,23,48,48,11.55,50,20241017 11:19:27,1082144102
154,56,1082144120,,002921.SZ,2600,2600,10.47,24,48,49,10.47,50,20241017 11:19:27,1082144120
155,56,1082144121,,300069.SZ,1300,1300,14.69,24,48,49,14.69,50,20241017 11:19:28,1082144121
156,57,1082144125,其他错误,300886.SZ,900,0,0.0,23,48,48,20.27,50,20241017 11:19:29,1082144125
157,56,1082144128,,600137.SH,1400,1400,13.64,23,48,48,13.64,50,20241017 11:19:30,1082144128
158,50,1082144134,,300877.SZ,1500,0,0.0,23,48,48,12.99,50,20241017 11:19:31,1082144134
159,57,1082144135,其他错误,300899.SZ,900,0,0.0,23,48,48,20.98,50,20241017 11:19:31,1082144135
160,56,1082144136,,603159.SH,1800,1800,10.62,23,48,48,10.620000000000001,50,20241017 11:19:31,1082144136
161,56,1082144139,,300417.SZ,3200,3200,11.55,23,48,48,11.55,50,20241017 11:19:30,1082144139
162,56,1082144145,,300069.SZ,1600,1600,14.69,24,48,49,14.69,50,20241017 11:19:33,1082144145
163,57,1082144146,其他错误,300886.SZ,900,0,0.0,23,48,48,20.27,50,20241017 11:19:32,1082144146
164,56,1082144154,,600137.SH,1400,1400,13.64,23,48,48,13.64,50,20241017 11:19:33,1082144154
165,50,1082144155,,300877.SZ,1500,0,0.0,23,48,48,12.99,50,20241017 11:19:34,1082144155
166,57,1082144178,其他错误,300886.SZ,900,0,0.0,23,48,48,20.27,50,20241017 11:19:41,1082144178
167,50,1082144179,,300877.SZ,1500,0,0.0,23,48,48,12.99,50,20241017 11:19:40,1082144179
168,57,1082144180,其他错误,300899.SZ,900,0,0.0,23,48,48,20.98,50,20241017 11:19:41,1082144180
169,56,1082144181,,600137.SH,1400,1400,13.64,23,48,48,13.64,50,20241017 11:19:40,1082144181
170,57,1082144185,其他错误,300886.SZ,900,0,0.0,23,48,48,20.27,50,20241017 11:19:42,1082144185
171,50,1082144186,,300877.SZ,1500,0,0.0,23,48,48,12.99,50,20241017 11:19:43,1082144186
172,57,1082144187,其他错误,300899.SZ,900,0,0.0,23,48,48,20.98,50,20241017 11:19:43,1082144187
173,56,1082144191,,600137.SH,1400,1400,13.64,23,48,48,13.64,50,20241017 11:19:43,1082144191
174,57,1082144200,其他错误,300886.SZ,900,0,0.0,23,48,48,20.27,50,20241017 11:19:47,1082144200
175,50,1082144201,,300877.SZ,1500,0,0.0,23,48,48,12.99,50,20241017 11:19:46,1082144201
176,57,1082144202,其他错误,300899.SZ,900,0,0.0,23,48,48,20.98,50,20241017 11:19:46,1082144202
177,56,1082144203,,600137.SH,1400,1400,13.64,23,48,48,13.64,50,20241017 11:19:46,1082144203
178,57,1082144209,其他错误,300886.SZ,900,0,0.0,23,48,48,20.27,50,20241017 11:19:49,1082144209
179,50,1082144210,,300877.SZ,1500,0,0.0,23,48,48,12.99,50,20241017 11:19:49,1082144210
180,57,1082144211,其他错误,300899.SZ,900,0,0.0,23,48,48,20.98,50,20241017 11:19:49,1082144211
181,56,1082144213,,600137.SH,1400,1400,13.64,23,48,48,13.64,50,20241017 11:19:49,1082144213
182,57,1082144216,其他错误,300886.SZ,900,0,0.0,23,48,48,20.27,50,20241017 11:19:51,1082144216
183,57,1082144223,其他错误,300899.SZ,900,0,0.0,23,48,48,20.98,50,20241017 11:19:50,1082144223
184,50,1082144220,,300877.SZ,1500,0,0.0,23,48,48,12.99,50,20241017 11:19:50,1082144220
185,56,1082144232,,600137.SH,1400,1400,13.64,23,48,48,13.64,50,20241017 11:19:51,1082144232
186,57,1082144235,其他错误,300886.SZ,900,0,0.0,23,48,48,20.27,50,20241017 11:19:53,1082144235
187,50,1082144236,,300877.SZ,1500,0,0.0,23,48,48,12.99,50,20241017 11:19:53,1082144236
188,57,1082144237,其他错误,300899.SZ,900,0,0.0,23,48,48,20.98,50,20241017 11:19:53,1082144237
189,56,1082144238,,600137.SH,1400,1400,13.64,23,48,48,13.64,50,20241017 11:19:53,1082144238
190,57,1082144244,其他错误,300886.SZ,900,0,0.0,23,48,48,20.27,50,20241017 11:19:54,1082144244
191,57,1082144248,其他错误,300899.SZ,900,0,0.0,23,48,48,20.98,50,20241017 11:19:55,1082144248
192,50,1082144249,,300877.SZ,1500,0,0.0,23,48,48,12.99,50,20241017 11:19:55,1082144249
193,56,1082144250,,600137.SH,1400,1400,13.64,23,48,48,13.64,50,20241017 11:19:55,1082144250
194,57,1082144261,其他错误,300886.SZ,900,0,0.0,23,48,48,20.27,50,20241017 11:19:58,1082144261
195,50,1082144263,,300877.SZ,1500,0,0.0,23,48,48,12.99,50,20241017 11:19:57,1082144263
196,57,1082144262,其他错误,300899.SZ,900,0,0.0,23,48,48,20.98,50,20241017 11:19:58,1082144262
197,56,1082144264,,600137.SH,1400,1400,13.64,23,48,48,13.64,50,20241017 11:19:57,1082144264
198,57,1082144266,其他错误,300886.SZ,900,0,0.0,23,48,48,20.27,50,20241017 11:19:59,1082144266
199,56,1082144268,,300854.SZ,1600,1600,12.46,23,48,48,12.46,50,20241017 11:19:59,1082144268
200,57,1082144270,其他错误,300899.SZ,900,0,0.0,23,48,48,20.98,50,20241017 11:20:00,1082144270
201,50,1082144271,,300877.SZ,1500,0,0.0,23,48,48,12.99,50,20241017 11:19:59,1082144271
202,56,1082144272,,600137.SH,1400,1400,13.64,23,48,48,13.64,50,20241017 11:19:59,1082144272
203,57,1082144280,其他错误,300886.SZ,900,0,0.0,23,48,48,20.27,50,20241017 11:20:01,1082144280
204,56,1082144282,,300854.SZ,1600,1600,12.46,23,48,48,12.46,50,20241017 11:20:02,1082144282
205,57,1082144284,其他错误,300899.SZ,900,0,0.0,23,48,48,20.98,50,20241017 11:20:02,1082144284
206,50,1082144286,,300877.SZ,1500,0,0.0,23,48,48,12.99,50,20241017 11:20:03,1082144286
207,56,1082144291,,301167.SZ,14000,14000,13.88,23,48,48,13.88,50,20241017 11:20:03,1082144291
208,56,1082144292,,300854.SZ,1600,1600,12.46,23,48,48,12.46,50,20241017 11:20:04,1082144292
209,57,1082144293,其他错误,300899.SZ,900,0,0.0,23,48,48,20.98,50,20241017 11:20:04,1082144293
210,50,1082144294,,300877.SZ,1500,0,0.0,23,48,48,12.99,50,20241017 11:20:04,1082144294
211,57,1082144298,其他错误,300886.SZ,900,0,0.0,23,48,48,20.26,50,20241017 11:20:06,1082144298
212,57,1082144299,其他错误,300899.SZ,900,0,0.0,23,48,48,20.98,50,20241017 11:20:05,1082144299
213,57,1082144302,其他错误,300886.SZ,900,0,0.0,23,48,48,20.26,50,20241017 11:20:08,1082144302
214,57,1082144303,其他错误,300899.SZ,900,0,0.0,23,48,48,20.98,50,20241017 11:20:08,1082144303
215,57,1082144307,其他错误,300886.SZ,900,0,0.0,23,48,48,20.26,50,20241017 11:20:08,1082144307
216,57,1082144308,其他错误,300899.SZ,900,0,0.0,23,48,48,20.98,50,20241017 11:20:09,1082144308
217,57,1082144318,其他错误,300886.SZ,900,0,0.0,23,48,48,20.26,50,20241017 11:20:10,1082144318
218,57,1082144319,其他错误,300899.SZ,900,0,0.0,23,48,48,20.98,50,20241017 11:20:10,1082144319
219,57,1082144336,其他错误,300886.SZ,900,0,0.0,23,48,48,20.26,50,20241017 11:20:13,1082144336
220,57,1082144337,其他错误,300899.SZ,900,0,0.0,23,48,48,20.98,50,20241017 11:20:13,1082144337
221,57,1082144340,其他错误,300886.SZ,900,0,0.0,23,48,48,20.26,50,20241017 11:20:13,1082144340
222,57,1082144341,其他错误,300899.SZ,900,0,0.0,23,48,48,20.98,50,20241017 11:20:14,1082144341
223,57,1082144348,其他错误,300886.SZ,900,0,0.0,23,48,48,20.26,50,20241017 11:20:16,1082144348
224,56,1082144351,,300899.SZ,1000,1000,20.98,23,48,48,20.98,50,20241017 11:20:17,1082144351
225,56,1082144354,,301010.SZ,1400,1400,13.34,23,48,48,13.34,50,20241017 11:20:18,1082144354
226,57,1082144356,其他错误,300886.SZ,900,0,0.0,23,48,48,20.26,50,20241017 11:20:18,1082144356
227,56,1082144362,,301010.SZ,1400,1400,13.34,23,48,48,13.34,50,20241017 11:20:20,1082144362
228,57,1082144368,其他错误,300886.SZ,900,0,0.0,23,48,48,20.26,50,20241017 11:20:25,1082144368
229,56,1082144371,,301010.SZ,1400,1400,13.34,23,48,48,13.34,50,20241017 11:20:26,1082144371
230,57,1082144372,其他错误,300886.SZ,900,0,0.0,23,48,48,20.26,50,20241017 11:20:26,1082144372
231,56,1082144376,,301010.SZ,1400,1400,13.34,23,48,48,13.34,50,20241017 11:20:28,1082144376
232,57,1082144377,其他错误,300886.SZ,900,0,0.0,23,48,48,20.26,50,20241017 11:20:28,1082144377
233,56,1082144388,,301010.SZ,1400,1400,13.34,23,48,48,13.34,50,20241017 11:20:29,1082144388
234,57,1082144389,[88999][其他错误],300886.SZ,900,0,0.0,23,48,48,20.26,50,20241017 11:20:29,1082144389
235,56,1082144397,,301010.SZ,1400,1400,13.34,23,48,48,13.34,50,20241017 11:20:32,1082144397
236,57,1082144398,其他错误,300886.SZ,900,0,0.0,23,48,48,20.26,50,20241017 11:20:32,1082144398
237,56,1082144413,,301010.SZ,1400,1400,13.34,23,48,48,13.34,50,20241017 11:20:33,1082144413
238,57,1082144415,其他错误,300886.SZ,900,0,0.0,23,48,48,20.26,50,20241017 11:20:33,1082144415
239,56,1082144431,,301010.SZ,1400,1400,13.34,23,48,48,13.34,50,20241017 11:20:35,1082144431
240,57,1082144434,其他错误,300886.SZ,900,0,0.0,23,48,48,20.26,50,20241017 11:20:36,1082144434
241,56,1082144446,,301010.SZ,1400,1400,13.34,23,48,48,13.34,50,20241017 11:20:37,1082144446
242,56,1082144447,,300886.SZ,1900,1900,20.26,23,48,48,20.26,50,20241017 11:20:37,1082144447
243,56,1082144452,,301010.SZ,1400,1400,13.34,23,48,48,13.34,50,20241017 11:20:38,1082144452
244,56,1082144454,,301010.SZ,2100,2100,13.34,23,48,48,13.34,50,20241017 11:20:40,1082144454
245,56,1082144984,,600137.SH,1400,1400,13.61,24,48,49,13.61,50,20241017 11:23:37,1082144984
246,56,1082144985,,600455.SH,9000,9000,20.36,24,48,49,20.36,50,20241017 11:23:37,1082144985
247,56,1082144986,,600493.SH,42000,42000,4.75,24,48,49,4.75,50,20241017 11:23:38,1082144986
248,56,1082144988,,603022.SH,28000,28000,6.93,24,48,49,6.93,50,20241017 11:23:38,1082144988
249,56,1082144989,,603045.SH,17000,17000,11.29,24,48,49,11.290000000000001,50,20241017 11:23:38,1082144989
250,56,1082144991,,603159.SH,1800,1800,10.59,24,48,49,10.59,50,20241017 11:23:38,1082144991
251,56,1082144994,,000638.SZ,46000,46000,4.31,24,48,49,4.3100000000000005,50,20241017 11:23:38,1082144994
252,56,1082144995,,002188.SZ,44000,44000,4.48,24,48,49,4.48,50,20241017 11:23:38,1082144995
253,56,1082144998,,002295.SZ,34000,34000,5.73,24,48,49,5.73,50,20241017 11:23:39,1082144998
254,56,1082144999,,002853.SZ,25000,25000,7.97,24,48,49,7.97,50,20241017 11:23:39,1082144999
255,56,1082145001,,300854.SZ,1600,1600,12.45,24,48,49,12.450000000000001,50,20241017 11:23:39,1082145001
256,56,1082145000,,300478.SZ,23000,23000,8.61,24,48,49,8.61,50,20241017 11:23:39,1082145000
257,50,1082145004,,300877.SZ,1500,0,0.0,24,48,49,12.94,50,20241017 11:23:39,1082145004
258,57,1082145006,其他错误,300899.SZ,900,0,0.0,24,48,49,20.95,50,20241017 11:23:40,1082145006
259,56,1082145007,,300948.SZ,18000,18000,10.74,24,48,49,10.74,50,20241017 11:23:40,1082145007
260,50,1082145008,,301010.SZ,1500,0,0.0,24,48,49,13.33,50,20241017 11:23:40,1082145008
261,56,1082145010,,301027.SZ,19000,19000,10.13,24,48,49,10.13,50,20241017 11:23:41,1082145010
262,56,1082145011,,301098.SZ,23000,23000,8.4,24,48,49,8.4,50,20241017 11:23:41,1082145011
263,56,1082145014,,003017.SZ,11000,11000,18.07,23,48,48,18.07,50,20241017 11:23:41,1082145014
264,56,1082145034,,600137.SH,1400,1400,13.61,24,48,49,13.61,50,20241017 11:23:44,1082145034
265,56,1082145035,,600455.SH,9000,9000,20.36,24,48,49,20.36,50,20241017 11:23:44,1082145035
266,56,1082145036,,600493.SH,42000,42000,4.75,24,48,49,4.75,50,20241017 11:23:44,1082145036
267,56,1082145037,,603022.SH,2800,2800,6.93,24,48,49,6.93,50,20241017 11:23:44,1082145037
268,56,1082145038,,603045.SH,17000,17000,11.29,24,48,49,11.290000000000001,50,20241017 11:23:44,1082145038
269,56,1082145040,,603159.SH,1800,1800,10.59,24,48,49,10.59,50,20241017 11:23:45,1082145040
270,56,1082145042,,000638.SZ,46000,46000,4.31,24,48,49,4.3100000000000005,50,20241017 11:23:45,1082145042
271,56,1082145043,,002188.SZ,4400,4400,4.48,24,48,49,4.48,50,20241017 11:23:45,1082145043
272,56,1082145047,,002853.SZ,25000,25000,7.97,24,48,49,7.97,50,20241017 11:23:45,1082145047
273,56,1082145046,,002295.SZ,34000,34000,5.73,24,48,49,5.73,50,20241017 11:23:45,1082145046
274,56,1082145049,,300478.SZ,23000,23000,8.61,24,48,49,8.61,50,20241017 11:23:46,1082145049
275,56,1082145059,,300854.SZ,1600,1600,12.45,24,48,49,12.450000000000001,50,20241017 11:23:46,1082145059
276,50,1082145060,,300877.SZ,1500,0,0.0,24,48,49,12.94,50,20241017 11:23:46,1082145060
277,57,1082145062,其他错误,300899.SZ,900,0,0.0,24,48,49,20.95,50,20241017 11:23:47,1082145062
278,56,1082145063,,300948.SZ,18000,18000,10.74,24,48,49,10.74,50,20241017 11:23:47,1082145063
279,50,1082145064,,301010.SZ,1500,0,0.0,24,48,49,13.33,50,20241017 11:23:47,1082145064
280,56,1082145065,,301027.SZ,19000,19000,10.13,24,48,49,10.13,50,20241017 11:23:47,1082145065
281,56,1082145067,,301098.SZ,23000,23000,8.4,24,48,49,8.4,50,20241017 11:23:47,1082145067
282,56,1082145069,,003017.SZ,11000,11000,18.07,23,48,48,18.07,50,20241017 11:23:48,1082145069
283,56,1082145073,,600137.SH,1400,1400,13.61,24,48,49,13.61,50,20241017 11:23:49,1082145073
284,56,1082145074,,600455.SH,9000,9000,20.36,24,48,49,20.36,50,20241017 11:23:49,1082145074
285,56,1082145076,,600493.SH,4200,4200,4.75,24,48,49,4.75,50,20241017 11:23:49,1082145076
286,56,1082145077,,603022.SH,2800,2800,6.93,24,48,49,6.93,50,20241017 11:23:50,1082145077
287,56,1082145079,,603045.SH,1700,1700,11.29,24,48,49,11.290000000000001,50,20241017 11:23:50,1082145079
288,56,1082145080,,603159.SH,1800,1800,10.59,24,48,49,10.59,50,20241017 11:23:50,1082145080
289,56,1082145081,,000638.SZ,4600,4600,4.31,24,48,49,4.3100000000000005,50,20241017 11:23:50,1082145081
290,56,1082145082,,002188.SZ,4400,4400,4.48,24,48,49,4.48,50,20241017 11:23:50,1082145082
291,56,1082145083,,002295.SZ,3400,3400,5.73,24,48,49,5.73,50,20241017 11:23:50,1082145083
292,56,1082145086,,002853.SZ,2500,2500,7.97,24,48,49,7.97,50,20241017 11:23:51,1082145086
293,56,1082145087,,300478.SZ,2300,2300,8.61,24,48,49,8.61,50,20241017 11:23:51,1082145087
294,56,1082145088,,300854.SZ,1600,1600,12.45,24,48,49,12.450000000000001,50,20241017 11:23:51,1082145088
295,50,1082145089,,300877.SZ,1500,0,0.0,24,48,49,12.94,50,20241017 11:23:51,1082145089
296,57,1082145092,其他错误,300899.SZ,900,0,0.0,24,48,49,20.95,50,20241017 11:23:51,1082145092
297,56,1082145094,,300948.SZ,1800,1800,10.74,24,48,49,10.74,50,20241017 11:23:52,1082145094
298,50,1082145095,,301010.SZ,1500,0,0.0,24,48,49,13.33,50,20241017 11:23:51,1082145095
299,56,1082145096,,301027.SZ,1900,1900,10.13,24,48,49,10.13,50,20241017 11:23:52,1082145096
300,56,1082145097,,301098.SZ,2300,2300,8.4,24,48,49,8.4,50,20241017 11:23:52,1082145097
301,55,1082145098,,003017.SZ,1100,500,18.07,23,48,48,18.07,50,20241017 11:23:53,1082145098
302,56,1082145102,,600137.SH,1400,1400,13.61,24,48,49,13.61,50,20241017 11:23:54,1082145102
303,57,1082145107,内部错误，请联,600455.SH,900,0,0.0,24,48,49,20.36,50,20241017 11:23:54,1082145107
304,56,1082145108,,600493.SH,4200,4200,4.75,24,48,49,4.75,50,20241017 11:23:55,1082145108
305,56,1082145109,,603022.SH,2800,2800,6.93,24,48,49,6.93,50,20241017 11:23:55,1082145109
306,56,1082145112,,603045.SH,1700,1700,11.29,24,48,49,11.290000000000001,50,20241017 11:23:55,1082145112
307,56,1082145113,,603159.SH,1800,1800,10.59,24,48,49,10.59,50,20241017 11:23:55,1082145113
308,56,1082145114,,000638.SZ,4600,4600,4.31,24,48,49,4.3100000000000005,50,20241017 11:23:55,1082145114
309,56,1082145115,,002188.SZ,4400,4400,4.48,24,48,49,4.48,50,20241017 11:23:55,1082145115
310,56,1082145116,,002295.SZ,3400,3400,5.73,24,48,49,5.73,50,20241017 11:23:56,1082145116
311,56,1082145118,,002853.SZ,2500,2500,7.97,24,48,49,7.97,50,20241017 11:23:56,1082145118
312,56,1082145119,,300478.SZ,2300,2300,8.61,24,48,49,8.61,50,20241017 11:23:56,1082145119
313,56,1082145122,,300854.SZ,1600,1600,12.45,24,48,49,12.450000000000001,50,20241017 11:23:57,1082145122
314,50,1082145123,,300877.SZ,1500,0,0.0,24,48,49,12.94,50,20241017 11:23:57,1082145123
315,57,1082145124,其他错误,300899.SZ,900,0,0.0,24,48,49,20.95,50,20241017 11:23:57,1082145124
316,56,1082145129,,300948.SZ,1800,1800,10.74,24,48,49,10.74,50,20241017 11:23:59,1082145129
317,50,1082145130,,301010.SZ,1500,0,0.0,24,48,49,13.33,50,20241017 11:23:59,1082145130
318,56,1082145131,,301027.SZ,1900,1900,10.13,24,48,49,10.13,50,20241017 11:24:00,1082145131
319,56,1082145134,,301098.SZ,2300,2300,8.4,24,48,49,8.4,50,20241017 11:24:00,1082145134
320,55,1082145135,,003017.SZ,1100,500,18.07,23,48,48,18.07,50,20241017 11:23:59,1082145135
321,56,1082145138,,600137.SH,1400,1400,13.61,24,48,49,13.61,50,20241017 11:24:01,1082145138
322,57,1082145139,内部错误，请联,600455.SH,900,0,0.0,24,48,49,20.36,50,20241017 11:24:01,1082145139
323,56,1082145140,,600493.SH,4200,4200,4.75,24,48,49,4.75,50,20241017 11:24:02,1082145140
324,56,1082145142,,603022.SH,2800,2800,6.93,24,48,49,6.93,50,20241017 11:24:02,1082145142
325,56,1082145143,,603045.SH,1700,1700,11.29,24,48,49,11.290000000000001,50,20241017 11:24:02,1082145143
326,56,1082145144,,603159.SH,1800,1800,10.59,24,48,49,10.59,50,20241017 11:24:02,1082145144
327,56,1082145146,,000638.SZ,4600,4600,4.31,24,48,49,4.3100000000000005,50,20241017 11:24:02,1082145146
328,56,1082145147,,002188.SZ,4400,4400,4.48,24,48,49,4.48,50,20241017 11:24:03,1082145147
329,56,1082145150,,002295.SZ,3400,3400,5.73,24,48,49,5.73,50,20241017 11:24:03,1082145150
330,56,1082145151,,002853.SZ,2500,2500,7.97,24,48,49,7.97,50,20241017 11:24:03,1082145151
331,56,1082145152,,300478.SZ,2300,2300,8.61,24,48,49,8.61,50,20241017 11:24:03,1082145152
332,56,1082145153,,300854.SZ,1600,1600,12.45,24,48,49,12.450000000000001,50,20241017 11:24:03,1082145153
333,50,1082145154,,300877.SZ,1500,0,0.0,24,48,49,12.94,50,20241017 11:24:04,1082145154
334,57,1082145156,其他错误,300899.SZ,900,0,0.0,24,48,49,20.95,50,20241017 11:24:04,1082145156
335,56,1082145157,,300948.SZ,1800,1800,10.74,24,48,49,10.74,50,20241017 11:24:04,1082145157
336,50,1082145159,,301010.SZ,1500,0,0.0,24,48,49,13.33,50,20241017 11:24:04,1082145159
337,56,1082145160,,301027.SZ,1900,1900,10.13,24,48,49,10.13,50,20241017 11:24:05,1082145160
338,56,1082145162,,301098.SZ,2300,2300,8.4,24,48,49,8.4,50,20241017 11:24:05,1082145162
339,55,1082145163,,003017.SZ,1100,500,18.07,23,48,48,18.07,50,20241017 11:24:05,1082145163
340,56,1082145173,,600137.SH,1400,1400,13.61,24,48,49,13.61,50,20241017 11:24:07,1082145173
341,57,1082145174,内部错误，请联,600455.SH,900,0,0.0,24,48,49,20.36,50,20241017 11:24:07,1082145174
342,56,1082145175,,600493.SH,4200,4200,4.75,24,48,49,4.75,50,20241017 11:24:07,1082145175
343,56,1082145177,,603045.SH,1700,1700,11.29,24,48,49,11.290000000000001,50,20241017 11:24:07,1082145177
344,56,1082145176,,603022.SH,2800,2800,6.93,24,48,49,6.93,50,20241017 11:24:07,1082145176
345,56,1082145178,,603159.SH,1800,1800,10.59,24,48,49,10.59,50,20241017 11:24:08,1082145178
346,56,1082145180,,000638.SZ,4600,4600,4.31,24,48,49,4.3100000000000005,50,20241017 11:24:08,1082145180
347,56,1082145184,,002295.SZ,3400,3400,5.73,24,48,49,5.73,50,20241017 11:24:09,1082145184
348,56,1082145183,,002188.SZ,4400,4400,4.48,24,48,49,4.48,50,20241017 11:24:09,1082145183
349,56,1082145188,,002853.SZ,2500,2500,7.97,24,48,49,7.97,50,20241017 11:24:09,1082145188
350,56,1082145203,,300478.SZ,2300,2300,8.61,24,48,49,8.61,50,20241017 11:24:10,1082145203
351,56,1082145204,,300854.SZ,1600,1600,12.45,24,48,49,12.450000000000001,50,20241017 11:24:10,1082145204
352,50,1082145206,,300877.SZ,1500,0,0.0,24,48,49,12.94,50,20241017 11:24:10,1082145206
353,57,1082145207,其他错误,300899.SZ,900,0,0.0,24,48,49,20.95,50,20241017 11:24:10,1082145207
354,56,1082145209,,300948.SZ,1800,1800,10.74,24,48,49,10.74,50,20241017 11:24:11,1082145209
355,50,1082145210,,301010.SZ,1500,0,0.0,24,48,49,13.33,50,20241017 11:24:11,1082145210
356,56,1082145211,,301027.SZ,1900,1900,10.13,24,48,49,10.13,50,20241017 11:24:11,1082145211
357,56,1082145212,,301098.SZ,2300,2300,8.4,24,48,49,8.4,50,20241017 11:24:11,1082145212
358,55,1082145213,,003017.SZ,1100,500,18.07,23,48,48,18.07,50,20241017 11:24:10,1082145213
359,56,1082145220,,600137.SH,1400,1400,13.61,24,48,49,13.61,50,20241017 11:24:13,1082145220
360,57,1082145222,内部错误，请联,600455.SH,900,0,0.0,24,48,49,20.36,50,20241017 11:24:13,1082145222
361,56,1082145223,,600493.SH,4200,4200,4.75,24,48,49,4.75,50,20241017 11:24:13,1082145223
362,56,1082145224,,603022.SH,2800,2800,6.93,24,48,49,6.93,50,20241017 11:24:13,1082145224
363,56,1082145225,,603045.SH,1700,1700,11.29,24,48,49,11.290000000000001,50,20241017 11:24:13,1082145225
364,56,1082145230,,603159.SH,1800,1800,10.59,24,48,49,10.59,50,20241017 11:24:16,1082145230
365,56,1082145232,,000638.SZ,4600,4600,4.31,24,48,49,4.3100000000000005,50,20241017 11:24:16,1082145232
366,56,1082145233,,002188.SZ,4400,4400,4.48,24,48,49,4.48,50,20241017 11:24:16,1082145233
367,56,1082145234,,002295.SZ,3400,3400,5.73,24,48,49,5.73,50,20241017 11:24:16,1082145234
368,56,1082145236,,002853.SZ,2500,2500,7.97,24,48,49,7.97,50,20241017 11:24:17,1082145236
369,56,1082145237,,300478.SZ,2300,2300,8.61,24,48,49,8.61,50,20241017 11:24:17,1082145237
370,56,1082145238,,300854.SZ,1600,1600,12.45,24,48,49,12.450000000000001,50,20241017 11:24:17,1082145238
371,50,1082145240,,300877.SZ,1500,0,0.0,24,48,49,12.94,50,20241017 11:24:18,1082145240
372,57,1082145244,其他错误,300899.SZ,900,0,0.0,24,48,49,20.95,50,20241017 11:24:18,1082145244
373,56,1082145245,,300948.SZ,1800,1800,10.74,24,48,49,10.74,50,20241017 11:24:18,1082145245
374,50,1082145246,,301010.SZ,1500,0,0.0,24,48,49,13.33,50,20241017 11:24:18,1082145246
375,56,1082145247,,301027.SZ,1900,1900,10.13,24,48,49,10.13,50,20241017 11:24:18,1082145247
376,56,1082145248,,301098.SZ,2300,2300,8.4,24,48,49,8.4,50,20241017 11:24:18,1082145248
377,55,1082145252,,003017.SZ,1100,500,18.07,23,48,48,18.07,50,20241017 11:24:20,1082145252
378,56,1082145261,,600137.SH,1400,1400,13.61,24,48,49,13.61,50,20241017 11:24:22,1082145261
379,57,1082145262,内部错误，请联,600455.SH,900,0,0.0,24,48,49,20.36,50,20241017 11:24:22,1082145262
380,56,1082145263,,600493.SH,4200,4200,4.75,24,48,49,4.75,50,20241017 11:24:22,1082145263
381,56,1082145264,,603022.SH,2800,2800,6.93,24,48,49,6.93,50,20241017 11:24:22,1082145264
382,56,1082145265,,603045.SH,1700,1700,11.29,24,48,49,11.290000000000001,50,20241017 11:24:22,1082145265
383,56,1082145266,,603159.SH,1800,1800,10.59,24,48,49,10.59,50,20241017 11:24:22,1082145266
384,56,1082145267,,000638.SZ,4600,4600,4.31,24,48,49,4.3100000000000005,50,20241017 11:24:22,1082145267
385,56,1082145268,,002188.SZ,4400,4400,4.48,24,48,49,4.48,50,20241017 11:24:23,1082145268
386,56,1082145270,,002295.SZ,3400,3400,5.73,24,48,49,5.73,50,20241017 11:24:23,1082145270
387,56,1082145271,,002853.SZ,2500,2500,7.97,24,48,49,7.97,50,20241017 11:24:23,1082145271
388,56,1082145272,,300478.SZ,2300,2300,8.61,24,48,49,8.61,50,20241017 11:24:23,1082145272
389,56,1082145273,,300854.SZ,1600,1600,12.45,24,48,49,12.450000000000001,50,20241017 11:24:23,1082145273
390,50,1082145274,,300877.SZ,1500,0,0.0,24,48,49,12.94,50,20241017 11:24:24,1082145274
391,57,1082145277,其他错误,300899.SZ,900,0,0.0,24,48,49,20.95,50,20241017 11:24:24,1082145277
392,56,1082145282,,300948.SZ,1800,1800,10.74,24,48,49,10.74,50,20241017 11:24:26,1082145282
393,50,1082145283,,301010.SZ,1500,0,0.0,24,48,49,13.33,50,20241017 11:24:26,1082145283
394,56,1082145284,,301027.SZ,1900,1900,10.13,24,48,49,10.13,50,20241017 11:24:26,1082145284
395,56,1082145287,,301098.SZ,2300,2300,8.4,24,48,49,8.4,50,20241017 11:24:27,1082145287
396,55,1082145290,,003017.SZ,1100,500,18.07,23,48,48,18.07,50,20241017 11:24:27,1082145290
397,56,1082145307,,600137.SH,1400,1400,13.61,24,48,49,13.61,50,20241017 11:24:28,1082145307
398,57,1082145311,内部错误，请联,600455.SH,900,0,0.0,24,48,49,20.36,50,20241017 11:24:30,1082145311
399,56,1082145314,,600493.SH,4200,4200,4.75,24,48,49,4.75,50,20241017 11:24:30,1082145314
400,56,1082145315,,603022.SH,2800,2800,6.93,24,48,49,6.93,50,20241017 11:24:30,1082145315
401,56,1082145318,,603045.SH,1700,1700,11.29,24,48,49,11.290000000000001,50,20241017 11:24:30,1082145318
402,56,1082145319,,603159.SH,1800,1800,10.59,24,48,49,10.59,50,20241017 11:24:31,1082145319
403,56,1082145321,,000638.SZ,4600,4600,4.31,24,48,49,4.3100000000000005,50,20241017 11:24:31,1082145321
404,56,1082145322,,002188.SZ,4400,4400,4.48,24,48,49,4.48,50,20241017 11:24:31,1082145322
405,56,1082145324,,002853.SZ,2500,2500,7.97,24,48,49,7.97,50,20241017 11:24:31,1082145324
406,56,1082145323,,002295.SZ,3400,3400,5.73,24,48,49,5.73,50,20241017 11:24:31,1082145323
407,56,1082145329,,300854.SZ,1600,1600,12.45,24,48,49,12.450000000000001,50,20241017 11:24:32,1082145329
408,56,1082145328,,300478.SZ,2300,2300,8.61,24,48,49,8.61,50,20241017 11:24:32,1082145328
409,50,1082145330,,300877.SZ,1500,0,0.0,24,48,49,12.94,50,20241017 11:24:32,1082145330
410,57,1082145331,其他错误,300899.SZ,900,0,0.0,24,48,49,20.95,50,20241017 11:24:32,1082145331
411,56,1082145333,,300948.SZ,1800,1800,10.74,24,48,49,10.74,50,20241017 11:24:32,1082145333
412,50,1082145334,,301010.SZ,1500,0,0.0,24,48,49,13.33,50,20241017 11:24:32,1082145334
413,56,1082145337,,301027.SZ,1900,1900,10.13,24,48,49,10.13,50,20241017 11:24:33,1082145337
414,56,1082145338,,301098.SZ,2300,2300,8.4,24,48,49,8.4,50,20241017 11:24:33,1082145338
415,55,1082145339,,003017.SZ,1100,500,18.07,23,48,48,18.07,50,20241017 11:24:33,1082145339
416,56,1082145344,,600137.SH,1400,1400,13.61,24,48,49,13.61,50,20241017 11:24:35,1082145344
417,57,1082145353,内部错误，请联,600455.SH,900,0,0.0,24,48,49,20.36,50,20241017 11:24:37,1082145353
418,56,1082145354,,600493.SH,4200,4200,4.75,24,48,49,4.75,50,20241017 11:24:37,1082145354
419,56,1082145355,,603022.SH,2800,2800,6.93,24,48,49,6.93,50,20241017 11:24:37,1082145355
420,56,1082145356,,603045.SH,1700,1700,11.29,24,48,49,11.290000000000001,50,20241017 11:24:37,1082145356
421,56,1082145357,,603159.SH,1800,1800,10.59,24,48,49,10.59,50,20241017 11:24:38,1082145357
422,56,1082145359,,000638.SZ,4600,4600,4.31,24,48,49,4.3100000000000005,50,20241017 11:24:38,1082145359
423,56,1082145360,,002188.SZ,4400,4400,4.48,24,48,49,4.48,50,20241017 11:24:38,1082145360
424,56,1082145361,,002295.SZ,3400,3400,5.73,24,48,49,5.73,50,20241017 11:24:38,1082145361
425,56,1082145362,,002853.SZ,2500,2500,7.97,24,48,49,7.97,50,20241017 11:24:38,1082145362
426,56,1082145363,,300478.SZ,2300,2300,8.61,24,48,49,8.61,50,20241017 11:24:38,1082145363
427,56,1082145366,,300854.SZ,1600,1600,12.45,24,48,49,12.450000000000001,50,20241017 11:24:39,1082145366
428,50,1082145368,,300877.SZ,1500,0,0.0,24,48,49,12.94,50,20241017 11:24:41,1082145368
429,57,1082145370,其他错误,300899.SZ,900,0,0.0,24,48,49,20.95,50,20241017 11:24:41,1082145370
430,56,1082145371,,300948.SZ,1800,1800,10.74,24,48,49,10.74,50,20241017 11:24:41,1082145371
431,50,1082145372,,301010.SZ,1500,0,0.0,24,48,49,13.33,50,20241017 11:24:41,1082145372
432,56,1082145373,,301027.SZ,1900,1900,10.13,24,48,49,10.13,50,20241017 11:24:41,1082145373
433,56,1082145374,,301098.SZ,2300,2300,8.4,24,48,49,8.4,50,20241017 11:24:41,1082145374
434,55,1082145377,,003017.SZ,1100,500,18.07,23,48,48,18.07,50,20241017 11:24:41,1082145377
435,56,1082145379,,600137.SH,1400,1400,13.61,24,48,49,13.61,50,20241017 11:24:43,1082145379
436,56,1082145381,,600493.SH,4200,4200,4.75,24,48,49,4.75,50,20241017 11:24:43,1082145381
437,57,1082145380,内部错误，请联,600455.SH,900,0,0.0,24,48,49,20.36,50,20241017 11:24:43,1082145380
438,56,1082145382,,603022.SH,2800,2800,6.93,24,48,49,6.93,50,20241017 11:24:43,1082145382
439,56,1082145383,,603045.SH,1700,1700,11.29,24,48,49,11.290000000000001,50,20241017 11:24:44,1082145383
440,56,1082145385,,603159.SH,1800,1800,10.59,24,48,49,10.59,50,20241017 11:24:44,1082145385
441,56,1082145386,,000638.SZ,4600,4600,4.31,24,48,49,4.3100000000000005,50,20241017 11:24:44,1082145386
442,56,1082145387,,002188.SZ,4400,4400,4.48,24,48,49,4.48,50,20241017 11:24:44,1082145387
443,56,1082145388,,002295.SZ,3400,3400,5.73,24,48,49,5.73,50,20241017 11:24:44,1082145388
444,56,1082145391,,002853.SZ,2500,2500,7.97,24,48,49,7.97,50,20241017 11:24:45,1082145391
445,56,1082145392,,300478.SZ,2300,2300,8.61,24,48,49,8.61,50,20241017 11:24:45,1082145392
446,56,1082145393,,300854.SZ,1600,1600,12.45,24,48,49,12.450000000000001,50,20241017 11:24:45,1082145393
447,50,1082145394,,300877.SZ,1500,0,0.0,24,48,49,12.94,50,20241017 11:24:46,1082145394
448,57,1082145396,其他错误,300899.SZ,900,0,0.0,24,48,49,20.95,50,20241017 11:24:46,1082145396
449,56,1082145397,,300948.SZ,1800,1800,10.74,24,48,49,10.74,50,20241017 11:24:46,1082145397
450,50,1082145398,,301010.SZ,1500,0,0.0,24,48,49,13.33,50,20241017 11:24:46,1082145398
451,56,1082145399,,301027.SZ,1900,1900,10.13,24,48,49,10.13,50,20241017 11:24:46,1082145399
452,56,1082145400,,301098.SZ,2300,2300,8.4,24,48,49,8.4,50,20241017 11:24:46,1082145400
453,55,1082145402,,003017.SZ,1100,500,18.07,23,48,48,18.07,50,20241017 11:24:46,1082145402
454,56,1082145405,,600137.SH,1400,1400,13.61,24,48,49,13.61,50,20241017 11:24:48,1082145405
455,57,1082145406,内部错误，请联,600455.SH,900,0,0.0,24,48,49,20.36,50,20241017 11:24:48,1082145406
456,56,1082145407,,600493.SH,4200,4200,4.75,24,48,49,4.75,50,20241017 11:24:48,1082145407
457,56,1082145409,,603022.SH,2800,2800,6.93,24,48,49,6.93,50,20241017 11:24:49,1082145409
458,56,1082145410,,603045.SH,1700,1700,11.29,24,48,49,11.290000000000001,50,20241017 11:24:49,1082145410
459,56,1082145411,,603159.SH,1800,1800,10.59,24,48,49,10.59,50,20241017 11:24:49,1082145411
460,56,1082145413,,000638.SZ,4600,4600,4.31,24,48,49,4.3100000000000005,50,20241017 11:24:49,1082145413
461,56,1082145416,,002188.SZ,4400,4400,4.48,24,48,49,4.48,50,20241017 11:24:49,1082145416
462,56,1082145417,,002295.SZ,3400,3400,5.73,24,48,49,5.73,50,20241017 11:24:50,1082145417
463,56,1082145419,,002853.SZ,2500,2500,7.97,24,48,49,7.97,50,20241017 11:24:50,1082145419
464,56,1082145421,,300478.SZ,2300,2300,8.61,24,48,49,8.61,50,20241017 11:24:50,1082145421
465,56,1082145425,,300854.SZ,1600,1600,12.45,24,48,49,12.450000000000001,50,20241017 11:24:51,1082145425
466,50,1082145427,,300877.SZ,1500,0,0.0,24,48,49,12.94,50,20241017 11:24:51,1082145427
467,57,1082145428,其他错误,300899.SZ,900,0,0.0,24,48,49,20.95,50,20241017 11:24:51,1082145428
468,56,1082145429,,300948.SZ,1800,1800,10.74,24,48,49,10.74,50,20241017 11:24:51,1082145429
469,50,1082145430,,301010.SZ,1500,0,0.0,24,48,49,13.33,50,20241017 11:24:52,1082145430
470,56,1082145432,,301027.SZ,1900,1900,10.13,24,48,49,10.13,50,20241017 11:24:52,1082145432
471,56,1082145433,,301098.SZ,2300,2300,8.4,24,48,49,8.4,50,20241017 11:24:52,1082145433
472,55,1082145434,,003017.SZ,1100,500,18.07,23,48,48,18.07,50,20241017 11:24:52,1082145434
473,56,1082145438,,600137.SH,1400,1400,13.61,24,48,49,13.61,50,20241017 11:24:53,1082145438
474,57,1082145440,内部错误，请联,600455.SH,900,0,0.0,24,48,49,20.36,50,20241017 11:24:54,1082145440
475,56,1082145441,,600493.SH,4200,4200,4.75,24,48,49,4.75,50,20241017 11:24:54,1082145441
476,56,1082145442,,603022.SH,2800,2800,6.93,24,48,49,6.93,50,20241017 11:24:54,1082145442
477,56,1082145443,,603045.SH,1700,1700,11.29,24,48,49,11.290000000000001,50,20241017 11:24:54,1082145443
478,56,1082145444,,603159.SH,1800,1800,10.59,24,48,49,10.59,50,20241017 11:24:54,1082145444
479,56,1082145447,,000638.SZ,4600,4600,4.31,24,48,49,4.31,50,20241017 11:24:53,1082145447
480,56,1082145448,,002188.SZ,4400,4400,4.48,24,48,49,4.48,50,20241017 11:24:55,1082145448
481,56,1082145450,,002295.SZ,3400,3400,5.73,24,48,49,5.73,50,20241017 11:24:55,1082145450
482,56,1082145451,,002853.SZ,2500,2500,7.97,24,48,49,7.97,50,20241017 11:24:55,1082145451
483,56,1082145453,,300478.SZ,2300,2300,8.61,24,48,49,8.61,50,20241017 11:24:55,1082145453
484,56,1082145455,,300854.SZ,1600,1600,12.45,24,48,49,12.450000000000001,50,20241017 11:24:56,1082145455
485,50,1082145457,,300877.SZ,1500,0,0.0,24,48,49,12.94,50,20241017 11:24:56,1082145457
486,57,1082145458,其他错误,300899.SZ,900,0,0.0,24,48,49,20.95,50,20241017 11:24:56,1082145458
487,56,1082145459,,300948.SZ,1800,1800,10.74,24,48,49,10.74,50,20241017 11:24:56,1082145459
488,50,1082145460,,301010.SZ,1500,0,0.0,24,48,49,13.33,50,20241017 11:24:57,1082145460
489,56,1082145463,,301027.SZ,1900,1900,10.13,24,48,49,10.13,50,20241017 11:24:57,1082145463
490,56,1082145465,,301098.SZ,2300,2300,8.4,24,48,49,8.4,50,20241017 11:24:57,1082145465
491,55,1082145467,,003017.SZ,1100,500,18.07,23,48,48,18.07,50,20241017 11:24:58,1082145467
492,56,1082145469,,600137.SH,1400,1400,13.61,24,48,49,13.61,50,20241017 11:24:58,1082145469
493,57,1082145470,内部错误，请联,600455.SH,900,0,0.0,24,48,49,20.36,50,20241017 11:24:59,1082145470
494,56,1082145472,,600493.SH,4200,4200,4.75,24,48,49,4.75,50,20241017 11:24:59,1082145472
495,56,1082145473,,603022.SH,2800,2800,6.93,24,48,49,6.93,50,20241017 11:24:59,1082145473
496,56,1082145474,,603045.SH,1700,1700,11.29,24,48,49,11.290000000000001,50,20241017 11:24:59,1082145474
497,56,1082145475,,603159.SH,3600,3600,10.59,24,48,49,10.59,50,20241017 11:24:59,1082145475
498,56,1082145481,,000638.SZ,4600,4600,4.31,24,48,49,4.3100000000000005,50,20241017 11:25:00,1082145481
499,56,1082145490,,002188.SZ,4400,4400,4.48,24,48,49,4.48,50,20241017 11:25:01,1082145490
500,56,1082145492,,002295.SZ,3400,3400,5.73,24,48,49,5.73,50,20241017 11:25:01,1082145492
501,56,1082145493,,002853.SZ,2500,2500,7.97,24,48,49,7.97,50,20241017 11:25:01,1082145493
502,56,1082145494,,300478.SZ,2300,2300,8.61,24,48,49,8.61,50,20241017 11:25:01,1082145494
503,56,1082145497,,300854.SZ,1600,1600,12.45,24,48,49,12.450000000000001,50,20241017 11:25:02,1082145497
504,50,1082145499,,300877.SZ,1500,0,0.0,24,48,49,12.94,50,20241017 11:25:02,1082145499
505,57,1082145500,其他错误,300899.SZ,900,0,0.0,24,48,49,20.95,50,20241017 11:25:02,1082145500
506,56,1082145501,,300948.SZ,1800,1800,10.74,24,48,49,10.74,50,20241017 11:25:02,1082145501
507,50,1082145503,,301010.SZ,1500,0,0.0,24,48,49,13.33,50,20241017 11:25:03,1082145503
508,56,1082145505,,301027.SZ,1900,1900,10.13,24,48,49,10.13,50,20241017 11:25:03,1082145505
509,56,1082145506,,301098.SZ,2300,2300,8.4,24,48,49,8.4,50,20241017 11:25:03,1082145506
510,55,1082145509,,003017.SZ,1100,500,18.07,23,48,48,18.07,50,20241017 11:25:04,1082145509
511,56,1082145510,,600137.SH,1400,1400,13.61,24,48,49,13.61,50,20241017 11:25:05,1082145510
512,57,1082145515,内部错误，请联,600455.SH,900,0,0.0,24,48,49,20.36,50,20241017 11:25:06,1082145515
513,56,1082145516,,600493.SH,4200,4200,4.75,24,48,49,4.75,50,20241017 11:25:06,1082145516
514,56,1082145517,,603022.SH,2800,2800,6.93,24,48,49,6.93,50,20241017 11:25:06,1082145517
515,56,1082145518,,603045.SH,1700,1700,11.29,24,48,49,11.290000000000001,50,20241017 11:25:06,1082145518
516,56,1082145519,,000638.SZ,4600,4600,4.31,24,48,49,4.3100000000000005,50,20241017 11:25:06,1082145519
517,56,1082145521,,002188.SZ,4400,4400,4.48,24,48,49,4.48,50,20241017 11:25:07,1082145521
518,56,1082145522,,002295.SZ,3400,3400,5.73,24,48,49,5.73,50,20241017 11:25:07,1082145522
519,56,1082145523,,002853.SZ,2500,2500,7.97,24,48,49,7.97,50,20241017 11:25:07,1082145523
520,56,1082145524,,300478.SZ,2300,2300,8.61,24,48,49,8.61,50,20241017 11:25:07,1082145524
521,56,1082145528,,300854.SZ,1600,1600,12.45,24,48,49,12.450000000000001,50,20241017 11:25:07,1082145528
522,50,1082145529,,300877.SZ,1500,0,0.0,24,48,49,12.94,50,20241017 11:25:08,1082145529
523,57,1082145530,其他错误,300899.SZ,900,0,0.0,24,48,49,20.95,50,20241017 11:25:08,1082145530
524,56,1082145531,,300948.SZ,1800,1800,10.74,24,48,49,10.74,50,20241017 11:25:08,1082145531
525,50,1082145533,,301010.SZ,1500,0,0.0,24,48,49,13.33,50,20241017 11:25:08,1082145533
526,56,1082145534,,301027.SZ,1900,1900,10.13,24,48,49,10.13,50,20241017 11:25:08,1082145534
527,56,1082145535,,301098.SZ,2300,2300,8.4,24,48,49,8.4,50,20241017 11:25:08,1082145535
528,55,1082145536,,003017.SZ,1100,500,18.07,23,48,48,18.07,50,20241017 11:25:07,1082145536
529,56,1082145543,,600137.SH,2400,2400,13.61,24,48,49,13.61,50,20241017 11:25:10,1082145543
530,57,1082145544,内部错误，请联,600455.SH,900,0,0.0,24,48,49,20.36,50,20241017 11:25:10,1082145544
531,56,1082145545,,600493.SH,4200,4200,4.75,24,48,49,4.75,50,20241017 11:25:10,1082145545
532,56,1082145546,,603022.SH,2800,2800,6.93,24,48,49,6.93,50,20241017 11:25:10,1082145546
533,56,1082145547,,603045.SH,1700,1700,11.29,24,48,49,11.290000000000001,50,20241017 11:25:10,1082145547
534,56,1082145548,,000638.SZ,4600,4600,4.31,24,48,49,4.3100000000000005,50,20241017 11:25:11,1082145548
535,56,1082145550,,002188.SZ,4400,4400,4.48,24,48,49,4.48,50,20241017 11:25:10,1082145550
536,56,1082145551,,002295.SZ,3400,3400,5.73,24,48,49,5.73,50,20241017 11:25:11,1082145551
537,56,1082145552,,002853.SZ,2500,2500,7.97,24,48,49,7.97,50,20241017 11:25:11,1082145552
538,56,1082145555,,300478.SZ,2300,2300,8.61,24,48,49,8.61,50,20241017 11:25:12,1082145555
539,56,1082145556,,300854.SZ,1600,1600,12.45,24,48,49,12.450000000000001,50,20241017 11:25:12,1082145556
540,50,1082145557,,300877.SZ,1500,0,0.0,24,48,49,12.94,50,20241017 11:25:12,1082145557
541,57,1082145558,其他错误,300899.SZ,900,0,0.0,24,48,49,20.95,50,20241017 11:25:12,1082145558
542,56,1082145559,,300948.SZ,1800,1800,10.74,24,48,49,10.74,50,20241017 11:25:12,1082145559
543,50,1082145563,,301010.SZ,1500,0,0.0,24,48,49,13.33,50,20241017 11:25:13,1082145563
544,56,1082145564,,301027.SZ,1900,1900,10.13,24,48,49,10.13,50,20241017 11:25:13,1082145564
545,56,1082145565,,301098.SZ,2300,2300,8.4,24,48,49,8.4,50,20241017 11:25:13,1082145565
546,55,1082145566,,003017.SZ,1100,500,18.07,23,48,48,18.07,50,20241017 11:25:13,1082145566
547,57,1082145570,内部错误，请联,600455.SH,900,0,0.0,24,48,49,20.36,50,20241017 11:25:16,1082145570
548,56,1082145572,,600493.SH,4200,4200,4.75,24,48,49,4.75,50,20241017 11:25:16,1082145572
549,56,1082145573,,603022.SH,2800,2800,6.93,24,48,49,6.93,50,20241017 11:25:17,1082145573
550,56,1082145575,,603045.SH,1700,1700,11.29,24,48,49,11.290000000000001,50,20241017 11:25:17,1082145575
551,56,1082145577,,000638.SZ,4600,4600,4.31,24,48,49,4.3100000000000005,50,20241017 11:25:17,1082145577
552,56,1082145578,,002188.SZ,4400,4400,4.48,24,48,49,4.48,50,20241017 11:25:17,1082145578
553,56,1082145579,,002295.SZ,3400,3400,5.73,24,48,49,5.73,50,20241017 11:25:16,1082145579
554,56,1082145581,,002853.SZ,2500,2500,7.97,24,48,49,7.97,50,20241017 11:25:18,1082145581
555,56,1082145583,,300478.SZ,2300,2300,8.61,24,48,49,8.61,50,20241017 11:25:18,1082145583
556,56,1082145584,,300854.SZ,1600,1600,12.45,24,48,49,12.450000000000001,50,20241017 11:25:18,1082145584
557,50,1082145587,,300877.SZ,1500,0,0.0,24,48,49,12.94,50,20241017 11:25:18,1082145587
558,57,1082145588,其他错误,300899.SZ,900,0,0.0,24,48,49,20.95,50,20241017 11:25:19,1082145588
559,56,1082145592,,300948.SZ,1800,1800,10.74,24,48,49,10.74,50,20241017 11:25:19,1082145592
560,50,1082145593,,301010.SZ,1500,0,0.0,24,48,49,13.33,50,20241017 11:25:19,1082145593
561,56,1082145594,,301027.SZ,1900,1900,10.13,24,48,49,10.13,50,20241017 11:25:19,1082145594
562,56,1082145595,,301098.SZ,2300,2300,8.4,24,48,49,8.4,50,20241017 11:25:19,1082145595
563,55,1082145599,,003017.SZ,1100,500,18.07,23,48,48,18.07,50,20241017 11:25:20,1082145599
564,57,1082145604,内部错误，请联,600455.SH,900,0,0.0,24,48,49,20.36,50,20241017 11:25:22,1082145604
565,56,1082145605,,600493.SH,4300,4300,4.75,24,48,49,4.75,50,20241017 11:25:22,1082145605
566,56,1082145606,,603022.SH,2800,2800,6.93,24,48,49,6.93,50,20241017 11:25:22,1082145606
567,56,1082145607,,603045.SH,1700,1700,11.29,24,48,49,11.290000000000001,50,20241017 11:25:22,1082145607
568,56,1082145608,,000638.SZ,7900,7900,4.31,24,48,49,4.3100000000000005,50,20241017 11:25:22,1082145608
569,56,1082145609,,002188.SZ,4400,4400,4.48,24,48,49,4.48,50,20241017 11:25:23,1082145609
570,56,1082145610,,002295.SZ,3400,3400,5.73,24,48,49,5.73,50,20241017 11:25:23,1082145610
571,56,1082145612,,002853.SZ,4800,4800,7.97,24,48,49,7.97,50,20241017 11:25:23,1082145612
572,56,1082145613,,300478.SZ,2300,2300,8.61,24,48,49,8.61,50,20241017 11:25:23,1082145613
573,56,1082145614,,300854.SZ,1600,1600,12.45,24,48,49,12.450000000000001,50,20241017 11:25:23,1082145614
574,50,1082145615,,300877.SZ,1500,0,0.0,24,48,49,12.94,50,20241017 11:25:23,1082145615
575,57,1082145616,其他错误,300899.SZ,900,0,0.0,24,48,49,20.95,50,20241017 11:25:23,1082145616
576,56,1082145636,,300948.SZ,1800,1800,10.74,24,48,49,10.74,50,20241017 11:25:25,1082145636
577,50,1082145637,,301010.SZ,1500,0,0.0,24,48,49,13.33,50,20241017 11:25:26,1082145637
578,56,1082145639,,301027.SZ,1900,1900,10.13,24,48,49,10.13,50,20241017 11:25:26,1082145639
579,56,1082145640,,301098.SZ,2300,2300,8.4,24,48,49,8.4,50,20241017 11:25:26,1082145640
580,55,1082145641,,003017.SZ,1100,500,18.07,23,48,48,18.07,50,20241017 11:25:27,1082145641
581,57,1082145648,内部错误，请联,600455.SH,900,0,0.0,24,48,49,20.36,50,20241017 11:25:28,1082145648
582,56,1082145649,,603022.SH,2800,2800,6.93,24,48,49,6.93,50,20241017 11:25:28,1082145649
583,56,1082145650,,603045.SH,1700,1700,11.29,24,48,49,11.290000000000001,50,20241017 11:25:28,1082145650
584,56,1082145651,,002188.SZ,4400,4400,4.48,24,48,49,4.48,50,20241017 11:25:28,1082145651
585,56,1082145652,,002295.SZ,5400,5400,5.73,24,48,49,5.73,50,20241017 11:25:29,1082145652
586,56,1082145654,,300478.SZ,2300,2300,8.61,24,48,49,8.61,50,20241017 11:25:29,1082145654
587,56,1082145655,,300854.SZ,1600,1600,12.45,24,48,49,12.450000000000001,50,20241017 11:25:29,1082145655
588,57,1082145657,其他错误,300899.SZ,900,0,0.0,24,48,49,20.95,50,20241017 11:25:30,1082145657
589,50,1082145656,,300877.SZ,1500,0,0.0,24,48,49,12.94,50,20241017 11:25:30,1082145656
590,56,1082145659,,300948.SZ,3100,3100,10.74,24,48,49,10.74,50,20241017 11:25:30,1082145659
591,50,1082145661,,301010.SZ,1500,0,0.0,24,48,49,13.33,50,20241017 11:25:30,1082145661
592,56,1082145665,,301027.SZ,1900,1900,10.13,24,48,49,10.13,50,20241017 11:25:31,1082145665
593,56,1082145666,,301098.SZ,2300,2300,8.4,24,48,49,8.4,50,20241017 11:25:32,1082145666
594,56,1082145669,,003017.SZ,1400,1400,18.07,23,48,48,18.07,50,20241017 11:25:32,1082145669
595,57,1082145678,内部错误，请联,600455.SH,900,0,0.0,24,48,49,20.36,50,20241017 11:25:34,1082145678
596,56,1082145679,,603022.SH,2800,2800,6.93,24,48,49,6.93,50,20241017 11:25:34,1082145679
597,56,1082145680,,603045.SH,1700,1700,11.29,24,48,49,11.290000000000001,50,20241017 11:25:34,1082145680
598,56,1082145681,,002188.SZ,4400,4400,4.48,24,48,49,4.48,50,20241017 11:25:34,1082145681
599,56,1082145683,,300478.SZ,2300,2300,8.61,24,48,49,8.61,50,20241017 11:25:35,1082145683
600,56,1082145684,,300854.SZ,1600,1600,12.45,24,48,49,12.450000000000001,50,20241017 11:25:35,1082145684
601,56,1082145685,,300877.SZ,1900,1900,12.94,24,48,49,12.94,50,20241017 11:25:35,1082145685
602,57,1082145686,其他错误,300899.SZ,900,0,0.0,24,48,49,20.95,50,20241017 11:25:36,1082145686
603,56,1082145691,,301010.SZ,2300,2300,13.33,24,48,49,13.33,50,20241017 11:25:36,1082145691
604,56,1082145692,,301027.SZ,1900,1900,10.13,24,48,49,10.13,50,20241017 11:25:36,1082145692
605,56,1082145693,,301098.SZ,2800,2800,8.4,24,48,49,8.4,50,20241017 11:25:36,1082145693
606,56,1082145699,,301167.SZ,1400,1400,13.9,24,48,49,13.9,50,20241017 11:25:38,1082145699
607,55,1082145700,,301273.SZ,1100,500,17.4,24,48,49,17.400000000000002,50,20241017 11:25:38,1082145700
608,56,1082145703,,301336.SZ,5000,5000,35.46,24,48,49,35.46,50,20241017 11:25:39,1082145703
609,56,1082145705,,002830.SZ,17000,17000,11.2,23,48,48,11.2,50,20241017 11:25:39,1082145705
610,57,1082145710,内部错误，请联,600455.SH,900,0,0.0,24,48,49,20.36,50,20241017 11:25:42,1082145710
611,56,1082145712,,603022.SH,2800,2800,6.93,24,48,49,6.93,50,20241017 11:25:42,1082145712
612,56,1082145713,,603045.SH,1700,1700,11.29,24,48,49,11.290000000000001,50,20241017 11:25:42,1082145713
613,56,1082145714,,300321.SZ,1200,1200,16.49,24,48,49,16.490000000000002,50,20241017 11:25:42,1082145714
614,56,1082145724,,300417.SZ,1700,1700,11.54,24,48,49,11.540000000000001,50,20241017 11:25:42,1082145724
615,56,1082145725,,300478.SZ,3100,3100,8.59,24,48,49,8.59,50,20241017 11:25:43,1082145725
616,56,1082145727,,300931.SZ,31000,31000,6.31,24,48,49,6.3100000000000005,50,20241017 11:25:43,1082145727
617,56,1082145728,,300995.SZ,12000,12000,15.74,24,48,49,15.74,50,20241017 11:25:43,1082145728
618,56,1082145729,,301027.SZ,1900,1900,10.08,24,48,49,10.08,50,20241017 11:25:44,1082145729
619,55,1082145731,,301273.SZ,1100,500,17.4,24,48,49,17.400000000000002,50,20241017 11:25:44,1082145731
620,56,1082145730,,301167.SZ,1400,1400,13.9,24,48,49,13.9,50,20241017 11:25:44,1082145730
621,56,1082145733,,301336.SZ,5000,5000,35.46,24,48,49,35.46,50,20241017 11:25:44,1082145733
622,56,1082145734,,002830.SZ,17000,17000,11.2,23,48,48,11.200000000000001,50,20241017 11:25:44,1082145734
623,57,1082145742,内部错误，请联,600455.SH,900,0,0.0,24,48,49,20.36,50,20241017 11:25:47,1082145742
624,56,1082145743,,603022.SH,2800,2800,6.93,24,48,49,6.93,50,20241017 11:25:48,1082145743
625,56,1082145746,,603045.SH,3200,3200,11.29,24,48,49,11.290000000000001,50,20241017 11:25:48,1082145746
626,56,1082145752,,300321.SZ,1200,1200,16.49,24,48,49,16.490000000000002,50,20241017 11:25:49,1082145752
627,56,1082145753,,300417.SZ,1700,1700,11.54,24,48,49,11.540000000000001,50,20241017 11:25:49,1082145753
628,56,1082145754,,300931.SZ,31000,31000,6.31,24,48,49,6.3100000000000005,50,20241017 11:25:50,1082145754
629,56,1082145763,,600768.SH,91900,91900,8.58,24,48,49,8.58,50,20241017 11:25:53,1082145763
630,56,1082145767,,300995.SZ,12000,12000,15.74,24,48,49,15.74,50,20241017 11:25:54,1082145767
631,56,1082145768,,301027.SZ,1900,1900,10.08,24,48,49,10.08,50,20241017 11:25:54,1082145768
632,56,1082145769,,301167.SZ,1600,1600,13.9,24,48,49,13.9,50,20241017 11:25:54,1082145769
633,55,1082145770,,301273.SZ,1100,500,17.4,24,48,49,17.400000000000002,50,20241017 11:25:54,1082145770
634,50,1082145771,,301336.SZ,500,0,0.0,24,48,49,35.46,50,20241017 11:25:54,1082145771
635,56,1082145774,,002830.SZ,1700,1700,11.2,23,48,48,11.2,50,20241017 11:25:54,1082145774
636,56,1082145777,,300321.SZ,1200,1200,16.49,24,48,49,16.490000000000002,50,20241017 11:25:56,1082145777
637,56,1082145778,,300417.SZ,1700,1700,11.54,24,48,49,11.540000000000001,50,20241017 11:25:57,1082145778
638,56,1082145781,,300931.SZ,3100,3100,6.31,24,48,49,6.3100000000000005,50,20241017 11:25:57,1082145781
639,56,1082145782,,001211.SZ,44300,44300,16.42,24,48,49,16.42,50,20241017 11:25:57,1082145782
640,56,1082145785,,300995.SZ,1200,1200,15.74,24,48,49,15.74,50,20241017 11:25:57,1082145785
641,56,1082145788,,301027.SZ,1900,1900,10.08,24,48,49,10.08,50,20241017 11:25:57,1082145788
642,56,1082145790,,301273.SZ,2200,2200,17.4,24,48,49,17.400000000000002,50,20241017 11:25:58,1082145790
643,50,1082145792,,301336.SZ,500,0,0.0,24,48,49,35.46,50,20241017 11:25:58,1082145792
644,56,1082145794,,002830.SZ,1700,1700,11.2,23,48,48,11.2,50,20241017 11:25:57,1082145794
645,56,1082145797,,300417.SZ,1700,1700,11.54,24,48,49,11.540000000000001,50,20241017 11:26:00,1082145797
646,56,1082145796,,300321.SZ,1200,1200,16.49,24,48,49,16.490000000000002,50,20241017 11:26:00,1082145796
647,56,1082145800,,300931.SZ,3100,3100,6.31,24,48,49,6.31,50,20241017 11:25:59,1082145800
648,56,1082145801,,300995.SZ,1200,1200,15.74,24,48,49,15.74,50,20241017 11:26:00,1082145801
649,56,1082145805,,301027.SZ,1900,1900,10.08,24,48,49,10.08,50,20241017 11:26:00,1082145805
650,50,1082145806,,301336.SZ,500,0,0.0,24,48,49,35.46,50,20241017 11:26:00,1082145806
651,56,1082145807,,002830.SZ,1700,1700,11.2,23,48,48,11.200000000000001,50,20241017 11:26:01,1082145807
652,56,1082145811,,001336.SZ,39600,39600,17.34,24,48,49,17.34,50,20241017 11:26:02,1082145811
653,57,1082145813,内部错误，请联,600455.SH,900,0,0.0,24,48,49,20.89,50,20241017 11:26:02,1082145813
654,56,1082145814,,603709.SH,21000,21000,9.4,24,48,49,9.4,50,20241017 11:26:02,1082145814
655,56,1082145816,,300321.SZ,1200,1200,16.49,24,48,49,16.490000000000002,50,20241017 11:26:02,1082145816
656,56,1082145819,,300417.SZ,1700,1700,11.54,24,48,49,11.540000000000001,50,20241017 11:26:03,1082145819
657,56,1082145820,,300931.SZ,3100,3100,6.31,24,48,49,6.3100000000000005,50,20241017 11:26:03,1082145820
658,56,1082145821,,300995.SZ,1200,1200,15.74,24,48,49,15.74,50,20241017 11:26:03,1082145821
659,56,1082145824,,301027.SZ,1900,1900,10.09,24,48,49,10.09,50,20241017 11:26:03,1082145824
660,50,1082145825,,301336.SZ,500,0,0.0,24,48,49,35.46,50,20241017 11:26:04,1082145825
661,56,1082145828,,002830.SZ,1700,1700,11.2,23,48,48,11.200000000000001,50,20241017 11:26:05,1082145828
662,57,1082145838,内部错误，请联,600455.SH,900,0,0.0,24,48,49,20.89,50,20241017 11:26:06,1082145838
663,56,1082145842,,603709.SH,2100,2100,9.4,24,48,49,9.4,50,20241017 11:26:06,1082145842
664,56,1082145847,,002188.SZ,4400,4400,4.49,24,48,49,4.49,50,20241017 11:26:06,1082145847
665,56,1082145848,,300321.SZ,1200,1200,16.49,24,48,49,16.490000000000002,50,20241017 11:26:06,1082145848
666,56,1082145849,,300417.SZ,1700,1700,11.52,24,48,49,11.52,50,20241017 11:26:06,1082145849
667,56,1082145851,,300931.SZ,3100,3100,6.31,24,48,49,6.3100000000000005,50,20241017 11:26:07,1082145851
668,56,1082145852,,300995.SZ,1200,1200,15.74,24,48,49,15.74,50,20241017 11:26:07,1082145852
669,56,1082145853,,301027.SZ,1900,1900,10.09,24,48,49,10.09,50,20241017 11:26:07,1082145853
670,50,1082145856,,301336.SZ,500,0,0.0,24,48,49,35.46,50,20241017 11:26:07,1082145856
671,56,1082145859,,002830.SZ,1700,1700,11.2,23,48,48,11.2,50,20241017 11:26:07,1082145859
672,56,1082145861,,300417.SZ,16800,16800,11.52,24,48,49,11.52,50,20241017 11:26:08,1082145861
673,57,1082145864,内部错误，请联,600455.SH,900,0,0.0,24,48,49,20.89,50,20241017 11:26:09,1082145864
674,56,1082145865,,603709.SH,2100,2100,9.4,24,48,49,9.4,50,20241017 11:26:09,1082145865
675,56,1082145866,,002188.SZ,4400,4400,4.49,24,48,49,4.49,50,20241017 11:26:09,1082145866
676,56,1082145867,,300321.SZ,1200,1200,16.49,24,48,49,16.490000000000002,50,20241017 11:26:09,1082145867
677,56,1082145869,,300854.SZ,1600,1600,12.47,24,48,49,12.47,50,20241017 11:26:10,1082145869
678,56,1082145873,,300931.SZ,3100,3100,6.31,24,48,49,6.3100000000000005,50,20241017 11:26:11,1082145873
679,56,1082145875,,300995.SZ,1200,1200,15.74,24,48,49,15.74,50,20241017 11:26:11,1082145875
680,56,1082145876,,301027.SZ,3200,3200,10.09,24,48,49,10.09,50,20241017 11:26:11,1082145876
681,50,1082145877,,301336.SZ,500,0,0.0,24,48,49,35.46,50,20241017 11:26:11,1082145877
682,56,1082145878,,600883.SH,31000,31000,6.42,23,48,48,6.42,50,20241017 11:26:11,1082145878
683,56,1082145883,,002830.SZ,1700,1700,11.2,23,48,48,11.2,50,20241017 11:26:11,1082145883
684,56,1082145890,,603709.SH,2100,2100,9.4,24,48,49,9.4,50,20241017 11:26:14,1082145890
685,57,1082145889,内部错误，请联,600455.SH,900,0,0.0,24,48,49,20.89,50,20241017 11:26:14,1082145889
686,56,1082145891,,002188.SZ,4400,4400,4.49,24,48,49,4.49,50,20241017 11:26:14,1082145891
687,56,1082145893,,300321.SZ,1200,1200,16.49,24,48,49,16.490000000000002,50,20241017 11:26:15,1082145893
688,56,1082145895,,300854.SZ,1600,1600,12.47,24,48,49,12.47,50,20241017 11:26:15,1082145895
689,56,1082145892,,300955.SZ,44600,44600,14.41,24,48,49,14.41,50,20241017 11:26:15,1082145892
690,56,1082145897,,300931.SZ,3100,3100,6.31,24,48,49,6.3100000000000005,50,20241017 11:26:15,1082145897
691,56,1082145903,,300995.SZ,1200,1200,15.74,24,48,49,15.74,50,20241017 11:26:16,1082145903
692,50,1082145904,,301336.SZ,500,0,0.0,24,48,49,35.46,50,20241017 11:26:17,1082145904
693,56,1082145907,,600883.SH,31000,31000,6.42,23,48,48,6.42,50,20241017 11:26:18,1082145907
694,56,1082145911,,002830.SZ,1700,1700,11.2,23,48,48,11.200000000000001,50,20241017 11:26:20,1082145911
695,57,1082145915,内部错误，请联,600455.SH,900,0,0.0,24,48,49,20.89,50,20241017 11:26:20,1082145915
696,56,1082145917,,603709.SH,2100,2100,9.4,24,48,49,9.4,50,20241017 11:26:21,1082145917
697,56,1082145919,,002188.SZ,4400,4400,4.49,24,48,49,4.49,50,20241017 11:26:20,1082145919
698,56,1082145920,,300321.SZ,1200,1200,16.49,24,48,49,16.490000000000002,50,20241017 11:26:21,1082145920
699,56,1082145921,,300854.SZ,2800,2800,12.47,24,48,49,12.47,50,20241017 11:26:21,1082145921
700,56,1082145924,,300931.SZ,3100,3100,6.31,24,48,49,6.3100000000000005,50,20241017 11:26:21,1082145924
701,56,1082145925,,300995.SZ,1200,1200,15.74,24,48,49,15.74,50,20241017 11:26:22,1082145925
702,50,1082145927,,301336.SZ,500,0,0.0,24,48,49,35.46,50,20241017 11:26:22,1082145927
703,56,1082145928,,600883.SH,3100,3100,6.42,23,48,48,6.42,50,20241017 11:26:22,1082145928
704,56,1082145929,,002830.SZ,1700,1700,11.2,23,48,48,11.200000000000001,50,20241017 11:26:22,1082145929
705,57,1082145932,内部错误，请联,600455.SH,900,0,0.0,24,48,49,20.89,50,20241017 11:26:24,1082145932
706,56,1082145934,,002188.SZ,7500,7500,4.49,24,48,49,4.49,50,20241017 11:26:24,1082145934
707,56,1082145936,,300321.SZ,1200,1200,16.49,24,48,49,16.490000000000002,50,20241017 11:26:24,1082145936
708,56,1082145937,,300931.SZ,3100,3100,6.31,24,48,49,6.3100000000000005,50,20241017 11:26:24,1082145937
709,56,1082145952,,300995.SZ,1200,1200,15.74,24,48,49,15.74,50,20241017 11:26:25,1082145952
710,50,1082145954,,301336.SZ,500,0,0.0,24,48,49,35.46,50,20241017 11:26:27,1082145954
711,56,1082145956,,600883.SH,3100,3100,6.42,23,48,48,6.42,50,20241017 11:26:27,1082145956
712,56,1082145958,,002830.SZ,1700,1700,11.2,23,48,48,11.200000000000001,50,20241017 11:26:27,1082145958
713,57,1082145962,内部错误，请联,600455.SH,900,0,0.0,24,48,49,20.89,50,20241017 11:26:28,1082145962
714,56,1082145963,,300321.SZ,1200,1200,16.49,24,48,49,16.490000000000002,50,20241017 11:26:28,1082145963
715,56,1082145964,,300931.SZ,3100,3100,6.31,24,48,49,6.3100000000000005,50,20241017 11:26:28,1082145964
716,56,1082145965,,300995.SZ,1200,1200,15.74,24,48,49,15.74,50,20241017 11:26:28,1082145965
717,56,1082145967,,600883.SH,3100,3100,6.42,23,48,48,6.42,50,20241017 11:26:28,1082145967
718,50,1082145966,,301336.SZ,500,0,0.0,24,48,49,35.46,50,20241017 11:26:29,1082145966
719,56,1082145968,,002830.SZ,1700,1700,11.2,23,48,48,11.2,50,20241017 11:26:28,1082145968
720,57,1082145972,内部错误，请联,600455.SH,900,0,0.0,24,48,49,20.89,50,20241017 11:26:30,1082145972
721,56,1082145979,,300321.SZ,1200,1200,16.49,24,48,49,16.490000000000002,50,20241017 11:26:30,1082145979
722,56,1082145981,,300931.SZ,3100,3100,6.31,24,48,49,6.3100000000000005,50,20241017 11:26:31,1082145981
723,56,1082145982,,300995.SZ,1200,1200,15.74,24,48,49,15.74,50,20241017 11:26:31,1082145982
724,50,1082145983,,301336.SZ,500,0,0.0,24,48,49,35.46,50,20241017 11:26:32,1082145983
725,56,1082145986,,600883.SH,3100,3100,6.42,23,48,48,6.42,50,20241017 11:26:32,1082145986
726,56,1082145991,,002830.SZ,1700,1700,11.2,23,48,48,11.200000000000001,50,20241017 11:26:35,1082145991
727,57,1082145996,内部错误，请联,600455.SH,900,0,0.0,24,48,49,20.89,50,20241017 11:26:36,1082145996
728,56,1082145997,,300321.SZ,1200,1200,16.49,24,48,49,16.490000000000002,50,20241017 11:26:36,1082145997
729,56,1082146005,,300931.SZ,3100,3100,6.31,24,48,49,6.3100000000000005,50,20241017 11:26:37,1082146005
730,56,1082146006,,300995.SZ,1200,1200,15.74,24,48,49,15.74,50,20241017 11:26:37,1082146006
731,50,1082146011,,301336.SZ,500,0,0.0,24,48,49,35.46,50,20241017 11:26:37,1082146011
732,56,1082146013,,600883.SH,3100,3100,6.42,23,48,48,6.42,50,20241017 11:26:38,1082146013
733,56,1082146014,,002830.SZ,1700,1700,11.2,23,48,48,11.2,50,20241017 11:26:37,1082146014
734,57,1082146022,内部错误，请联,600455.SH,900,0,0.0,24,48,49,20.89,50,20241017 11:26:40,1082146022
735,56,1082146024,,300321.SZ,1200,1200,16.49,24,48,49,16.490000000000002,50,20241017 11:26:40,1082146024
736,56,1082146026,,300931.SZ,3100,3100,6.31,24,48,49,6.3100000000000005,50,20241017 11:26:40,1082146026
737,56,1082146027,,300995.SZ,1200,1200,15.74,24,48,49,15.74,50,20241017 11:26:40,1082146027
738,50,1082146032,,301336.SZ,500,0,0.0,24,48,49,35.46,50,20241017 11:26:41,1082146032
739,56,1082146040,,002830.SZ,1700,1700,11.2,23,48,48,11.200000000000001,50,20241017 11:26:42,1082146040
740,56,1082146039,,600883.SH,3100,3100,6.42,23,48,48,6.42,50,20241017 11:26:42,1082146039
741,57,1082146050,内部错误，请联,600455.SH,900,0,0.0,24,48,49,20.89,50,20241017 11:26:43,1082146050
742,56,1082146051,,300321.SZ,1200,1200,16.49,24,48,49,16.490000000000002,50,20241017 11:26:44,1082146051
743,56,1082146053,,300931.SZ,3100,3100,6.31,24,48,49,6.3100000000000005,50,20241017 11:26:44,1082146053
744,56,1082146054,,300995.SZ,1200,1200,15.74,24,48,49,15.74,50,20241017 11:26:44,1082146054
745,50,1082146055,,301336.SZ,500,0,0.0,24,48,49,35.46,50,20241017 11:26:44,1082146055
746,56,1082146056,,600883.SH,3100,3100,6.42,23,48,48,6.42,50,20241017 11:26:44,1082146056
747,56,1082146058,,002830.SZ,1700,1700,11.2,23,48,48,11.2,50,20241017 11:26:44,1082146058
748,57,1082146064,内部错误，请联,600455.SH,900,0,0.0,24,48,49,20.89,50,20241017 11:26:46,1082146064
749,56,1082146065,,300321.SZ,1200,1200,16.49,24,48,49,16.490000000000002,50,20241017 11:26:46,1082146065
750,56,1082146066,,300931.SZ,3100,3100,6.31,24,48,49,6.3100000000000005,50,20241017 11:26:46,1082146066
751,56,1082146067,,300995.SZ,1200,1200,15.74,24,48,49,15.74,50,20241017 11:26:47,1082146067
752,50,1082146069,,301336.SZ,500,0,0.0,24,48,49,35.46,50,20241017 11:26:47,1082146069
753,56,1082146072,,600883.SH,3100,3100,6.42,23,48,48,6.42,50,20241017 11:26:47,1082146072
754,56,1082146075,,002830.SZ,1700,1700,11.2,23,48,48,11.200000000000001,50,20241017 11:26:48,1082146075
755,57,1082146079,内部错误，请联,600455.SH,900,0,0.0,24,48,49,20.89,50,20241017 11:26:49,1082146079
756,56,1082146080,,300321.SZ,1200,1200,16.49,24,48,49,16.49,50,20241017 11:26:49,1082146080
757,56,1082146082,,300931.SZ,3100,3100,6.31,24,48,49,6.3100000000000005,50,20241017 11:26:50,1082146082
758,56,1082146083,,300995.SZ,1200,1200,15.74,24,48,49,15.74,50,20241017 11:26:50,1082146083
759,50,1082146084,,301336.SZ,500,0,0.0,24,48,49,35.46,50,20241017 11:26:50,1082146084
760,56,1082146085,,600883.SH,3100,3100,6.42,23,48,48,6.42,50,20241017 11:26:50,1082146085
761,56,1082146086,,002830.SZ,1700,1700,11.2,23,48,48,11.2,50,20241017 11:26:49,1082146086
762,57,1082146091,内部错误，请联,600455.SH,900,0,0.0,24,48,49,20.89,50,20241017 11:26:52,1082146091
763,56,1082146093,,300321.SZ,1200,1200,16.49,24,48,49,16.490000000000002,50,20241017 11:26:52,1082146093
764,56,1082146096,,300931.SZ,3100,3100,6.31,24,48,49,6.3100000000000005,50,20241017 11:26:53,1082146096
765,56,1082146097,,300995.SZ,1800,1800,15.74,24,48,49,15.74,50,20241017 11:26:53,1082146097
766,50,1082146098,,301336.SZ,500,0,0.0,24,48,49,35.46,50,20241017 11:26:53,1082146098
767,56,1082146103,,002830.SZ,1700,1700,11.2,23,48,48,11.2,50,20241017 11:26:54,1082146103
768,56,1082146101,,600883.SH,3100,3100,6.42,23,48,48,6.42,50,20241017 11:26:54,1082146101
769,57,1082146106,内部错误，请联,600455.SH,900,0,0.0,24,48,49,20.89,50,20241017 11:26:55,1082146106
770,56,1082146107,,300321.SZ,1200,1200,16.49,24,48,49,16.490000000000002,50,20241017 11:26:56,1082146107
771,56,1082146109,,300931.SZ,3100,3100,6.31,24,48,49,6.3100000000000005,50,20241017 11:26:56,1082146109
772,50,1082146110,,301336.SZ,500,0,0.0,24,48,49,35.46,50,20241017 11:26:56,1082146110
773,56,1082146112,,002830.SZ,3300,3300,11.2,23,48,48,11.200000000000001,50,20241017 11:26:56,1082146112
774,56,1082146111,,600883.SH,3100,3100,6.42,23,48,48,6.42,50,20241017 11:26:56,1082146111
775,57,1082146126,内部错误，请联,600455.SH,900,0,0.0,24,48,49,20.89,50,20241017 11:26:59,1082146126
776,56,1082146127,,300321.SZ,1200,1200,16.49,24,48,49,16.490000000000002,50,20241017 11:26:59,1082146127
777,56,1082146128,,300931.SZ,5800,5800,6.31,24,48,49,6.3100000000000005,50,20241017 11:26:59,1082146128
778,50,1082146129,,301336.SZ,500,0,0.0,24,48,49,35.46,50,20241017 11:26:59,1082146129
779,56,1082146130,,600883.SH,3100,3100,6.42,23,48,48,6.42,50,20241017 11:26:58,1082146130
780,57,1082146142,内部错误，请联,600455.SH,900,0,0.0,24,48,49,20.89,50,20241017 11:27:01,1082146142
781,56,1082146144,,300321.SZ,1200,1200,16.49,24,48,49,16.490000000000002,50,20241017 11:27:01,1082146144
782,50,1082146146,,301336.SZ,500,0,0.0,24,48,49,35.46,50,20241017 11:27:02,1082146146
783,56,1082146149,,600883.SH,3100,3100,6.42,23,48,48,6.42,50,20241017 11:27:01,1082146149
784,57,1082146153,内部错误，请联,600455.SH,900,0,0.0,24,48,49,20.89,50,20241017 11:27:03,1082146153
785,56,1082146155,,300321.SZ,2400,2400,16.49,24,48,49,16.490000000000002,50,20241017 11:27:03,1082146155
786,50,1082146157,,301336.SZ,500,0,0.0,24,48,49,35.46,50,20241017 11:27:02,1082146157
787,56,1082146158,,600883.SH,3100,3100,6.42,23,48,48,6.42,50,20241017 11:27:04,1082146158
788,57,1082146163,内部错误，请联,600455.SH,900,0,0.0,24,48,49,20.89,50,20241017 11:27:06,1082146163
789,50,1082146167,,301336.SZ,500,0,0.0,24,48,49,35.46,50,20241017 11:27:06,1082146167
790,56,1082146169,,600883.SH,3100,3100,6.42,23,48,48,6.42,50,20241017 11:27:05,1082146169
791,57,1082146174,内部错误，请联,600455.SH,900,0,0.0,24,48,49,20.89,50,20241017 11:27:07,1082146174
792,50,1082146176,,301336.SZ,500,0,0.0,24,48,49,35.46,50,20241017 11:27:08,1082146176
793,56,1082146180,,600883.SH,3100,3100,6.42,23,48,48,6.42,50,20241017 11:27:09,1082146180
794,57,1082146185,内部错误，请联,600455.SH,900,0,0.0,24,48,49,20.89,50,20241017 11:27:10,1082146185
795,56,1082146186,,301336.SZ,1000,1000,35.46,24,48,49,35.46,50,20241017 11:27:10,1082146186
796,56,1082146188,,600883.SH,3900,3900,6.42,23,48,48,6.42,50,20241017 11:27:10,1082146188
797,57,1082146195,内部错误，请联,600455.SH,900,0,0.0,24,48,49,20.89,50,20241017 11:27:13,1082146195
798,57,1082146199,内部错误，请联,600455.SH,900,0,0.0,24,48,49,20.89,50,20241017 11:27:14,1082146199
799,57,1082146204,内部错误，请联,600455.SH,900,0,0.0,24,48,49,20.89,50,20241017 11:27:16,1082146204
800,57,1082146210,内部错误，请联,600455.SH,900,0,0.0,24,48,49,20.89,50,20241017 11:27:18,1082146210
801,57,1082146215,内部错误，请联,600455.SH,900,0,0.0,24,48,49,20.89,50,20241017 11:27:20,1082146215
802,57,1082146219,内部错误，请联,600455.SH,900,0,0.0,24,48,49,20.89,50,20241017 11:27:21,1082146219
803,57,1082146221,内部错误，请联,600455.SH,900,0,0.0,24,48,49,20.89,50,20241017 11:27:23,1082146221
804,57,1082146240,内部错误，请联,600455.SH,900,0,0.0,24,48,49,20.89,50,20241017 11:27:24,1082146240
805,57,1082146253,内部错误，请联,600455.SH,900,0,0.0,24,48,49,20.89,50,20241017 11:27:26,1082146253
806,57,1082146256,内部错误，请联,600455.SH,900,0,0.0,24,48,49,20.89,50,20241017 11:27:27,1082146256
807,57,1082146268,内部错误，请联,600455.SH,900,0,0.0,24,48,49,20.89,50,20241017 11:27:29,1082146268
808,57,1082146275,内部错误，请联,600455.SH,900,0,0.0,24,48,49,20.89,50,20241017 11:27:31,1082146275
809,57,1082146280,内部错误，请联,600455.SH,900,0,0.0,24,48,49,20.89,50,20241017 11:27:32,1082146280
810,57,1082146287,内部错误，请联,600455.SH,900,0,0.0,24,48,49,20.89,50,20241017 11:27:34,1082146287
811,57,1082146298,内部错误，请联,600455.SH,900,0,0.0,24,48,49,20.89,50,20241017 11:27:39,1082146298
812,57,1082146305,内部错误，请联,600455.SH,900,0,0.0,24,48,49,20.89,50,20241017 11:27:41,1082146305
813,57,1082146310,内部错误，请联,600455.SH,900,0,0.0,24,48,49,20.89,50,20241017 11:27:42,1082146310
814,57,1082146313,内部错误，请联,600455.SH,900,0,0.0,24,48,49,20.89,50,20241017 11:27:44,1082146313
815,57,1082146315,内部错误，请联,600455.SH,900,0,0.0,24,48,49,20.89,50,20241017 11:27:46,1082146315
816,57,1082146329,内部错误，请联,600455.SH,900,0,0.0,24,48,49,20.89,50,20241017 11:27:47,1082146329
817,57,1082146331,内部错误，请联,600455.SH,900,0,0.0,24,48,49,20.89,50,20241017 11:27:48,1082146331
818,57,1082146334,内部错误，请联,600455.SH,900,0,0.0,24,48,49,20.89,50,20241017 11:27:50,1082146334
819,57,1082146337,内部错误，请联,600455.SH,900,0,0.0,24,48,49,20.89,50,20241017 11:27:51,1082146337
820,57,1082146340,内部错误，请联,600455.SH,900,0,0.0,24,48,49,20.89,50,20241017 11:27:53,1082146340
821,56,1082146341,,300717.SZ,13000,13000,14.88,23,48,48,14.88,50,20241017 11:27:52,1082146341
822,57,1082146351,内部错误，请联,600455.SH,900,0,0.0,24,48,49,20.89,50,20241017 11:27:54,1082146351
823,56,1082146354,,300717.SZ,13000,13000,14.88,23,48,48,14.88,50,20241017 11:27:54,1082146354
824,57,1082146358,内部错误，请联,600455.SH,900,0,0.0,24,48,49,20.89,50,20241017 11:27:56,1082146358
825,56,1082146360,,300717.SZ,1300,1300,14.88,23,48,48,14.88,50,20241017 11:27:56,1082146360
826,57,1082146365,内部错误，请联,600455.SH,900,0,0.0,24,48,49,20.89,50,20241017 11:27:58,1082146365
827,56,1082146366,,300717.SZ,1300,1300,14.88,23,48,48,14.88,50,20241017 11:27:57,1082146366
828,57,1082146375,内部错误，请联,600455.SH,900,0,0.0,24,48,49,20.89,50,20241017 11:28:00,1082146375
829,56,1082146377,,300717.SZ,1300,1300,14.88,23,48,48,14.88,50,20241017 11:28:01,1082146377
830,57,1082146381,内部错误，请联,600455.SH,900,0,0.0,24,48,49,20.89,50,20241017 11:28:02,1082146381
831,56,1082146382,,300717.SZ,1300,1300,14.88,23,48,48,14.88,50,20241017 11:28:02,1082146382
832,57,1082146395,内部错误，请联,600455.SH,900,0,0.0,24,48,49,20.89,50,20241017 11:28:04,1082146395
833,56,1082146396,,300717.SZ,1300,1300,14.88,23,48,48,14.88,50,20241017 11:28:04,1082146396
834,57,1082146398,内部错误，请联,600455.SH,900,0,0.0,24,48,49,20.89,50,20241017 11:28:05,1082146398
835,56,1082146404,,300717.SZ,1300,1300,14.88,23,48,48,14.88,50,20241017 11:28:06,1082146404
836,57,1082146410,内部错误，请联,600455.SH,900,0,0.0,24,48,49,20.89,50,20241017 11:28:07,1082146410
837,56,1082146411,,300717.SZ,1300,1300,14.88,23,48,48,14.88,50,20241017 11:28:07,1082146411
838,57,1082146413,内部错误，请联,600455.SH,900,0,0.0,24,48,49,20.89,50,20241017 11:28:09,1082146413
839,56,1082146416,,300717.SZ,1300,1300,14.88,23,48,48,14.88,50,20241017 11:28:09,1082146416
840,57,1082146420,内部错误，请联,600455.SH,900,0,0.0,24,48,49,20.89,50,20241017 11:28:11,1082146420
841,57,1082146428,其他错误,300899.SZ,900,0,0.0,24,48,49,20.95,50,20241017 11:28:13,1082146428
842,56,1082146429,,300717.SZ,1300,1300,14.88,23,48,48,14.88,50,20241017 11:28:13,1082146429
843,57,1082146437,内部错误，请联,600455.SH,900,0,0.0,24,48,49,20.89,50,20241017 11:28:17,1082146437
844,57,1082146439,其他错误,300899.SZ,900,0,0.0,24,48,49,20.95,50,20241017 11:28:18,1082146439
845,56,1082146441,,300717.SZ,1300,1300,14.88,23,48,48,14.88,50,20241017 11:28:18,1082146441
846,57,1082146448,内部错误，请联,600455.SH,900,0,0.0,24,48,49,20.89,50,20241017 11:28:19,1082146448
847,57,1082146449,其他错误,300899.SZ,900,0,0.0,24,48,49,20.95,50,20241017 11:28:20,1082146449
848,56,1082146450,,300717.SZ,1300,1300,14.88,23,48,48,14.88,50,20241017 11:28:20,1082146450
849,57,1082146455,内部错误，请联,600455.SH,900,0,0.0,24,48,49,20.89,50,20241017 11:28:21,1082146455
850,56,1082146458,,603022.SH,2800,2800,6.93,24,48,49,6.93,50,20241017 11:28:22,1082146458
851,57,1082146460,其他错误,300899.SZ,900,0,0.0,24,48,49,20.95,50,20241017 11:28:22,1082146460
852,56,1082146461,,300717.SZ,1300,1300,14.88,23,48,48,14.88,50,20241017 11:28:21,1082146461
853,56,1082146465,,603022.SH,5600,5600,6.93,24,48,49,6.93,50,20241017 11:28:24,1082146465
854,57,1082146464,内部错误，请联,600455.SH,900,0,0.0,24,48,49,20.89,50,20241017 11:28:24,1082146464
855,57,1082146468,其他错误,300899.SZ,900,0,0.0,24,48,49,20.95,50,20241017 11:28:24,1082146468
856,56,1082146469,,300717.SZ,1300,1300,14.88,23,48,48,14.88,50,20241017 11:28:24,1082146469
857,57,1082146471,内部错误，请联,600455.SH,900,0,0.0,24,48,49,20.89,50,20241017 11:28:25,1082146471
858,57,1082146472,其他错误,300899.SZ,900,0,0.0,24,48,49,20.95,50,20241017 11:28:25,1082146472
859,56,1082146475,,300717.SZ,1300,1300,14.88,23,48,48,14.88,50,20241017 11:28:26,1082146475
860,57,1082146477,内部错误，请联,600455.SH,900,0,0.0,24,48,49,20.89,50,20241017 11:28:28,1082146477
861,57,1082146478,其他错误,300899.SZ,900,0,0.0,24,48,49,20.95,50,20241017 11:28:28,1082146478
862,56,1082146479,,300717.SZ,1300,1300,14.88,23,48,48,14.88,50,20241017 11:28:27,1082146479
863,57,1082146482,内部错误，请联,600455.SH,900,0,0.0,24,48,49,20.89,50,20241017 11:28:30,1082146482
864,57,1082146495,其他错误,300899.SZ,900,0,0.0,24,48,49,20.95,50,20241017 11:28:29,1082146495
865,56,1082146496,,300717.SZ,1300,1300,14.88,23,48,48,14.88,50,20241017 11:28:30,1082146496
866,57,1082146503,其他错误,300899.SZ,900,0,0.0,24,48,49,20.95,50,20241017 11:28:32,1082146503
867,57,1082146502,内部错误，请联,600455.SH,900,0,0.0,24,48,49,20.89,50,20241017 11:28:32,1082146502
868,56,1082146504,,300717.SZ,1300,1300,14.87,23,48,48,14.87,50,20241017 11:28:32,1082146504
869,57,1082146510,内部错误，请联,600455.SH,900,0,0.0,24,48,49,20.89,50,20241017 11:28:34,1082146510
870,57,1082146513,其他错误,300899.SZ,900,0,0.0,24,48,49,20.95,50,20241017 11:28:34,1082146513
871,56,1082146514,,300717.SZ,1700,1700,14.87,23,48,48,14.87,50,20241017 11:28:33,1082146514
872,57,1082146521,内部错误，请联,600455.SH,900,0,0.0,24,48,49,20.89,50,20241017 11:28:36,1082146521
873,57,1082146523,其他错误,300899.SZ,900,0,0.0,24,48,49,20.95,50,20241017 11:28:36,1082146523
874,57,1082146528,内部错误，请联,600455.SH,900,0,0.0,24,48,49,20.89,50,20241017 11:28:37,1082146528
875,57,1082146533,其他错误,300899.SZ,900,0,0.0,24,48,49,20.95,50,20241017 11:28:38,1082146533
876,57,1082146540,内部错误，请联,600455.SH,900,0,0.0,24,48,49,20.89,50,20241017 11:28:40,1082146540
877,57,1082146542,其他错误,300899.SZ,900,0,0.0,24,48,49,20.95,50,20241017 11:28:40,1082146542
878,57,1082146547,内部错误，请联,600455.SH,900,0,0.0,24,48,49,20.89,50,20241017 11:28:42,1082146547
879,57,1082146548,其他错误,300899.SZ,900,0,0.0,24,48,49,20.95,50,20241017 11:28:42,1082146548
880,57,1082146555,内部错误，请联,600455.SH,900,0,0.0,24,48,49,20.89,50,20241017 11:28:43,1082146555
881,57,1082146556,其他错误,300899.SZ,900,0,0.0,24,48,49,20.95,50,20241017 11:28:44,1082146556
882,57,1082146561,内部错误，请联,600455.SH,900,0,0.0,24,48,49,20.89,50,20241017 11:28:45,1082146561
883,57,1082146564,其他错误,300899.SZ,900,0,0.0,24,48,49,20.95,50,20241017 11:28:46,1082146564
884,57,1082146565,内部错误，请联,600455.SH,900,0,0.0,24,48,49,20.89,50,20241017 11:28:47,1082146565
885,57,1082146566,其他错误,300899.SZ,900,0,0.0,24,48,49,20.95,50,20241017 11:28:47,1082146566
886,57,1082146575,内部错误，请联,600455.SH,900,0,0.0,24,48,49,20.89,50,20241017 11:28:49,1082146575
887,57,1082146585,其他错误,300899.SZ,900,0,0.0,24,48,49,20.95,50,20241017 11:28:49,1082146585
888,57,1082146586,内部错误，请联,600455.SH,900,0,0.0,24,48,49,20.89,50,20241017 11:28:50,1082146586
889,57,1082146587,其他错误,300899.SZ,900,0,0.0,24,48,49,20.95,50,20241017 11:28:50,1082146587
890,57,1082146594,内部错误，请联,600455.SH,900,0,0.0,24,48,49,20.89,50,20241017 11:28:53,1082146594
891,57,1082146598,其他错误,300899.SZ,900,0,0.0,24,48,49,20.95,50,20241017 11:28:56,1082146598
892,57,1082146600,内部错误，请联,600455.SH,900,0,0.0,24,48,49,20.89,50,20241017 11:28:57,1082146600
893,57,1082146601,其他错误,300899.SZ,900,0,0.0,24,48,49,20.95,50,20241017 11:28:57,1082146601
894,57,1082146607,内部错误，请联,600455.SH,900,0,0.0,24,48,49,20.89,50,20241017 11:29:00,1082146607
895,57,1082146608,其他错误,300899.SZ,900,0,0.0,24,48,49,20.95,50,20241017 11:29:00,1082146608
896,57,1082146609,内部错误，请联,600455.SH,900,0,0.0,24,48,49,20.89,50,20241017 11:29:02,1082146609
897,57,1082146610,其他错误,300899.SZ,900,0,0.0,24,48,49,20.95,50,20241017 11:29:02,1082146610
898,57,1082146616,内部错误，请联,600455.SH,900,0,0.0,24,48,49,20.89,50,20241017 11:29:04,1082146616
899,57,1082146619,其他错误,300899.SZ,900,0,0.0,24,48,49,20.95,50,20241017 11:29:05,1082146619
900,57,1082146623,内部错误，请联,600455.SH,900,0,0.0,24,48,49,20.89,50,20241017 11:29:06,1082146623
901,57,1082146642,其他错误,300899.SZ,900,0,0.0,24,48,49,20.95,50,20241017 11:29:10,1082146642
902,57,1082146643,内部错误，请联,600455.SH,900,0,0.0,24,48,49,20.89,50,20241017 11:29:11,1082146643
903,57,1082146644,其他错误,300899.SZ,900,0,0.0,24,48,49,20.95,50,20241017 11:29:12,1082146644
904,57,1082146651,其他错误,300899.SZ,900,0,0.0,24,48,49,20.95,50,20241017 11:29:14,1082146651
905,57,1082146650,内部错误，请联,600455.SH,900,0,0.0,24,48,49,20.89,50,20241017 11:29:14,1082146650
906,57,1082146653,内部错误，请联,600455.SH,900,0,0.0,24,48,49,20.89,50,20241017 11:29:15,1082146653
907,57,1082146654,其他错误,300899.SZ,900,0,0.0,24,48,49,20.95,50,20241017 11:29:15,1082146654
908,57,1082146655,内部错误，请联,600455.SH,900,0,0.0,24,48,49,20.89,50,20241017 11:29:17,1082146655
909,57,1082146657,其他错误,300899.SZ,900,0,0.0,24,48,49,20.95,50,20241017 11:29:18,1082146657
910,57,1082146661,内部错误，请联,600455.SH,900,0,0.0,24,48,49,20.89,50,20241017 11:29:19,1082146661
911,57,1082146662,其他错误,300899.SZ,900,0,0.0,24,48,49,20.95,50,20241017 11:29:19,1082146662
912,57,1082146664,内部错误，请联,600455.SH,900,0,0.0,24,48,49,20.89,50,20241017 11:29:21,1082146664
913,57,1082146665,其他错误,300899.SZ,900,0,0.0,24,48,49,20.95,50,20241017 11:29:21,1082146665
914,57,1082146669,内部错误，请联,600455.SH,900,0,0.0,24,48,49,20.89,50,20241017 11:29:22,1082146669
915,57,1082146670,其他错误,300899.SZ,900,0,0.0,24,48,49,20.95,50,20241017 11:29:23,1082146670
916,57,1082146672,内部错误，请联,600455.SH,900,0,0.0,24,48,49,20.89,50,20241017 11:29:24,1082146672
917,57,1082146673,其他错误,300899.SZ,900,0,0.0,24,48,49,20.95,50,20241017 11:29:24,1082146673
918,57,1082146677,内部错误，请联,600455.SH,900,0,0.0,24,48,49,20.89,50,20241017 11:29:27,1082146677
919,56,1082146742,,300478.SZ,23000,23000,8.58,23,48,48,8.58,50,20241017 11:29:47,1082146742
920,56,1082146744,,002188.SZ,44000,44000,4.5,23,48,48,4.5,50,20241017 11:29:46,1082146744
921,56,1082146743,,600493.SH,42000,42000,4.75,23,48,48,4.75,50,20241017 11:29:47,1082146743
922,56,1082146745,,300995.SZ,12000,12000,15.75,23,48,48,15.75,50,20241017 11:29:47,1082146745
923,56,1082146747,,000638.SZ,46000,46000,4.3,23,48,48,4.3,50,20241017 11:29:48,1082146747
924,56,1082146748,,002295.SZ,34000,34000,5.73,23,48,48,5.73,50,20241017 11:29:47,1082146748
925,56,1082146749,,300955.SZ,13000,13000,14.47,23,48,48,14.47,50,20241017 11:29:48,1082146749
926,56,1082146750,,002853.SZ,25000,25000,7.95,23,48,48,7.95,50,20241017 11:29:48,1082146750
927,56,1082146753,,301027.SZ,19000,19000,10.08,23,48,48,10.08,50,20241017 11:29:49,1082146753
928,56,1082146754,,300948.SZ,18000,18000,10.75,23,48,48,10.75,50,20241017 11:29:48,1082146754
929,56,1082146757,,300931.SZ,31000,31000,6.33,23,48,48,6.33,50,20241017 11:29:49,1082146757
930,56,1082146758,,300955.SZ,13000,13000,14.47,23,48,48,14.47,50,20241017 11:29:50,1082146758
931,56,1082146759,,300995.SZ,12000,12000,15.75,23,48,48,15.75,50,20241017 11:29:50,1082146759
932,56,1082146761,,301027.SZ,19000,19000,10.08,23,48,48,10.08,50,20241017 11:29:51,1082146761
933,56,1082146762,,300948.SZ,18000,18000,10.75,23,48,48,10.75,50,20241017 11:29:50,1082146762
934,56,1082146763,,002295.SZ,34000,34000,5.73,23,48,48,5.73,50,20241017 11:29:51,1082146763
935,56,1082146764,,300931.SZ,31000,31000,6.33,23,48,48,6.33,50,20241017 11:29:50,1082146764
936,56,1082146767,,300478.SZ,23000,23000,8.57,23,48,48,8.57,50,20241017 11:29:52,1082146767
937,56,1082146768,,000638.SZ,46000,46000,4.3,23,48,48,4.3,50,20241017 11:29:51,1082146768
938,56,1082146769,,002188.SZ,44000,44000,4.5,23,48,48,4.5,50,20241017 11:29:52,1082146769
939,56,1082146770,,002853.SZ,25000,25000,7.95,23,48,48,7.95,50,20241017 11:29:53,1082146770
940,56,1082146781,,600493.SH,42000,42000,4.75,23,48,48,4.75,50,20241017 11:29:54,1082146781
941,56,1082146783,,300955.SZ,1300,1300,14.47,23,48,48,14.47,50,20241017 11:29:56,1082146783
942,56,1082146784,,300995.SZ,1200,1200,15.75,23,48,48,15.75,50,20241017 11:29:56,1082146784
943,56,1082146785,,301027.SZ,1900,1900,10.08,23,48,48,10.08,50,20241017 11:29:57,1082146785
944,56,1082146787,,002295.SZ,3400,3400,5.73,23,48,48,5.73,50,20241017 11:29:57,1082146787
945,56,1082146786,,300948.SZ,1800,1800,10.75,23,48,48,10.75,50,20241017 11:29:57,1082146786
946,56,1082146788,,300931.SZ,3100,3100,6.33,23,48,48,6.33,50,20241017 11:29:57,1082146788
947,56,1082146789,,300478.SZ,2300,2300,8.57,23,48,48,8.57,50,20241017 11:29:57,1082146789
948,56,1082146790,,000638.SZ,4600,4600,4.3,23,48,48,4.3,50,20241017 11:29:58,1082146790
949,56,1082146793,,002853.SZ,2500,2500,7.95,23,48,48,7.95,50,20241017 11:29:57,1082146793
950,56,1082146794,,600493.SH,4200,4200,4.75,23,48,48,4.75,50,20241017 11:29:58,1082146794
951,56,1082146792,,002188.SZ,4400,4400,4.5,23,48,48,4.5,50,20241017 11:29:58,1082146792
952,56,1082146798,,300955.SZ,1300,1300,14.47,23,48,48,14.47,50,20241017 11:29:59,1082146798
953,56,1082146799,,301027.SZ,1900,1900,10.08,23,48,48,10.08,50,20241017 11:30:00,1082146799
954,56,1082146804,,002295.SZ,3400,3400,5.73,23,48,48,5.73,50,20241017 11:30:00,1082146804
955,56,1082146805,,300931.SZ,3100,3100,6.33,23,48,48,6.33,50,20241017 11:30:00,1082146805
956,56,1082146803,,300948.SZ,1800,1800,10.75,23,48,48,10.75,50,20241017 11:30:00,1082146803
957,56,1082146806,,300478.SZ,2300,2300,8.57,23,48,48,8.57,50,20241017 11:30:01,1082146806
958,56,1082146807,,000638.SZ,4600,4600,4.3,23,48,48,4.3,50,20241017 11:30:01,1082146807
959,56,1082146808,,002188.SZ,4400,4400,4.5,23,48,48,4.5,50,20241017 11:30:00,1082146808
960,56,1082146809,,002853.SZ,2500,2500,7.95,23,48,48,7.95,50,20241017 11:30:01,1082146809
961,56,1082146810,,600493.SH,4200,4200,4.75,23,48,48,4.75,50,20241017 11:30:02,1082146810
962,57,1082146813,内部错误，请联,600455.SH,900,0,0.0,24,48,49,20.830000000000002,50,20241017 11:30:03,1082146813
963,56,1082146814,,300995.SZ,1200,1200,15.74,23,48,48,15.74,50,20241017 11:30:03,1082146814
964,56,1082146815,,300955.SZ,1300,1300,14.47,23,48,48,14.47,50,20241017 11:30:03,1082146815
965,56,1082146816,,301027.SZ,1900,1900,10.08,23,48,48,10.08,50,20241017 11:30:03,1082146816
966,56,1082146818,,002295.SZ,3400,3400,5.73,23,48,48,5.73,50,20241017 11:30:03,1082146818
967,56,1082146817,,300948.SZ,1800,1800,10.75,23,48,48,10.75,50,20241017 11:30:04,1082146817
968,56,1082146820,,300931.SZ,3100,3100,6.33,23,48,48,6.33,50,20241017 11:30:04,1082146820
969,56,1082146821,,300478.SZ,2300,2300,8.57,23,48,48,8.57,50,20241017 11:30:04,1082146821
970,56,1082146822,,000638.SZ,4600,4600,4.3,23,48,48,4.3,50,20241017 11:30:04,1082146822
971,56,1082146823,,002188.SZ,4400,4400,4.5,23,48,48,4.5,50,20241017 11:30:04,1082146823
972,56,1082146824,,002853.SZ,2500,2500,7.95,23,48,48,7.95,50,20241017 11:30:05,1082146824
973,56,1082146825,,600493.SH,4200,4200,4.75,23,48,48,4.75,50,20241017 11:30:04,1082146825
974,56,1082146826,,001211.SZ,12000,12000,16.45,23,48,48,16.45,50,20241017 11:30:08,1082146826
975,56,1082146828,,300955.SZ,1300,1300,14.47,23,48,48,14.47,50,20241017 11:30:07,1082146828
976,56,1082146829,,301027.SZ,1900,1900,10.08,23,48,48,10.08,50,20241017 11:30:07,1082146829
977,56,1082146827,,300995.SZ,1200,1200,15.74,23,48,48,15.74,50,20241017 11:30:08,1082146827
978,56,1082146830,,300948.SZ,1800,1800,10.75,23,48,48,10.75,50,20241017 11:30:09,1082146830
979,56,1082146831,,002295.SZ,3400,3400,5.73,23,48,48,5.73,50,20241017 11:30:09,1082146831
980,56,1082146832,,300931.SZ,3100,3100,6.33,23,48,48,6.33,50,20241017 11:30:09,1082146832
981,56,1082146833,,000638.SZ,4600,4600,4.3,23,48,48,4.3,50,20241017 11:30:10,1082146833
982,56,1082146834,,002188.SZ,4400,4400,4.5,23,48,48,4.5,50,20241017 11:30:09,1082146834
983,56,1082146835,,002853.SZ,2500,2500,7.96,23,48,48,7.96,50,20241017 11:30:09,1082146835
984,56,1082146836,,600493.SH,4200,4200,4.75,23,48,48,4.75,50,20241017 11:30:10,1082146836
985,56,1082146837,,301098.SZ,23000,23000,8.41,23,48,48,8.41,50,20241017 11:30:11,1082146837
986,56,1082146838,,001211.SZ,12000,12000,16.45,23,48,48,16.45,50,20241017 11:30:11,1082146838
987,56,1082146839,,300995.SZ,1200,1200,15.74,23,48,48,15.74,50,20241017 11:30:12,1082146839
988,56,1082146840,,300955.SZ,1300,1300,14.47,23,48,48,14.47,50,20241017 11:30:12,1082146840
989,56,1082146841,,301027.SZ,1900,1900,10.07,23,48,48,10.07,50,20241017 11:30:12,1082146841
990,56,1082146842,,300948.SZ,1800,1800,10.75,23,48,48,10.75,50,20241017 11:30:13,1082146842
991,56,1082146843,,300931.SZ,3100,3100,6.34,23,48,48,6.34,50,20241017 11:30:14,1082146843
992,56,1082146846,,600493.SH,4200,4200,4.75,23,48,48,4.75,50,20241017 11:30:15,1082146846
993,56,1082146845,,002188.SZ,4400,4400,4.5,23,48,48,4.5,50,20241017 11:30:16,1082146845
994,56,1082146844,,000638.SZ,4600,4600,4.31,23,48,48,4.3100000000000005,50,20241017 11:30:16,1082146844
995,57,1082146847,内部错误，请联,600455.SH,900,0,0.0,24,48,49,20.84,50,20241017 11:30:17,1082146847
996,56,1082146848,,600768.SH,23000,23000,8.61,23,48,48,8.61,50,20241017 11:30:18,1082146848
997,56,1082146849,,001336.SZ,11000,11000,17.37,23,48,48,17.37,50,20241017 11:30:18,1082146849
998,56,1082146850,,301098.SZ,23000,23000,8.41,23,48,48,8.41,50,20241017 11:30:18,1082146850
999,56,1082146851,,001211.SZ,1200,1200,16.45,23,48,48,16.45,50,20241017 11:30:19,1082146851
1000,56,1082146852,,300995.SZ,1200,1200,15.75,23,48,48,15.75,50,20241017 11:30:18,1082146852
1001,56,1082146853,,300478.SZ,2300,2300,8.58,23,48,48,8.58,50,20241017 11:30:19,1082146853
1002,56,1082146854,,301027.SZ,1900,1900,10.07,23,48,48,10.07,50,20241017 11:30:18,1082146854
1003,56,1082146855,,300948.SZ,1800,1800,10.75,23,48,48,10.75,50,20241017 11:30:20,1082146855
1004,56,1082146856,,300931.SZ,3100,3100,6.34,23,48,48,6.34,50,20241017 11:30:20,1082146856
1005,56,1082146857,,000638.SZ,4600,4600,4.31,23,48,48,4.3100000000000005,50,20241017 11:30:20,1082146857
1006,56,1082146858,,600493.SH,4200,4200,4.75,23,48,48,4.75,50,20241017 11:30:19,1082146858
1007,56,1082146859,,001336.SZ,11000,11000,17.37,23,48,48,17.37,50,20241017 11:30:22,1082146859
1008,56,1082146860,,600768.SH,23000,23000,8.61,23,48,48,8.61,50,20241017 11:30:21,1082146860
1009,56,1082146861,,301098.SZ,2300,2300,8.41,23,48,48,8.41,50,20241017 11:30:21,1082146861
1010,56,1082146862,,001211.SZ,1200,1200,16.45,23,48,48,16.45,50,20241017 11:30:21,1082146862
1011,56,1082146863,,300995.SZ,1200,1200,15.75,23,48,48,15.75,50,20241017 11:30:22,1082146863
1012,56,1082146864,,300478.SZ,2300,2300,8.58,23,48,48,8.58,50,20241017 11:30:22,1082146864
1013,56,1082146865,,301027.SZ,1900,1900,10.07,23,48,48,10.07,50,20241017 11:30:22,1082146865
1014,56,1082146866,,300948.SZ,1800,1800,10.75,23,48,48,10.75,50,20241017 11:30:22,1082146866
1015,56,1082146867,,300931.SZ,3100,3100,6.34,23,48,48,6.34,50,20241017 11:30:23,1082146867
1016,56,1082146868,,000638.SZ,4600,4600,4.31,23,48,48,4.31,50,20241017 11:30:22,1082146868
1017,56,1082146869,,600493.SH,4200,4200,4.75,23,48,48,4.75,50,20241017 11:30:23,1082146869
1018,57,1082146870,内部错误，请联,600455.SH,900,0,0.0,24,48,49,20.93,50,20241017 11:30:25,1082146870
1019,55,1082146871,,001336.SZ,1100,500,17.37,23,48,48,17.37,50,20241017 11:30:28,1082146871
1020,56,1082146873,,301098.SZ,2300,2300,8.41,23,48,48,8.41,50,20241017 11:30:32,1082146873
1021,56,1082146874,,001211.SZ,1200,1200,16.45,23,48,48,16.45,50,20241017 11:30:32,1082146874
1022,56,1082146872,,600768.SH,2300,2300,8.61,23,48,48,8.61,50,20241017 11:30:32,1082146872
1023,56,1082146877,,300931.SZ,3100,3100,6.34,23,48,48,6.34,50,20241017 11:30:31,1082146877
1024,56,1082146875,,300478.SZ,2300,2300,8.58,23,48,48,8.58,50,20241017 11:30:32,1082146875
1025,56,1082146876,,301027.SZ,1900,1900,10.07,23,48,48,10.07,50,20241017 11:30:31,1082146876
1026,56,1082146879,,600493.SH,4200,4200,4.75,23,48,48,4.75,50,20241017 11:30:32,1082146879
1027,56,1082146878,,000638.SZ,4600,4600,4.31,23,48,48,4.31,50,20241017 11:30:32,1082146878
1028,57,1082146880,内部错误，请联,600455.SH,900,0,0.0,24,48,49,20.93,50,20241017 11:30:34,1082146880
1029,55,1082146881,,001336.SZ,1100,500,17.37,23,48,48,17.37,50,20241017 11:30:33,1082146881
1030,56,1082146882,,600768.SH,2300,2300,8.61,23,48,48,8.61,50,20241017 11:30:34,1082146882
1031,56,1082146883,,301098.SZ,2300,2300,8.41,23,48,48,8.41,50,20241017 11:30:34,1082146883
1032,56,1082146884,,001211.SZ,1200,1200,16.45,23,48,48,16.45,50,20241017 11:30:34,1082146884
1033,56,1082146885,,300478.SZ,2300,2300,8.58,23,48,48,8.58,50,20241017 11:30:35,1082146885
1034,57,1082146886,内部错误，请联,600455.SH,900,0,0.0,24,48,49,20.94,50,20241017 11:31:41,1082146886
1035,57,1082146887,内部错误，请联,600455.SH,900,0,0.0,24,48,49,20.94,50,20241017 11:31:45,1082146887
1036,57,1082146888,内部错误，请联,600455.SH,900,0,0.0,24,48,49,20.94,50,20241017 11:31:46,1082146888
1037,57,1082146889,内部错误，请联,600455.SH,900,0,0.0,24,48,49,20.94,50,20241017 11:31:50,1082146889
1038,57,1082146890,内部错误，请联,600455.SH,900,0,0.0,24,48,49,20.94,50,20241017 11:31:52,1082146890
1039,57,1082146891,内部错误，请联,600455.SH,900,0,0.0,24,48,49,20.95,50,20241017 11:31:55,1082146891
1040,56,1082146892,,300321.SZ,12000,12000,16.55,23,48,48,16.55,50,20241017 11:31:55,1082146892
1041,57,1082146893,内部错误，请联,600455.SH,900,0,0.0,24,48,49,20.95,50,20241017 11:31:57,1082146893
1042,56,1082146894,,300321.SZ,12000,12000,16.55,23,48,48,16.55,50,20241017 11:31:58,1082146894
1043,56,1082146895,,300321.SZ,1200,1200,16.55,23,48,48,16.55,50,20241017 11:32:02,1082146895
1044,56,1082146896,,300321.SZ,1200,1200,16.55,23,48,48,16.55,50,20241017 11:32:04,1082146896
1045,57,1082146897,内部错误，请联,600455.SH,900,0,0.0,24,48,49,20.95,50,20241017 11:32:08,1082146897
1046,56,1082146898,,300321.SZ,1200,1200,16.55,23,48,48,16.55,50,20241017 11:32:09,1082146898
1047,57,1082146899,内部错误，请联,600455.SH,900,0,0.0,24,48,49,20.95,50,20241017 11:32:11,1082146899
1048,56,1082146900,,300321.SZ,1200,1200,16.55,23,48,48,16.55,50,20241017 11:32:10,1082146900
1049,57,1082146901,内部错误，请联,600455.SH,900,0,0.0,24,48,49,20.94,50,20241017 11:32:15,1082146901
1050,57,1082146902,内部错误，请联,600455.SH,900,0,0.0,24,48,49,20.94,50,20241017 11:32:17,1082146902
1051,57,1082146903,内部错误，请联,600455.SH,900,0,0.0,24,48,49,20.94,50,20241017 11:32:21,1082146903
1052,57,1082146904,内部错误，请联,600455.SH,900,0,0.0,24,48,49,20.94,50,20241017 11:32:23,1082146904
1053,57,1082146905,内部错误，请联,600455.SH,900,0,0.0,24,48,49,20.94,50,20241017 11:32:27,1082146905
1054,57,1082146906,内部错误，请联,600455.SH,900,0,0.0,24,48,49,20.94,50,20241017 11:32:29,1082146906
1055,57,1082146907,内部错误，请联,600455.SH,900,0,0.0,24,48,49,20.84,50,20241017 11:32:33,1082146907
1056,57,1082146908,内部错误，请联,600455.SH,900,0,0.0,24,48,49,20.84,50,20241017 11:32:35,1082146908
1057,57,1082146909,内部错误，请联,600455.SH,900,0,0.0,24,48,49,20.84,50,20241017 11:32:40,1082146909
1058,57,1082146911,内部错误，请联,600455.SH,900,0,0.0,24,48,49,20.85,50,20241017 11:32:47,1082146911
1059,57,1082146912,内部错误，请联,600455.SH,900,0,0.0,24,48,49,20.85,50,20241017 11:32:49,1082146912
1060,57,1082146913,内部错误，请联,600455.SH,900,0,0.0,24,48,49,20.85,50,20241017 11:32:54,1082146913
1061,57,1082146923,内部错误，请联,600455.SH,900,0,0.0,24,48,49,20.98,50,20241017 11:34:50,1082146923
1062,57,1082146924,内部错误，请联,600455.SH,900,0,0.0,24,48,49,21.1,50,20241017 11:35:43,1082146924
1063,57,1082146925,其他错误,300886.SZ,900,0,0.0,24,48,49,20.18,50,20241017 11:35:43,1082146925
1064,57,1082146926,其他错误,300899.SZ,900,0,0.0,24,48,49,21.02,50,20241017 11:35:44,1082146926
1065,57,1082146927,内部错误，请联,600455.SH,900,0,0.0,24,48,49,21.1,50,20241017 11:36:13,1082146927
1066,57,1082146928,其他错误,300886.SZ,900,0,0.0,24,48,49,20.18,50,20241017 11:36:14,1082146928
1067,57,1082146929,其他错误,300899.SZ,900,0,0.0,24,48,49,21.02,50,20241017 11:36:14,1082146929
1068,57,1082146930,内部错误，请联,600455.SH,900,0,0.0,24,48,49,21.1,50,20241017 11:36:47,1082146930
1069,57,1082146931,其他错误,300886.SZ,900,0,0.0,24,48,49,20.18,50,20241017 11:36:47,1082146931
1070,57,1082146932,其他错误,300899.SZ,900,0,0.0,24,48,49,21.02,50,20241017 11:36:47,1082146932
